{"metadata":{"usedHelpers":[],"marked":[],"modules":{"imports":[],"exports":{"exported":[],"specifiers":[]}}},"options":{"filename":"/client/lib/compatibility/slicklab/js/jquery-migrate.js","filenameRelative":"/client/lib/compatibility/slicklab/js/jquery-migrate.js","env":{},"retainLines":false,"highlightCode":true,"suppressDeprecationMessages":false,"presets":[],"plugins":[[[],null],[[],null],[[],null],[[],null],[[],null],[[],null],[[],null],[[],{"polyfill":false}],[[],null],[[],null],[[],null],[[],null],[[],null],[[],null],[[],null],[[],null],[[],{"loose":true}],[[],{"loose":true}],[[],null],[[],{"loose":true}],[[],null],[[],null],[[],{"allowTopLevelThis":true,"strict":false,"loose":true}],[[],null],[[],null],[[],null],[[],null],[[],null],[[],{"loose":true}],[[],null],[[],null],[[],null],[[],null],[[],null],[[],null],[[],null],[[],null]],"ignore":[],"code":true,"metadata":true,"ast":false,"comments":true,"compact":false,"minified":false,"sourceMap":true,"sourceMaps":true,"sourceMapTarget":"/client/lib/compatibility/slicklab/js/jquery-migrate.js.map","sourceFileName":"/client/lib/compatibility/slicklab/js/jquery-migrate.js","babelrc":false,"sourceType":"module","moduleIds":false,"passPerPreset":false,"basename":"jquery-migrate"},"ignored":false,"code":"/*! jQuery Migrate v1.2.1 | (c) 2005, 2013 jQuery Foundation, Inc. and other contributors | jquery.org/license */\njQuery.migrateMute === void 0 && (jQuery.migrateMute = !0), function (e, t, n) {\n  function r(n) {\n    var r = t.console;i[n] || (i[n] = !0, e.migrateWarnings.push(n), r && r.warn && !e.migrateMute && (r.warn(\"JQMIGRATE: \" + n), e.migrateTrace && r.trace && r.trace()));\n  }function a(t, a, i, o) {\n    if (Object.defineProperty) try {\n      return Object.defineProperty(t, a, { configurable: !0, enumerable: !0, get: function () {\n          function get() {\n            return r(o), i;\n          }\n\n          return get;\n        }(), set: function () {\n          function set(e) {\n            r(o), i = e;\n          }\n\n          return set;\n        }() }), n;\n    } catch (s) {}e._definePropertyBroken = !0, t[a] = i;\n  }var i = {};e.migrateWarnings = [], !e.migrateMute && t.console && t.console.log && t.console.log(\"JQMIGRATE: Logging is active\"), e.migrateTrace === n && (e.migrateTrace = !0), e.migrateReset = function () {\n    i = {}, e.migrateWarnings.length = 0;\n  }, \"BackCompat\" === document.compatMode && r(\"jQuery is not compatible with Quirks Mode\");var o = e(\"<input/>\", { size: 1 }).attr(\"size\") && e.attrFn,\n      s = e.attr,\n      u = e.attrHooks.value && e.attrHooks.value.get || function () {\n    return null;\n  },\n      c = e.attrHooks.value && e.attrHooks.value.set || function () {\n    return n;\n  },\n      l = /^(?:input|button)$/i,\n      d = /^[238]$/,\n      p = /^(?:autofocus|autoplay|async|checked|controls|defer|disabled|hidden|loop|multiple|open|readonly|required|scoped|selected)$/i,\n      f = /^(?:checked|selected)$/i;a(e, \"attrFn\", o || {}, \"jQuery.attrFn is deprecated\"), e.attr = function (t, a, i, u) {\n    var c = a.toLowerCase(),\n        g = t && t.nodeType;return u && (4 > s.length && r(\"jQuery.fn.attr( props, pass ) is deprecated\"), t && !d.test(g) && (o ? a in o : e.isFunction(e.fn[a]))) ? e(t)[a](i) : (\"type\" === a && i !== n && l.test(t.nodeName) && t.parentNode && r(\"Can't change the 'type' of an input or button in IE 6/7/8\"), !e.attrHooks[c] && p.test(c) && (e.attrHooks[c] = { get: function () {\n        function get(t, r) {\n          var a,\n              i = e.prop(t, r);return i === !0 || \"boolean\" != typeof i && (a = t.getAttributeNode(r)) && a.nodeValue !== !1 ? r.toLowerCase() : n;\n        }\n\n        return get;\n      }(), set: function () {\n        function set(t, n, r) {\n          var a;return n === !1 ? e.removeAttr(t, r) : (a = e.propFix[r] || r, a in t && (t[a] = !0), t.setAttribute(r, r.toLowerCase())), r;\n        }\n\n        return set;\n      }() }, f.test(c) && r(\"jQuery.fn.attr('\" + c + \"') may use property instead of attribute\")), s.call(e, t, a, i));\n  }, e.attrHooks.value = { get: function () {\n      function get(e, t) {\n        var n = (e.nodeName || \"\").toLowerCase();return \"button\" === n ? u.apply(this, arguments) : (\"input\" !== n && \"option\" !== n && r(\"jQuery.fn.attr('value') no longer gets properties\"), t in e ? e.value : null);\n      }\n\n      return get;\n    }(), set: function () {\n      function set(e, t) {\n        var a = (e.nodeName || \"\").toLowerCase();return \"button\" === a ? c.apply(this, arguments) : (\"input\" !== a && \"option\" !== a && r(\"jQuery.fn.attr('value', val) no longer sets properties\"), e.value = t, n);\n      }\n\n      return set;\n    }() };var g,\n      h,\n      v = e.fn.init,\n      m = e.parseJSON,\n      y = /^([^<]*)(<[\\w\\W]+>)([^>]*)$/;e.fn.init = function (t, n, a) {\n    var i;return t && \"string\" == typeof t && !e.isPlainObject(n) && (i = y.exec(e.trim(t))) && i[0] && (\"<\" !== t.charAt(0) && r(\"$(html) HTML strings must start with '<' character\"), i[3] && r(\"$(html) HTML text after last tag is ignored\"), \"#\" === i[0].charAt(0) && (r(\"HTML string cannot start with a '#' character\"), e.error(\"JQMIGRATE: Invalid selector string (XSS)\")), n && n.context && (n = n.context), e.parseHTML) ? v.call(this, e.parseHTML(i[2], n, !0), n, a) : v.apply(this, arguments);\n  }, e.fn.init.prototype = e.fn, e.parseJSON = function (e) {\n    return e || null === e ? m.apply(this, arguments) : (r(\"jQuery.parseJSON requires a valid JSON string\"), null);\n  }, e.uaMatch = function (e) {\n    e = e.toLowerCase();var t = /(chrome)[ \\/]([\\w.]+)/.exec(e) || /(webkit)[ \\/]([\\w.]+)/.exec(e) || /(opera)(?:.*version|)[ \\/]([\\w.]+)/.exec(e) || /(msie) ([\\w.]+)/.exec(e) || 0 > e.indexOf(\"compatible\") && /(mozilla)(?:.*? rv:([\\w.]+)|)/.exec(e) || [];return { browser: t[1] || \"\", version: t[2] || \"0\" };\n  }, e.browser || (g = e.uaMatch(navigator.userAgent), h = {}, g.browser && (h[g.browser] = !0, h.version = g.version), h.chrome ? h.webkit = !0 : h.webkit && (h.safari = !0), e.browser = h), a(e, \"browser\", e.browser, \"jQuery.browser is deprecated\"), e.sub = function () {\n    function t(e, n) {\n      return new t.fn.init(e, n);\n    }e.extend(!0, t, this), t.superclass = this, t.fn = t.prototype = this(), t.fn.constructor = t, t.sub = this.sub, t.fn.init = function (r, a) {\n      return a && a instanceof e && !(a instanceof t) && (a = t(a)), e.fn.init.call(this, r, a, n);\n    }, t.fn.init.prototype = t.fn;var n = t(document);return r(\"jQuery.sub() is deprecated\"), t;\n  }, e.ajaxSetup({ converters: { \"text json\": e.parseJSON } });var b = e.fn.data;e.fn.data = function (t) {\n    var a,\n        i,\n        o = this[0];return !o || \"events\" !== t || 1 !== arguments.length || (a = e.data(o, t), i = e._data(o, t), a !== n && a !== i || i === n) ? b.apply(this, arguments) : (r(\"Use of jQuery.fn.data('events') is deprecated\"), i);\n  };var j = /\\/(java|ecma)script/i,\n      w = e.fn.andSelf || e.fn.addBack;e.fn.andSelf = function () {\n    return r(\"jQuery.fn.andSelf() replaced by jQuery.fn.addBack()\"), w.apply(this, arguments);\n  }, e.clean || (e.clean = function (t, a, i, o) {\n    a = a || document, a = !a.nodeType && a[0] || a, a = a.ownerDocument || a, r(\"jQuery.clean() is deprecated\");var s,\n        u,\n        c,\n        l,\n        d = [];if (e.merge(d, e.buildFragment(t, a).childNodes), i) for (c = function c(e) {\n      return !e.type || j.test(e.type) ? o ? o.push(e.parentNode ? e.parentNode.removeChild(e) : e) : i.appendChild(e) : n;\n    }, s = 0; null != (u = d[s]); s++) {\n      e.nodeName(u, \"script\") && c(u) || (i.appendChild(u), u.getElementsByTagName !== n && (l = e.grep(e.merge([], u.getElementsByTagName(\"script\")), c), d.splice.apply(d, [s + 1, 0].concat(l)), s += l.length));\n    }return d;\n  });var Q = e.event.add,\n      x = e.event.remove,\n      k = e.event.trigger,\n      N = e.fn.toggle,\n      T = e.fn.live,\n      M = e.fn.die,\n      S = \"ajaxStart|ajaxStop|ajaxSend|ajaxComplete|ajaxError|ajaxSuccess\",\n      C = RegExp(\"\\\\b(?:\" + S + \")\\\\b\"),\n      H = /(?:^|\\s)hover(\\.\\S+|)\\b/,\n      A = function A(t) {\n    return \"string\" != typeof t || e.event.special.hover ? t : (H.test(t) && r(\"'hover' pseudo-event is deprecated, use 'mouseenter mouseleave'\"), t && t.replace(H, \"mouseenter$1 mouseleave$1\"));\n  };e.event.props && \"attrChange\" !== e.event.props[0] && e.event.props.unshift(\"attrChange\", \"attrName\", \"relatedNode\", \"srcElement\"), e.event.dispatch && a(e.event, \"handle\", e.event.dispatch, \"jQuery.event.handle is undocumented and deprecated\"), e.event.add = function (e, t, n, a, i) {\n    e !== document && C.test(t) && r(\"AJAX events should be attached to document: \" + t), Q.call(this, e, A(t || \"\"), n, a, i);\n  }, e.event.remove = function (e, t, n, r, a) {\n    x.call(this, e, A(t) || \"\", n, r, a);\n  }, e.fn.error = function () {\n    var e = Array.prototype.slice.call(arguments, 0);return r(\"jQuery.fn.error() is deprecated\"), e.splice(0, 0, \"error\"), arguments.length ? this.bind.apply(this, e) : (this.triggerHandler.apply(this, e), this);\n  }, e.fn.toggle = function (t, n) {\n    if (!e.isFunction(t) || !e.isFunction(n)) return N.apply(this, arguments);r(\"jQuery.fn.toggle(handler, handler...) is deprecated\");var a = arguments,\n        i = t.guid || e.guid++,\n        o = 0,\n        s = function s(n) {\n      var r = (e._data(this, \"lastToggle\" + t.guid) || 0) % o;return e._data(this, \"lastToggle\" + t.guid, r + 1), n.preventDefault(), a[r].apply(this, arguments) || !1;\n    };for (s.guid = i; a.length > o;) {\n      a[o++].guid = i;\n    }return this.click(s);\n  }, e.fn.live = function (t, n, a) {\n    return r(\"jQuery.fn.live() is deprecated\"), T ? T.apply(this, arguments) : (e(this.context).on(t, this.selector, n, a), this);\n  }, e.fn.die = function (t, n) {\n    return r(\"jQuery.fn.die() is deprecated\"), M ? M.apply(this, arguments) : (e(this.context).off(t, this.selector || \"**\", n), this);\n  }, e.event.trigger = function (e, t, n, a) {\n    return n || C.test(e) || r(\"Global events are undocumented and deprecated\"), k.call(this, e, t, n || document, a);\n  }, e.each(S.split(\"|\"), function (t, n) {\n    e.event.special[n] = { setup: function () {\n        function setup() {\n          var t = this;return t !== document && (e.event.add(document, n + \".\" + e.guid, function () {\n            e.event.trigger(n, null, t, !0);\n          }), e._data(this, n, e.guid++)), !1;\n        }\n\n        return setup;\n      }(), teardown: function () {\n        function teardown() {\n          return this !== document && e.event.remove(document, n + \".\" + e._data(this, n)), !1;\n        }\n\n        return teardown;\n      }() };\n  });\n}(jQuery, window);","ast":null,"map":{"version":3,"sources":["/client/lib/compatibility/slicklab/js/jquery-migrate.js"],"names":[],"mappings":";AACA,OAAO,WAAP,KAAqB,KAAK,CAAL,KAAS,OAAO,WAAP,GAAmB,CAAC,CAAD,CAAjD,EAAqD,UAAS,CAAT,EAAW,CAAX,EAAa,CAAb,EAAe;AAAC,WAAS,CAAT,CAAW,CAAX,EAAa;AAAC,QAAI,IAAE,EAAE,OAAF,CAAP,CAAiB,CAAE,CAAF,MAAO,EAAE,CAAF,IAAK,CAAC,CAAD,EAAG,EAAE,eAAF,CAAkB,IAAlB,CAAuB,CAAvB,CAAR,EAAkC,KAAG,EAAE,IAAF,IAAQ,CAAC,EAAE,WAAF,KAAgB,EAAE,IAAF,CAAO,gBAAc,CAAd,CAAP,EAAwB,EAAE,YAAF,IAAgB,EAAE,KAAF,IAAS,EAAE,KAAF,EAAzB,CAApD,CAAzC,CAAjB;GAAb,SAAyK,CAAT,CAAW,CAAX,EAAa,CAAb,EAAe,CAAf,EAAiB,CAAjB,EAAmB;AAAC,QAAG,OAAO,cAAP,EAAsB,IAAG;AAAC,aAAO,OAAO,cAAP,CAAsB,CAAtB,EAAwB,CAAxB,EAA0B,EAAC,cAAa,CAAC,CAAD,EAAG,YAAW,CAAC,CAAD,EAAG;AAAI,yBAAU;AAAC,mBAAO,EAAE,CAAF,GAAK,CAAL,CAAR;WAAV;;;WAAJ,EAA8B;AAAI,uBAAS,CAAT,EAAW;AAAC,cAAE,CAAF,GAAK,IAAE,CAAF,CAAN;WAAX;;;WAAJ,EAAvF,GAAmH,CAAnH,CAAR;KAAH,CAAgI,OAAM,CAAN,EAAQ,EAAR,CAAU,CAAE,qBAAF,GAAwB,CAAC,CAAD,EAAG,EAAE,CAAF,IAAK,CAAL,CAA/L;GAAnB,IAA6N,IAAE,EAAF,CAA9X,CAAmY,CAAE,eAAF,GAAkB,EAAlB,EAAqB,CAAC,EAAE,WAAF,IAAe,EAAE,OAAF,IAAW,EAAE,OAAF,CAAU,GAAV,IAAe,EAAE,OAAF,CAAU,GAAV,CAAc,8BAAd,CAA1C,EAAwF,EAAE,YAAF,KAAiB,CAAjB,KAAqB,EAAE,YAAF,GAAe,CAAC,CAAD,CAApC,EAAwC,EAAE,YAAF,GAAe,YAAU;AAAC,QAAE,EAAF,EAAK,EAAE,eAAF,CAAkB,MAAlB,GAAyB,CAAzB,CAAN;GAAV,EAA4C,iBAAe,SAAS,UAAT,IAAqB,EAAE,2CAAF,CAApC,CAAnlB,IAA0qB,IAAE,EAAE,UAAF,EAAa,EAAC,MAAK,CAAL,EAAd,EAAuB,IAAvB,CAA4B,MAA5B,KAAqC,EAAE,MAAF;MAAS,IAAE,EAAE,IAAF;MAAO,IAAE,EAAE,SAAF,CAAY,KAAZ,IAAmB,EAAE,SAAF,CAAY,KAAZ,CAAkB,GAAlB,IAAuB,YAAU;AAAC,WAAO,IAAP,CAAD;GAAV;MAAwB,IAAE,EAAE,SAAF,CAAY,KAAZ,IAAmB,EAAE,SAAF,CAAY,KAAZ,CAAkB,GAAlB,IAAuB,YAAU;AAAC,WAAO,CAAP,CAAD;GAAV;MAAqB,IAAE,qBAAF;MAAwB,IAAE,SAAF;MAAY,IAAE,6HAAF;MAAgI,IAAE,yBAAF,CAA5gC,CAAwiC,CAAE,CAAF,EAAI,QAAJ,EAAa,KAAG,EAAH,EAAM,6BAAnB,GAAkD,EAAE,IAAF,GAAO,UAAS,CAAT,EAAW,CAAX,EAAa,CAAb,EAAe,CAAf,EAAiB;AAAC,QAAI,IAAE,EAAE,WAAF,EAAF;QAAkB,IAAE,KAAG,EAAE,QAAF,CAA5B,OAA8C,MAAI,IAAE,EAAE,MAAF,IAAU,EAAE,6CAAF,CAAZ,EAA6D,KAAG,CAAC,EAAE,IAAF,CAAO,CAAP,CAAD,KAAa,IAAE,KAAK,CAAL,GAAO,EAAE,UAAF,CAAa,EAAE,EAAF,CAAK,CAAL,CAAb,CAAT,CAAhB,CAAjE,GAAkH,EAAE,CAAF,EAAK,CAAL,EAAQ,CAAR,CAAlH,IAA8H,WAAS,CAAT,IAAY,MAAI,CAAJ,IAAO,EAAE,IAAF,CAAO,EAAE,QAAF,CAA1B,IAAuC,EAAE,UAAF,IAAc,EAAE,2DAAF,CAArD,EAAoH,CAAC,EAAE,SAAF,CAAY,CAAZ,CAAD,IAAiB,EAAE,IAAF,CAAO,CAAP,CAAjB,KAA6B,EAAE,SAAF,CAAY,CAAZ,IAAe,EAAC;AAAI,qBAAS,CAAT,EAAW,CAAX,EAAa;AAAC,cAAI,CAAJ;cAAM,IAAE,EAAE,IAAF,CAAO,CAAP,EAAS,CAAT,CAAF,CAAP,OAA4B,MAAI,CAAC,CAAD,IAAI,aAAW,OAAO,CAAP,KAAW,IAAE,EAAE,gBAAF,CAAmB,CAAnB,CAAF,CAAtB,IAAgD,EAAE,SAAF,KAAc,CAAC,CAAD,GAAG,EAAE,WAAF,EAAzE,GAAyF,CAAzF,CAA5B;SAAb;;;SAAJ,EAAyI;AAAI,qBAAS,CAAT,EAAW,CAAX,EAAa,CAAb,EAAe;AAAC,cAAI,CAAJ,CAAD,OAAc,MAAI,CAAC,CAAD,GAAG,EAAE,UAAF,CAAa,CAAb,EAAe,CAAf,CAAP,IAA0B,IAAE,EAAE,OAAF,CAAU,CAAV,KAAc,CAAd,EAAgB,KAAK,CAAL,KAAS,EAAE,CAAF,IAAK,CAAC,CAAD,CAAd,EAAkB,EAAE,YAAF,CAAe,CAAf,EAAiB,EAAE,WAAF,EAAjB,CAApC,CAA1B,EAAiG,CAAjG,CAAd;SAAf;;;SAAJ,EAAzJ,EAA+R,EAAE,IAAF,CAAO,CAAP,KAAW,EAAE,qBAAmB,CAAnB,GAAqB,0CAArB,CAAb,CAA5T,EAA2Y,EAAE,IAAF,CAAO,CAAP,EAAS,CAAT,EAAW,CAAX,EAAa,CAAb,CAA/f,CAA9H,CAA9C;GAAjB,EAA8sB,EAAE,SAAF,CAAY,KAAZ,GAAkB,EAAC;AAAI,mBAAS,CAAT,EAAW,CAAX,EAAa;AAAC,YAAI,IAAE,CAAC,EAAE,QAAF,IAAY,EAAZ,CAAD,CAAiB,WAAjB,EAAF,CAAL,OAA4C,aAAW,CAAX,GAAa,EAAE,KAAF,CAAQ,IAAR,EAAa,SAAb,CAAb,IAAsC,YAAU,CAAV,IAAa,aAAW,CAAX,IAAc,EAAE,mDAAF,CAA3B,EAAkF,KAAK,CAAL,GAAO,EAAE,KAAF,GAAQ,IAAf,CAAxH,CAA5C;OAAb;;;OAAJ,EAA2M;AAAI,mBAAS,CAAT,EAAW,CAAX,EAAa;AAAC,YAAI,IAAE,CAAC,EAAE,QAAF,IAAY,EAAZ,CAAD,CAAiB,WAAjB,EAAF,CAAL,OAA4C,aAAW,CAAX,GAAa,EAAE,KAAF,CAAQ,IAAR,EAAa,SAAb,CAAb,IAAsC,YAAU,CAAV,IAAa,aAAW,CAAX,IAAc,EAAE,wDAAF,CAA3B,EAAuF,EAAE,KAAF,GAAQ,CAAR,EAAU,CAAjG,CAAtC,CAA5C;OAAb;;;OAAJ,EAA9N,CAA/yD,IAA0tE,CAAJ;MAAM,CAAN;MAAQ,IAAE,EAAE,EAAF,CAAK,IAAL;MAAU,IAAE,EAAE,SAAF;MAAY,IAAE,6BAAF,CAAxvE,CAAwxE,CAAE,EAAF,CAAK,IAAL,GAAU,UAAS,CAAT,EAAW,CAAX,EAAa,CAAb,EAAe;AAAC,QAAI,CAAJ,CAAD,OAAc,KAAG,YAAU,OAAO,CAAP,IAAU,CAAC,EAAE,aAAF,CAAgB,CAAhB,CAAD,KAAsB,IAAE,EAAE,IAAF,CAAO,EAAE,IAAF,CAAO,CAAP,CAAP,CAAF,CAA7C,IAAmE,EAAE,CAAF,CAAnE,KAA0E,QAAM,EAAE,MAAF,CAAS,CAAT,CAAN,IAAmB,EAAE,oDAAF,CAAnB,EAA2E,EAAE,CAAF,KAAM,EAAE,6CAAF,CAAN,EAAuD,QAAM,EAAE,CAAF,EAAK,MAAL,CAAY,CAAZ,CAAN,KAAuB,EAAE,+CAAF,GAAmD,EAAE,KAAF,CAAQ,0CAAR,CAAnD,CAAvB,EAA+H,KAAG,EAAE,OAAF,KAAY,IAAE,EAAE,OAAF,CAAjB,EAA4B,EAAE,SAAF,CAAvW,GAAoX,EAAE,IAAF,CAAO,IAAP,EAAY,EAAE,SAAF,CAAY,EAAE,CAAF,CAAZ,EAAiB,CAAjB,EAAmB,CAAC,CAAD,CAA/B,EAAmC,CAAnC,EAAqC,CAArC,CAApX,GAA4Z,EAAE,KAAF,CAAQ,IAAR,EAAa,SAAb,CAA5Z,CAAd;GAAf,EAAkd,EAAE,EAAF,CAAK,IAAL,CAAU,SAAV,GAAoB,EAAE,EAAF,EAAK,EAAE,SAAF,GAAY,UAAS,CAAT,EAAW;AAAC,WAAO,KAAG,SAAO,CAAP,GAAS,EAAE,KAAF,CAAQ,IAAR,EAAa,SAAb,CAAZ,IAAqC,EAAE,+CAAF,GAAmD,IAAnD,CAArC,CAAR;GAAX,EAAkH,EAAE,OAAF,GAAU,UAAS,CAAT,EAAW;AAAC,QAAE,EAAE,WAAF,EAAF,CAAD,IAAuB,IAAE,wBAAwB,IAAxB,CAA6B,CAA7B,KAAiC,wBAAwB,IAAxB,CAA6B,CAA7B,CAAjC,IAAkE,qCAAqC,IAArC,CAA0C,CAA1C,CAAlE,IAAgH,kBAAkB,IAAlB,CAAuB,CAAvB,CAAhH,IAA2I,IAAE,EAAE,OAAF,CAAU,YAAV,CAAF,IAA2B,gCAAgC,IAAhC,CAAqC,CAArC,CAA3B,IAAoE,EAA/M,CAAzB,OAAiP,EAAC,SAAQ,EAAE,CAAF,KAAM,EAAN,EAAS,SAAQ,EAAE,CAAF,KAAM,GAAN,EAAhC,CAA3O;GAAX,EAAkS,EAAE,OAAF,KAAY,IAAE,EAAE,OAAF,CAAU,UAAU,SAAV,CAAZ,EAAiC,IAAE,EAAF,EAAK,EAAE,OAAF,KAAY,EAAE,EAAE,OAAF,CAAF,GAAa,CAAC,CAAD,EAAG,EAAE,OAAF,GAAU,EAAE,OAAF,CAAtC,EAAiD,EAAE,MAAF,GAAS,EAAE,MAAF,GAAS,CAAC,CAAD,GAAG,EAAE,MAAF,KAAW,EAAE,MAAF,GAAS,CAAC,CAAD,CAApB,EAAwB,EAAE,OAAF,GAAU,CAAV,CAAhJ,EAA6J,EAAE,CAAF,EAAI,SAAJ,EAAc,EAAE,OAAF,EAAU,8BAAxB,CAA5jC,EAAonC,EAAE,GAAF,GAAM,YAAU;AAAC,aAAS,CAAT,CAAW,CAAX,EAAa,CAAb,EAAe;AAAC,aAAO,IAAI,EAAE,EAAF,CAAK,IAAL,CAAU,CAAd,EAAgB,CAAhB,CAAP,CAAD;KAAf,CAA0C,CAAE,MAAF,CAAS,CAAC,CAAD,EAAG,CAAZ,EAAc,IAAd,GAAoB,EAAE,UAAF,GAAa,IAAb,EAAkB,EAAE,EAAF,GAAK,EAAE,SAAF,GAAY,MAAZ,EAAmB,EAAE,EAAF,CAAK,WAAL,GAAiB,CAAjB,EAAmB,EAAE,GAAF,GAAM,KAAK,GAAL,EAAS,EAAE,EAAF,CAAK,IAAL,GAAU,UAAS,CAAT,EAAW,CAAX,EAAa;AAAC,aAAO,KAAG,aAAa,CAAb,IAAgB,EAAE,aAAa,CAAb,CAAF,KAAoB,IAAE,EAAE,CAAF,CAAF,CAAvC,EAA+C,EAAE,EAAF,CAAK,IAAL,CAAU,IAAV,CAAe,IAAf,EAAoB,CAApB,EAAsB,CAAtB,EAAwB,CAAxB,CAA/C,CAAR;KAAb,EAAgG,EAAE,EAAF,CAAK,IAAL,CAAU,SAAV,GAAoB,EAAE,EAAF,CAAzQ,IAAkR,IAAE,EAAE,QAAF,CAAF,CAAlR,OAAuS,EAAE,4BAAF,GAAgC,CAAhC,CAAvS;GAAV,EAAoV,EAAE,SAAF,CAAY,EAAC,YAAW,EAAC,aAAY,EAAE,SAAF,EAAxB,EAAb,CAA98C,CAAxxE,IAA8xH,IAAE,EAAE,EAAF,CAAK,IAAL,CAAhyH,CAA0yH,CAAE,EAAF,CAAK,IAAL,GAAU,UAAS,CAAT,EAAW;AAAC,QAAI,CAAJ;QAAM,CAAN;QAAQ,IAAE,KAAK,CAAL,CAAF,CAAT,OAAyB,CAAC,CAAD,IAAI,aAAW,CAAX,IAAc,MAAI,UAAU,MAAV,KAAmB,IAAE,EAAE,IAAF,CAAO,CAAP,EAAS,CAAT,CAAF,EAAc,IAAE,EAAE,KAAF,CAAQ,CAAR,EAAU,CAAV,CAAF,EAAe,MAAI,CAAJ,IAAO,MAAI,CAAJ,IAAO,MAAI,CAAJ,CAApF,GAA2F,EAAE,KAAF,CAAQ,IAAR,EAAa,SAAb,CAA3F,IAAoH,EAAE,+CAAF,GAAmD,CAAnD,CAApH,CAAzB;GAAX,CAApzH,IAAugI,IAAE,sBAAF;MAAyB,IAAE,EAAE,EAAF,CAAK,OAAL,IAAc,EAAE,EAAF,CAAK,OAAL,CAAhjI,CAA6jI,CAAE,EAAF,CAAK,OAAL,GAAa,YAAU;AAAC,WAAO,EAAE,qDAAF,GAAyD,EAAE,KAAF,CAAQ,IAAR,EAAa,SAAb,CAAzD,CAAR;GAAV,EAAoG,EAAE,KAAF,KAAU,EAAE,KAAF,GAAQ,UAAS,CAAT,EAAW,CAAX,EAAa,CAAb,EAAe,CAAf,EAAiB;AAAC,QAAE,KAAG,QAAH,EAAY,IAAE,CAAC,EAAE,QAAF,IAAY,EAAE,CAAF,CAAb,IAAmB,CAAnB,EAAqB,IAAE,EAAE,aAAF,IAAiB,CAAjB,EAAmB,EAAE,8BAAF,CAA1D,CAAD,IAAiG,CAAJ;QAAM,CAAN;QAAQ,CAAR;QAAU,CAAV;QAAY,IAAE,EAAF,CAAzG,IAAiH,EAAE,KAAF,CAAQ,CAAR,EAAU,EAAE,aAAF,CAAgB,CAAhB,EAAkB,CAAlB,EAAqB,UAArB,CAAV,EAA2C,CAA3C,EAA6C,KAAI,IAAE,WAAS,CAAT,EAAW;AAAC,aAAM,CAAC,EAAE,IAAF,IAAQ,EAAE,IAAF,CAAO,EAAE,IAAF,CAAhB,GAAwB,IAAE,EAAE,IAAF,CAAO,EAAE,UAAF,GAAa,EAAE,UAAF,CAAa,WAAb,CAAyB,CAAzB,CAAb,GAAyC,CAAzC,CAAT,GAAqD,EAAE,WAAF,CAAc,CAAd,CAArD,GAAsE,CAA9F,CAAP;KAAX,EAAmH,IAAE,CAAF,EAAI,SAAO,IAAE,EAAE,CAAF,CAAF,CAAP,EAAe,GAA5I;AAAgJ,QAAE,QAAF,CAAW,CAAX,EAAa,QAAb,KAAwB,EAAE,CAAF,CAAxB,KAA+B,EAAE,WAAF,CAAc,CAAd,GAAiB,EAAE,oBAAF,KAAyB,CAAzB,KAA6B,IAAE,EAAE,IAAF,CAAO,EAAE,KAAF,CAAQ,EAAR,EAAW,EAAE,oBAAF,CAAuB,QAAvB,CAAX,CAAP,EAAoD,CAApD,CAAF,EAAyD,EAAE,MAAF,CAAS,KAAT,CAAe,CAAf,EAAiB,CAAC,IAAE,CAAF,EAAI,CAAL,EAAQ,MAAR,CAAe,CAAf,CAAjB,CAAzD,EAA6F,KAAG,EAAE,MAAF,CAA7H,CAAhD;KAAhJ,OAA+U,CAAP,CAAte;GAAjB,CAAlB,CAA9qI,IAAssJ,IAAE,EAAE,KAAF,CAAQ,GAAR;MAAY,IAAE,EAAE,KAAF,CAAQ,MAAR;MAAe,IAAE,EAAE,KAAF,CAAQ,OAAR;MAAgB,IAAE,EAAE,EAAF,CAAK,MAAL;MAAY,IAAE,EAAE,EAAF,CAAK,IAAL;MAAU,IAAE,EAAE,EAAF,CAAK,GAAL;MAAS,IAAE,gEAAF;MAAmE,IAAE,OAAO,WAAS,CAAT,GAAW,MAAX,CAAT;MAA4B,IAAE,yBAAF;MAA4B,IAAE,SAAF,CAAE,CAAS,CAAT,EAAW;AAAC,WAAM,YAAU,OAAO,CAAP,IAAU,EAAE,KAAF,CAAQ,OAAR,CAAgB,KAAhB,GAAsB,CAA1C,IAA6C,EAAE,IAAF,CAAO,CAAP,KAAW,EAAE,iEAAF,CAAX,EAAgF,KAAG,EAAE,OAAF,CAAU,CAAV,EAAY,2BAAZ,CAAH,CAA7H,CAAP;GAAX,CAAz5J,CAAslK,CAAE,KAAF,CAAQ,KAAR,IAAe,iBAAe,EAAE,KAAF,CAAQ,KAAR,CAAc,CAAd,CAAf,IAAiC,EAAE,KAAF,CAAQ,KAAR,CAAc,OAAd,CAAsB,YAAtB,EAAmC,UAAnC,EAA8C,aAA9C,EAA4D,YAA5D,CAAhD,EAA0H,EAAE,KAAF,CAAQ,QAAR,IAAkB,EAAE,EAAE,KAAF,EAAQ,QAAV,EAAmB,EAAE,KAAF,CAAQ,QAAR,EAAiB,oDAApC,CAAlB,EAA4G,EAAE,KAAF,CAAQ,GAAR,GAAY,UAAS,CAAT,EAAW,CAAX,EAAa,CAAb,EAAe,CAAf,EAAiB,CAAjB,EAAmB;AAAC,UAAI,QAAJ,IAAc,EAAE,IAAF,CAAO,CAAP,CAAd,IAAyB,EAAE,iDAA+C,CAA/C,CAA3B,EAA6E,EAAE,IAAF,CAAO,IAAP,EAAY,CAAZ,EAAc,EAAE,KAAG,EAAH,CAAhB,EAAuB,CAAvB,EAAyB,CAAzB,EAA2B,CAA3B,CAA7E,CAAD;GAAnB,EAAgI,EAAE,KAAF,CAAQ,MAAR,GAAe,UAAS,CAAT,EAAW,CAAX,EAAa,CAAb,EAAe,CAAf,EAAiB,CAAjB,EAAmB;AAAC,MAAE,IAAF,CAAO,IAAP,EAAY,CAAZ,EAAc,EAAE,CAAF,KAAM,EAAN,EAAS,CAAvB,EAAyB,CAAzB,EAA2B,CAA3B,EAAD;GAAnB,EAAmD,EAAE,EAAF,CAAK,KAAL,GAAW,YAAU;AAAC,QAAI,IAAE,MAAM,SAAN,CAAgB,KAAhB,CAAsB,IAAtB,CAA2B,SAA3B,EAAqC,CAArC,CAAF,CAAL,OAAsD,EAAE,iCAAF,GAAqC,EAAE,MAAF,CAAS,CAAT,EAAW,CAAX,EAAa,OAAb,CAArC,EAA2D,UAAU,MAAV,GAAiB,KAAK,IAAL,CAAU,KAAV,CAAgB,IAAhB,EAAqB,CAArB,CAAjB,IAA0C,KAAK,cAAL,CAAoB,KAApB,CAA0B,IAA1B,EAA+B,CAA/B,GAAkC,IAAlC,CAA1C,CAAjH;GAAV,EAA8M,EAAE,EAAF,CAAK,MAAL,GAAY,UAAS,CAAT,EAAW,CAAX,EAAa;AAAC,QAAG,CAAC,EAAE,UAAF,CAAa,CAAb,CAAD,IAAkB,CAAC,EAAE,UAAF,CAAa,CAAb,CAAD,EAAiB,OAAO,EAAE,KAAF,CAAQ,IAAR,EAAa,SAAb,CAAP,CAAtC,CAAqE,CAAE,qDAAF,EAAtE,IAAmI,IAAE,SAAF;QAAY,IAAE,EAAE,IAAF,IAAQ,EAAE,IAAF,EAAR;QAAiB,IAAE,CAAF;QAAI,IAAE,SAAF,CAAE,CAAS,CAAT,EAAW;AAAC,UAAI,IAAE,CAAC,EAAE,KAAF,CAAQ,IAAR,EAAa,eAAa,EAAE,IAAF,CAA1B,IAAmC,CAAnC,CAAD,GAAuC,CAAvC,CAAP,OAAuD,EAAE,KAAF,CAAQ,IAAR,EAAa,eAAa,EAAE,IAAF,EAAO,IAAE,CAAF,CAAjC,EAAsC,EAAE,cAAF,EAAtC,EAAyD,EAAE,CAAF,EAAK,KAAL,CAAW,IAAX,EAAgB,SAAhB,KAA4B,CAAC,CAAD,CAA5I;KAAX,CAAxK,KAAuU,EAAE,IAAF,GAAO,CAAP,EAAS,EAAE,MAAF,GAAS,CAAT;AAAY,QAAE,GAAF,EAAO,IAAP,GAAY,CAAZ;KAAzB,OAA8C,KAAK,KAAL,CAAW,CAAX,CAAP,CAA1W;GAAb,EAA6Y,EAAE,EAAF,CAAK,IAAL,GAAU,UAAS,CAAT,EAAW,CAAX,EAAa,CAAb,EAAe;AAAC,WAAO,EAAE,gCAAF,GAAoC,IAAE,EAAE,KAAF,CAAQ,IAAR,EAAa,SAAb,CAAF,IAA2B,EAAE,KAAK,OAAL,CAAF,CAAgB,EAAhB,CAAmB,CAAnB,EAAqB,KAAK,QAAL,EAAc,CAAnC,EAAqC,CAArC,GAAwC,IAAxC,CAA3B,CAA5C;GAAf,EAAqI,EAAE,EAAF,CAAK,GAAL,GAAS,UAAS,CAAT,EAAW,CAAX,EAAa;AAAC,WAAO,EAAE,+BAAF,GAAmC,IAAE,EAAE,KAAF,CAAQ,IAAR,EAAa,SAAb,CAAF,IAA2B,EAAE,KAAK,OAAL,CAAF,CAAgB,GAAhB,CAAoB,CAApB,EAAsB,KAAK,QAAL,IAAe,IAAf,EAAoB,CAA1C,GAA6C,IAA7C,CAA3B,CAA3C;GAAb,EAAuI,EAAE,KAAF,CAAQ,OAAR,GAAgB,UAAS,CAAT,EAAW,CAAX,EAAa,CAAb,EAAe,CAAf,EAAiB;AAAC,WAAO,KAAG,EAAE,IAAF,CAAO,CAAP,CAAH,IAAc,EAAE,+CAAF,CAAd,EAAiE,EAAE,IAAF,CAAO,IAAP,EAAY,CAAZ,EAAc,CAAd,EAAgB,KAAG,QAAH,EAAY,CAA5B,CAAjE,CAAR;GAAjB,EAA0H,EAAE,IAAF,CAAO,EAAE,KAAF,CAAQ,GAAR,CAAP,EAAoB,UAAS,CAAT,EAAW,CAAX,EAAa;AAAC,MAAE,KAAF,CAAQ,OAAR,CAAgB,CAAhB,IAAmB,EAAC;AAAM,yBAAU;AAAC,cAAI,IAAE,IAAF,CAAL,OAAmB,MAAI,QAAJ,KAAe,EAAE,KAAF,CAAQ,GAAR,CAAY,QAAZ,EAAqB,IAAE,GAAF,GAAM,EAAE,IAAF,EAAO,YAAU;AAAC,cAAE,KAAF,CAAQ,OAAR,CAAgB,CAAhB,EAAkB,IAAlB,EAAuB,CAAvB,EAAyB,CAAC,CAAD,CAAzB,CAAD;WAAV,CAAlC,EAA4E,EAAE,KAAF,CAAQ,IAAR,EAAa,CAAb,EAAe,EAAE,IAAF,EAAf,CAA5E,CAAf,EAAqH,CAAC,CAAD,CAAxI;SAAV;;;SAAN,EAA4J;AAAS,4BAAU;AAAC,iBAAO,SAAO,QAAP,IAAiB,EAAE,KAAF,CAAQ,MAAR,CAAe,QAAf,EAAwB,IAAE,GAAF,GAAM,EAAE,KAAF,CAAQ,IAAR,EAAa,CAAb,CAAN,CAAzC,EAAgE,CAAC,CAAD,CAAxE;SAAV;;;SAAT,EAAhL,CAAD;GAAb,CAAn+C,CAAtlK;CAAf,CAAy2N,MAAz2N,EAAg3N,MAAh3N,CAArD","file":"/client/lib/compatibility/slicklab/js/jquery-migrate.js.map","sourcesContent":["/*! jQuery Migrate v1.2.1 | (c) 2005, 2013 jQuery Foundation, Inc. and other contributors | jquery.org/license */\njQuery.migrateMute===void 0&&(jQuery.migrateMute=!0),function(e,t,n){function r(n){var r=t.console;i[n]||(i[n]=!0,e.migrateWarnings.push(n),r&&r.warn&&!e.migrateMute&&(r.warn(\"JQMIGRATE: \"+n),e.migrateTrace&&r.trace&&r.trace()))}function a(t,a,i,o){if(Object.defineProperty)try{return Object.defineProperty(t,a,{configurable:!0,enumerable:!0,get:function(){return r(o),i},set:function(e){r(o),i=e}}),n}catch(s){}e._definePropertyBroken=!0,t[a]=i}var i={};e.migrateWarnings=[],!e.migrateMute&&t.console&&t.console.log&&t.console.log(\"JQMIGRATE: Logging is active\"),e.migrateTrace===n&&(e.migrateTrace=!0),e.migrateReset=function(){i={},e.migrateWarnings.length=0},\"BackCompat\"===document.compatMode&&r(\"jQuery is not compatible with Quirks Mode\");var o=e(\"<input/>\",{size:1}).attr(\"size\")&&e.attrFn,s=e.attr,u=e.attrHooks.value&&e.attrHooks.value.get||function(){return null},c=e.attrHooks.value&&e.attrHooks.value.set||function(){return n},l=/^(?:input|button)$/i,d=/^[238]$/,p=/^(?:autofocus|autoplay|async|checked|controls|defer|disabled|hidden|loop|multiple|open|readonly|required|scoped|selected)$/i,f=/^(?:checked|selected)$/i;a(e,\"attrFn\",o||{},\"jQuery.attrFn is deprecated\"),e.attr=function(t,a,i,u){var c=a.toLowerCase(),g=t&&t.nodeType;return u&&(4>s.length&&r(\"jQuery.fn.attr( props, pass ) is deprecated\"),t&&!d.test(g)&&(o?a in o:e.isFunction(e.fn[a])))?e(t)[a](i):(\"type\"===a&&i!==n&&l.test(t.nodeName)&&t.parentNode&&r(\"Can't change the 'type' of an input or button in IE 6/7/8\"),!e.attrHooks[c]&&p.test(c)&&(e.attrHooks[c]={get:function(t,r){var a,i=e.prop(t,r);return i===!0||\"boolean\"!=typeof i&&(a=t.getAttributeNode(r))&&a.nodeValue!==!1?r.toLowerCase():n},set:function(t,n,r){var a;return n===!1?e.removeAttr(t,r):(a=e.propFix[r]||r,a in t&&(t[a]=!0),t.setAttribute(r,r.toLowerCase())),r}},f.test(c)&&r(\"jQuery.fn.attr('\"+c+\"') may use property instead of attribute\")),s.call(e,t,a,i))},e.attrHooks.value={get:function(e,t){var n=(e.nodeName||\"\").toLowerCase();return\"button\"===n?u.apply(this,arguments):(\"input\"!==n&&\"option\"!==n&&r(\"jQuery.fn.attr('value') no longer gets properties\"),t in e?e.value:null)},set:function(e,t){var a=(e.nodeName||\"\").toLowerCase();return\"button\"===a?c.apply(this,arguments):(\"input\"!==a&&\"option\"!==a&&r(\"jQuery.fn.attr('value', val) no longer sets properties\"),e.value=t,n)}};var g,h,v=e.fn.init,m=e.parseJSON,y=/^([^<]*)(<[\\w\\W]+>)([^>]*)$/;e.fn.init=function(t,n,a){var i;return t&&\"string\"==typeof t&&!e.isPlainObject(n)&&(i=y.exec(e.trim(t)))&&i[0]&&(\"<\"!==t.charAt(0)&&r(\"$(html) HTML strings must start with '<' character\"),i[3]&&r(\"$(html) HTML text after last tag is ignored\"),\"#\"===i[0].charAt(0)&&(r(\"HTML string cannot start with a '#' character\"),e.error(\"JQMIGRATE: Invalid selector string (XSS)\")),n&&n.context&&(n=n.context),e.parseHTML)?v.call(this,e.parseHTML(i[2],n,!0),n,a):v.apply(this,arguments)},e.fn.init.prototype=e.fn,e.parseJSON=function(e){return e||null===e?m.apply(this,arguments):(r(\"jQuery.parseJSON requires a valid JSON string\"),null)},e.uaMatch=function(e){e=e.toLowerCase();var t=/(chrome)[ \\/]([\\w.]+)/.exec(e)||/(webkit)[ \\/]([\\w.]+)/.exec(e)||/(opera)(?:.*version|)[ \\/]([\\w.]+)/.exec(e)||/(msie) ([\\w.]+)/.exec(e)||0>e.indexOf(\"compatible\")&&/(mozilla)(?:.*? rv:([\\w.]+)|)/.exec(e)||[];return{browser:t[1]||\"\",version:t[2]||\"0\"}},e.browser||(g=e.uaMatch(navigator.userAgent),h={},g.browser&&(h[g.browser]=!0,h.version=g.version),h.chrome?h.webkit=!0:h.webkit&&(h.safari=!0),e.browser=h),a(e,\"browser\",e.browser,\"jQuery.browser is deprecated\"),e.sub=function(){function t(e,n){return new t.fn.init(e,n)}e.extend(!0,t,this),t.superclass=this,t.fn=t.prototype=this(),t.fn.constructor=t,t.sub=this.sub,t.fn.init=function(r,a){return a&&a instanceof e&&!(a instanceof t)&&(a=t(a)),e.fn.init.call(this,r,a,n)},t.fn.init.prototype=t.fn;var n=t(document);return r(\"jQuery.sub() is deprecated\"),t},e.ajaxSetup({converters:{\"text json\":e.parseJSON}});var b=e.fn.data;e.fn.data=function(t){var a,i,o=this[0];return!o||\"events\"!==t||1!==arguments.length||(a=e.data(o,t),i=e._data(o,t),a!==n&&a!==i||i===n)?b.apply(this,arguments):(r(\"Use of jQuery.fn.data('events') is deprecated\"),i)};var j=/\\/(java|ecma)script/i,w=e.fn.andSelf||e.fn.addBack;e.fn.andSelf=function(){return r(\"jQuery.fn.andSelf() replaced by jQuery.fn.addBack()\"),w.apply(this,arguments)},e.clean||(e.clean=function(t,a,i,o){a=a||document,a=!a.nodeType&&a[0]||a,a=a.ownerDocument||a,r(\"jQuery.clean() is deprecated\");var s,u,c,l,d=[];if(e.merge(d,e.buildFragment(t,a).childNodes),i)for(c=function(e){return!e.type||j.test(e.type)?o?o.push(e.parentNode?e.parentNode.removeChild(e):e):i.appendChild(e):n},s=0;null!=(u=d[s]);s++)e.nodeName(u,\"script\")&&c(u)||(i.appendChild(u),u.getElementsByTagName!==n&&(l=e.grep(e.merge([],u.getElementsByTagName(\"script\")),c),d.splice.apply(d,[s+1,0].concat(l)),s+=l.length));return d});var Q=e.event.add,x=e.event.remove,k=e.event.trigger,N=e.fn.toggle,T=e.fn.live,M=e.fn.die,S=\"ajaxStart|ajaxStop|ajaxSend|ajaxComplete|ajaxError|ajaxSuccess\",C=RegExp(\"\\\\b(?:\"+S+\")\\\\b\"),H=/(?:^|\\s)hover(\\.\\S+|)\\b/,A=function(t){return\"string\"!=typeof t||e.event.special.hover?t:(H.test(t)&&r(\"'hover' pseudo-event is deprecated, use 'mouseenter mouseleave'\"),t&&t.replace(H,\"mouseenter$1 mouseleave$1\"))};e.event.props&&\"attrChange\"!==e.event.props[0]&&e.event.props.unshift(\"attrChange\",\"attrName\",\"relatedNode\",\"srcElement\"),e.event.dispatch&&a(e.event,\"handle\",e.event.dispatch,\"jQuery.event.handle is undocumented and deprecated\"),e.event.add=function(e,t,n,a,i){e!==document&&C.test(t)&&r(\"AJAX events should be attached to document: \"+t),Q.call(this,e,A(t||\"\"),n,a,i)},e.event.remove=function(e,t,n,r,a){x.call(this,e,A(t)||\"\",n,r,a)},e.fn.error=function(){var e=Array.prototype.slice.call(arguments,0);return r(\"jQuery.fn.error() is deprecated\"),e.splice(0,0,\"error\"),arguments.length?this.bind.apply(this,e):(this.triggerHandler.apply(this,e),this)},e.fn.toggle=function(t,n){if(!e.isFunction(t)||!e.isFunction(n))return N.apply(this,arguments);r(\"jQuery.fn.toggle(handler, handler...) is deprecated\");var a=arguments,i=t.guid||e.guid++,o=0,s=function(n){var r=(e._data(this,\"lastToggle\"+t.guid)||0)%o;return e._data(this,\"lastToggle\"+t.guid,r+1),n.preventDefault(),a[r].apply(this,arguments)||!1};for(s.guid=i;a.length>o;)a[o++].guid=i;return this.click(s)},e.fn.live=function(t,n,a){return r(\"jQuery.fn.live() is deprecated\"),T?T.apply(this,arguments):(e(this.context).on(t,this.selector,n,a),this)},e.fn.die=function(t,n){return r(\"jQuery.fn.die() is deprecated\"),M?M.apply(this,arguments):(e(this.context).off(t,this.selector||\"**\",n),this)},e.event.trigger=function(e,t,n,a){return n||C.test(e)||r(\"Global events are undocumented and deprecated\"),k.call(this,e,t,n||document,a)},e.each(S.split(\"|\"),function(t,n){e.event.special[n]={setup:function(){var t=this;return t!==document&&(e.event.add(document,n+\".\"+e.guid,function(){e.event.trigger(n,null,t,!0)}),e._data(this,n,e.guid++)),!1},teardown:function(){return this!==document&&e.event.remove(document,n+\".\"+e._data(this,n)),!1}}})}(jQuery,window);"]},"hash":"05edbb106e39397f0fb9d8322db9963308292a3c"}
