{"metadata":{"usedHelpers":[],"marked":[],"modules":{"imports":[],"exports":{"exported":[],"specifiers":[]}}},"options":{"filename":"/client/lib/compatibility/slicklab/fonts/icomoon-weather-demo/demo-files/demo.js","filenameRelative":"/client/lib/compatibility/slicklab/fonts/icomoon-weather-demo/demo-files/demo.js","env":{},"retainLines":false,"highlightCode":true,"suppressDeprecationMessages":false,"presets":[],"plugins":[[[],null],[[],null],[[],null],[[],null],[[],null],[[],null],[[],null],[[],{"polyfill":false}],[[],null],[[],null],[[],null],[[],null],[[],null],[[],null],[[],null],[[],null],[[],{"loose":true}],[[],{"loose":true}],[[],null],[[],{"loose":true}],[[],null],[[],null],[[],{"allowTopLevelThis":true,"strict":false,"loose":true}],[[],null],[[],null],[[],null],[[],null],[[],null],[[],{"loose":true}],[[],null],[[],null],[[],null],[[],null],[[],null],[[],null],[[],null],[[],null]],"ignore":[],"code":true,"metadata":true,"ast":false,"comments":true,"compact":false,"minified":false,"sourceMap":true,"sourceMaps":true,"sourceMapTarget":"/client/lib/compatibility/slicklab/fonts/icomoon-weather-demo/demo-files/demo.js.map","sourceFileName":"/client/lib/compatibility/slicklab/fonts/icomoon-weather-demo/demo-files/demo.js","babelrc":false,"sourceType":"module","moduleIds":false,"passPerPreset":false,"basename":"demo"},"ignored":false,"code":"if (!('boxShadow' in document.body.style)) {\n\tdocument.body.setAttribute('class', 'noBoxShadow');\n}\n\ndocument.body.addEventListener(\"click\", function (e) {\n\tvar target = e.target;\n\tif (target.tagName === \"INPUT\" && target.getAttribute('class').indexOf('liga') === -1) {\n\t\ttarget.select();\n\t}\n});\n\n(function () {\n\tvar fontSize = document.getElementById('fontSize'),\n\t    testDrive = document.getElementById('testDrive'),\n\t    testText = document.getElementById('testText');\n\tfunction updateTest() {\n\t\ttestDrive.innerHTML = testText.value || String.fromCharCode(160);\n\t\tif (window.icomoonLiga) {\n\t\t\twindow.icomoonLiga(testDrive);\n\t\t}\n\t}\n\tfunction updateSize() {\n\t\ttestDrive.style.fontSize = fontSize.value + 'px';\n\t}\n\tfontSize.addEventListener('change', updateSize, false);\n\ttestText.addEventListener('input', updateTest, false);\n\ttestText.addEventListener('change', updateTest, false);\n\tupdateSize();\n})();","ast":null,"map":{"version":3,"sources":["/client/lib/compatibility/slicklab/fonts/icomoon-weather-demo/demo-files/demo.js"],"names":[],"mappings":"AAAA,IAAI,EAAE,eAAe,SAAS,IAAT,CAAc,KAAd,CAAjB,EAAuC;AAC1C,UAAS,IAAT,CAAc,YAAd,CAA2B,OAA3B,EAAoC,aAApC,EAD0C;CAA3C;;AAIA,SAAS,IAAT,CAAc,gBAAd,CAA+B,OAA/B,EAAwC,UAAS,CAAT,EAAY;AACnD,KAAI,SAAS,EAAE,MAAF,CADsC;AAEnD,KAAI,OAAO,OAAP,KAAmB,OAAnB,IACH,OAAO,YAAP,CAAoB,OAApB,EAA6B,OAA7B,CAAqC,MAArC,MAAiD,CAAC,CAAD,EAAI;AACrD,SAAO,MAAP,GADqD;EADtD;CAFuC,CAAxC;;AAQA,CAAC,YAAW;AACX,KAAI,WAAW,SAAS,cAAT,CAAwB,UAAxB,CAAX;KACH,YAAY,SAAS,cAAT,CAAwB,WAAxB,CAAZ;KACA,WAAW,SAAS,cAAT,CAAwB,UAAxB,CAAX,CAHU;AAIX,UAAS,UAAT,GAAsB;AACrB,YAAU,SAAV,GAAsB,SAAS,KAAT,IAAkB,OAAO,YAAP,CAAoB,GAApB,CAAlB,CADD;AAErB,MAAI,OAAO,WAAP,EAAoB;AACvB,UAAO,WAAP,CAAmB,SAAnB,EADuB;GAAxB;EAFD;AAMA,UAAS,UAAT,GAAsB;AACrB,YAAU,KAAV,CAAgB,QAAhB,GAA2B,SAAS,KAAT,GAAiB,IAAjB,CADN;EAAtB;AAGA,UAAS,gBAAT,CAA0B,QAA1B,EAAoC,UAApC,EAAgD,KAAhD,EAbW;AAcX,UAAS,gBAAT,CAA0B,OAA1B,EAAmC,UAAnC,EAA+C,KAA/C,EAdW;AAeX,UAAS,gBAAT,CAA0B,QAA1B,EAAoC,UAApC,EAAgD,KAAhD,EAfW;AAgBX,cAhBW;CAAX,GAAD","file":"/client/lib/compatibility/slicklab/fonts/icomoon-weather-demo/demo-files/demo.js.map","sourcesContent":["if (!('boxShadow' in document.body.style)) {\n\tdocument.body.setAttribute('class', 'noBoxShadow');\n}\n\ndocument.body.addEventListener(\"click\", function(e) {\n\tvar target = e.target;\n\tif (target.tagName === \"INPUT\" &&\n\t\ttarget.getAttribute('class').indexOf('liga') === -1) {\n\t\ttarget.select();\n\t}\n});\n\n(function() {\n\tvar fontSize = document.getElementById('fontSize'),\n\t\ttestDrive = document.getElementById('testDrive'),\n\t\ttestText = document.getElementById('testText');\n\tfunction updateTest() {\n\t\ttestDrive.innerHTML = testText.value || String.fromCharCode(160);\n\t\tif (window.icomoonLiga) {\n\t\t\twindow.icomoonLiga(testDrive);\n\t\t}\n\t}\n\tfunction updateSize() {\n\t\ttestDrive.style.fontSize = fontSize.value + 'px';\n\t}\n\tfontSize.addEventListener('change', updateSize, false);\n\ttestText.addEventListener('input', updateTest, false);\n\ttestText.addEventListener('change', updateTest, false);\n\tupdateSize();\n}());\n"]},"hash":"08ca956fd6a9fda87ca6c4861a7b34095805ce6d"}
