{"metadata":{"usedHelpers":[],"marked":[],"modules":{"imports":[],"exports":{"exported":[],"specifiers":[]}}},"options":{"filename":"/client/layout/applicationLayout.js","filenameRelative":"/client/layout/applicationLayout.js","env":{},"retainLines":false,"highlightCode":true,"suppressDeprecationMessages":false,"presets":[],"plugins":[[[],null],[[],null],[[],null],[[],null],[[],null],[[],null],[[],null],[[],{"polyfill":false}],[[],null],[[],null],[[],null],[[],null],[[],null],[[],null],[[],null],[[],null],[[],{"loose":true}],[[],{"loose":true}],[[],null],[[],{"loose":true}],[[],null],[[],null],[[],{"allowTopLevelThis":true,"strict":false,"loose":true}],[[],null],[[],null],[[],null],[[],null],[[],null],[[],{"loose":true}],[[],null],[[],null],[[],null],[[],null],[[],null],[[],null],[[],null],[[],null]],"ignore":[],"code":true,"metadata":true,"ast":false,"comments":true,"compact":false,"minified":false,"sourceMap":true,"sourceMaps":true,"sourceMapTarget":"/client/layout/applicationLayout.js.map","sourceFileName":"/client/layout/applicationLayout.js","babelrc":false,"sourceType":"module","moduleIds":false,"passPerPreset":false,"basename":"applicationLayout"},"ignored":false,"code":"//-----------------------------------------------------------------------\n// <copyright file=\"applicationLayout.js\" company=\"Anecom Inc\">\n// Copyright (c) Anecom Inc. All rights reserved. 2015.\n// </copyright>\n//-----------------------------------------------------------------------\n\nTemplate.applicationLayout.helpers({});\n\nTemplate.applicationLayout.onRendered(function () {\n   alert('hello');\n   $(\"body\").removeAttr('style');\n   $(\"html\").niceScroll({\n      styler: \"fb\",\n      cursorcolor: \"#a979d1\",\n      cursorwidth: '5',\n      cursorborderradius: '15px',\n      background: '#404040',\n      cursorborder: '',\n      zindex: '12000'\n   });\n});\n\nTemplate.applicationLayout.events({\n   'click .toggle-btn': function () {\n      function clickToggleBtn(event) {\n         var body = jQuery('body');\n         var bodyposition = body.css('position');\n\n         if (bodyposition != 'relative') {\n            if (!body.hasClass('sidebar-collapsed')) {\n               body.addClass('sidebar-collapsed');\n               jQuery('.side-navigation ul').attr('style', '');\n            } else {\n               body.removeClass('sidebar-collapsed chat-view');\n               jQuery('.side-navigation li.active ul').css({ display: 'block' });\n            }\n         } else {\n\n            if (body.hasClass('sidebar-open')) body.removeClass('sidebar-open');else body.addClass('sidebar-open');\n         }\n      }\n\n      return clickToggleBtn;\n   }()\n});","ast":null,"map":{"version":3,"sources":["/client/layout/applicationLayout.js"],"names":[],"mappings":";;;;;;AAMA,SAAS,iBAAT,CAA2B,OAA3B,CAAmC,EAAnC;;AAGA,SAAS,iBAAT,CAA2B,UAA3B,CAAsC,YAAU;AAC9C,SAAM,OAAN,EAD8C;AAE9C,KAAE,MAAF,EAAU,UAAV,CAAqB,OAArB,EAF8C;AAG1C,KAAE,MAAF,EAAU,UAAV,CAAqB;AACnB,cAAQ,IAAR;AACA,mBAAa,SAAb;AACA,mBAAa,GAAb;AACA,0BAAoB,MAApB;AACA,kBAAY,SAAZ;AACA,oBAAc,EAAd;AACA,cAAQ,OAAR;IAPF,EAH0C;CAAV,CAAtC;;AAcA,SAAS,iBAAT,CAA2B,MAA3B,CAAkC;AAChC;AAAqB,8BAAU,KAAV,EAAiB;AAClC,aAAI,OAAO,OAAO,MAAP,CAAP,CAD8B;AAElC,aAAI,eAAe,KAAK,GAAL,CAAS,UAAT,CAAf,CAF8B;;AAIlC,aAAG,gBAAgB,UAAhB,EAA4B;AAC5B,gBAAG,CAAC,KAAK,QAAL,CAAc,mBAAd,CAAD,EAAqC;AACrC,oBAAK,QAAL,CAAc,mBAAd,EADqC;AAErC,sBAAO,qBAAP,EAA8B,IAA9B,CAAmC,OAAnC,EAA2C,EAA3C,EAFqC;aAAxC,MAIO;AACJ,oBAAK,WAAL,CAAiB,6BAAjB,EADI;AAEJ,sBAAO,+BAAP,EAAwC,GAAxC,CAA4C,EAAC,SAAS,OAAT,EAA7C,EAFI;aAJP;UADH,MAUO;;AAEJ,gBAAG,KAAK,QAAL,CAAc,cAAd,CAAH,EACG,KAAK,WAAL,CAAiB,cAAjB,EADH,KAGG,KAAK,QAAL,CAAc,cAAd,EAHH;UAZH;OAJiB;;;MAArB;CADF","file":"/client/layout/applicationLayout.js.map","sourcesContent":["//-----------------------------------------------------------------------\r\n// <copyright file=\"applicationLayout.js\" company=\"Anecom Inc\">\r\n// Copyright (c) Anecom Inc. All rights reserved. 2015.\r\n// </copyright>\r\n//-----------------------------------------------------------------------\r\n\r\nTemplate.applicationLayout.helpers({\r\n});\r\n\r\nTemplate.applicationLayout.onRendered(function(){\r\n  alert('hello');\r\n  $(\"body\").removeAttr('style');\r\n      $(\"html\").niceScroll({\r\n        styler: \"fb\",\r\n        cursorcolor: \"#a979d1\",\r\n        cursorwidth: '5',\r\n        cursorborderradius: '15px',\r\n        background: '#404040',\r\n        cursorborder: '',\r\n        zindex: '12000'\r\n    });\r\n});\r\n\r\nTemplate.applicationLayout.events({\r\n  'click .toggle-btn': function (event) {\r\n      var body = jQuery('body');\r\n      var bodyposition = body.css('position');\r\n\r\n      if(bodyposition != 'relative') {\r\n         if(!body.hasClass('sidebar-collapsed')) {\r\n            body.addClass('sidebar-collapsed');\r\n            jQuery('.side-navigation ul').attr('style','');\r\n\r\n         } else {\r\n            body.removeClass('sidebar-collapsed chat-view');\r\n            jQuery('.side-navigation li.active ul').css({display: 'block'});\r\n\r\n         }\r\n      } else {\r\n\r\n         if(body.hasClass('sidebar-open'))\r\n            body.removeClass('sidebar-open');\r\n         else\r\n            body.addClass('sidebar-open');\r\n      }\r\n  }\r\n});\r\n"]},"hash":"0991e7f218d14fe286497799120807b7f7abca5d"}
