{"metadata":{"usedHelpers":[],"marked":[],"modules":{"imports":[],"exports":{"exported":[],"specifiers":[]}}},"options":{"filename":"/client/lib/compatibility/slicklab/js/tags-input.js","filenameRelative":"/client/lib/compatibility/slicklab/js/tags-input.js","env":{},"retainLines":false,"highlightCode":true,"suppressDeprecationMessages":false,"presets":[],"plugins":[[[],null],[[],null],[[],null],[[],null],[[],null],[[],null],[[],null],[[],{"polyfill":false}],[[],null],[[],null],[[],null],[[],null],[[],null],[[],null],[[],null],[[],null],[[],{"loose":true}],[[],{"loose":true}],[[],null],[[],{"loose":true}],[[],null],[[],null],[[],{"allowTopLevelThis":true,"strict":false,"loose":true}],[[],null],[[],null],[[],null],[[],null],[[],null],[[],{"loose":true}],[[],null],[[],null],[[],null],[[],null],[[],null],[[],null],[[],null],[[],null]],"ignore":[],"code":true,"metadata":true,"ast":false,"comments":true,"compact":false,"minified":false,"sourceMap":true,"sourceMaps":true,"sourceMapTarget":"/client/lib/compatibility/slicklab/js/tags-input.js.map","sourceFileName":"/client/lib/compatibility/slicklab/js/tags-input.js","babelrc":false,"sourceType":"module","moduleIds":false,"passPerPreset":false,"basename":"tags-input"},"ignored":false,"code":"/**\n jQuery Tags Input Plugin 1.3.3\n Copyright (c) 2011 XOXCO, Inc\n Documentation for this plugin lives here:\n http://xoxco.com/clickable/jquery-tags-input\n\n Licensed under the MIT license:\n http://www.opensource.org/licenses/mit-license.php\n\n */\n(function (a) {\n  var b = new Array();var c = new Array();a.fn.doAutosize = function (b) {\n    var c = a(this).data(\"minwidth\"),\n        d = a(this).data(\"maxwidth\"),\n        e = \"\",\n        f = a(this),\n        g = a(\"#\" + a(this).data(\"tester_id\"));if (e === (e = f.val())) {\n      return;\n    }var h = e.replace(/&/g, \"&\").replace(/\\s/g, \" \").replace(/</g, \"<\").replace(/>/g, \">\");g.html(h);var i = g.width(),\n        j = i + b.comfortZone >= c ? i + b.comfortZone : c,\n        k = f.width(),\n        l = j < k && j >= c || j > c && j < d;if (l) {\n      f.width(j);\n    }\n  };a.fn.resetAutosize = function (b) {\n    var c = a(this).data(\"minwidth\") || b.minInputWidth || a(this).width(),\n        d = a(this).data(\"maxwidth\") || b.maxInputWidth || a(this).closest(\".tagsinput\").width() - b.inputPadding,\n        e = \"\",\n        f = a(this),\n        g = a(\"<tester/>\").css({ position: \"absolute\", top: -9999, left: -9999, width: \"auto\", fontSize: f.css(\"fontSize\"), fontFamily: f.css(\"fontFamily\"), fontWeight: f.css(\"fontWeight\"), letterSpacing: f.css(\"letterSpacing\"), whiteSpace: \"nowrap\" }),\n        h = a(this).attr(\"id\") + \"_autosize_tester\";if (!a(\"#\" + h).length > 0) {\n      g.attr(\"id\", h);g.appendTo(\"body\");\n    }f.data(\"minwidth\", c);f.data(\"maxwidth\", d);f.data(\"tester_id\", h);f.css(\"width\", c);\n  };a.fn.addTag = function (d, e) {\n    e = jQuery.extend({ focus: false, callback: true }, e);this.each(function () {\n      var f = a(this).attr(\"id\");var g = a(this).val().split(b[f]);if (g[0] == \"\") {\n        g = new Array();\n      }d = jQuery.trim(d);if (e.unique) {\n        var h = a(g).tagExist(d);if (h == true) {\n          a(\"#\" + f + \"_tag\").addClass(\"not_valid\");\n        }\n      } else {\n        var h = false;\n      }if (d != \"\" && h != true) {\n        a(\"<span>\").addClass(\"tag\").append(a(\"<span>\").text(d).append(\"  \"), a(\"<a>\", { href: \"#\", title: \"Removing tag\", html: \"<i class='fa fa-times'></i>\" }).click(function () {\n          return a(\"#\" + f).removeTag(escape(d));\n        })).insertBefore(\"#\" + f + \"_addTag\");g.push(d);a(\"#\" + f + \"_tag\").val(\"\");if (e.focus) {\n          a(\"#\" + f + \"_tag\").focus();\n        } else {\n          a(\"#\" + f + \"_tag\").blur();\n        }a.fn.tagsInput.updateTagsField(this, g);if (e.callback && c[f] && c[f][\"onAddTag\"]) {\n          var i = c[f][\"onAddTag\"];i.call(this, d);\n        }if (c[f] && c[f][\"onChange\"]) {\n          var j = g.length;var i = c[f][\"onChange\"];i.call(this, a(this), g[j - 1]);\n        }\n      }\n    });return false;\n  };a.fn.removeTag = function (d) {\n    d = unescape(d);this.each(function () {\n      var e = a(this).attr(\"id\");var f = a(this).val().split(b[e]);a(\"#\" + e + \"_tagsinput .tag\").remove();str = \"\";for (i = 0; i < f.length; i++) {\n        if (f[i] != d) {\n          str = str + b[e] + f[i];\n        }\n      }a.fn.tagsInput.importTags(this, str);if (c[e] && c[e][\"onRemoveTag\"]) {\n        var g = c[e][\"onRemoveTag\"];g.call(this, d);\n      }\n    });return false;\n  };a.fn.tagExist = function (b) {\n    return jQuery.inArray(b, a(this)) >= 0;\n  };a.fn.importTags = function (b) {\n    id = a(this).attr(\"id\");a(\"#\" + id + \"_tagsinput .tag\").remove();a.fn.tagsInput.importTags(this, b);\n  };a.fn.tagsInput = function (d) {\n    var e = jQuery.extend({ interactive: true, defaultText: \"add a tag\", minChars: 0, width: \"300px\", height: \"100px\", autocomplete: { selectFirst: false }, hide: true, delimiter: \",\", unique: true, removeWithBackspace: true, placeholderColor: \"#666666\", autosize: true, comfortZone: 20, inputPadding: 6 * 2 }, d);this.each(function () {\n      if (e.hide) {\n        a(this).hide();\n      }var d = a(this).attr(\"id\");if (!d || b[a(this).attr(\"id\")]) {\n        d = a(this).attr(\"id\", \"tags\" + new Date().getTime()).attr(\"id\");\n      }var f = jQuery.extend({ pid: d, real_input: \"#\" + d, holder: \"#\" + d + \"_tagsinput\", input_wrapper: \"#\" + d + \"_addTag\", fake_input: \"#\" + d + \"_tag\" }, e);b[d] = f.delimiter;if (e.onAddTag || e.onRemoveTag || e.onChange) {\n        c[d] = new Array();c[d][\"onAddTag\"] = e.onAddTag;c[d][\"onRemoveTag\"] = e.onRemoveTag;c[d][\"onChange\"] = e.onChange;\n      }var g = '<div id=\"' + d + '_tagsinput\" class=\"tagsinput\"><div id=\"' + d + '_addTag\">';if (e.interactive) {\n        g = g + '<input id=\"' + d + '_tag\" value=\"\" data-default=\"' + e.defaultText + '\" />';\n      }g = g + '</div><div class=\"tags_clear\"></div></div>';a(g).insertAfter(this);a(f.holder).css(\"width\", e.width);a(f.holder).css(\"height\", e.height);if (a(f.real_input).val() != \"\") {\n        a.fn.tagsInput.importTags(a(f.real_input), a(f.real_input).val());\n      }if (e.interactive) {\n        a(f.fake_input).val(a(f.fake_input).attr(\"data-default\"));a(f.fake_input).css(\"color\", e.placeholderColor);a(f.fake_input).resetAutosize(e);a(f.holder).bind(\"click\", f, function (b) {\n          a(b.data.fake_input).focus();\n        });a(f.fake_input).bind(\"focus\", f, function (b) {\n          if (a(b.data.fake_input).val() == a(b.data.fake_input).attr(\"data-default\")) {\n            a(b.data.fake_input).val(\"\");\n          }a(b.data.fake_input).css(\"color\", \"#000000\");\n        });if (e.autocomplete_url != undefined) {\n          autocomplete_options = { source: e.autocomplete_url };for (attrname in meteorBabelHelpers.sanitizeForInObject(e.autocomplete)) {\n            autocomplete_options[attrname] = e.autocomplete[attrname];\n          }if (jQuery.Autocompleter !== undefined) {\n            a(f.fake_input).autocomplete(e.autocomplete_url, e.autocomplete);a(f.fake_input).bind(\"result\", f, function (b, c, f) {\n              if (c) {\n                a(\"#\" + d).addTag(c[0] + \"\", { focus: true, unique: e.unique });\n              }\n            });\n          } else if (jQuery.ui.autocomplete !== undefined) {\n            a(f.fake_input).autocomplete(autocomplete_options);a(f.fake_input).bind(\"autocompleteselect\", f, function (b, c) {\n              a(b.data.real_input).addTag(c.item.value, { focus: true, unique: e.unique });return false;\n            });\n          }\n        } else {\n          a(f.fake_input).bind(\"blur\", f, function (b) {\n            var c = a(this).attr(\"data-default\");if (a(b.data.fake_input).val() != \"\" && a(b.data.fake_input).val() != c) {\n              if (b.data.minChars <= a(b.data.fake_input).val().length && (!b.data.maxChars || b.data.maxChars >= a(b.data.fake_input).val().length)) a(b.data.real_input).addTag(a(b.data.fake_input).val(), { focus: true, unique: e.unique });\n            } else {\n              a(b.data.fake_input).val(a(b.data.fake_input).attr(\"data-default\"));a(b.data.fake_input).css(\"color\", e.placeholderColor);\n            }return false;\n          });\n        }a(f.fake_input).bind(\"keypress\", f, function (b) {\n          if (b.which == b.data.delimiter.charCodeAt(0) || b.which == 13) {\n            b.preventDefault();if (b.data.minChars <= a(b.data.fake_input).val().length && (!b.data.maxChars || b.data.maxChars >= a(b.data.fake_input).val().length)) a(b.data.real_input).addTag(a(b.data.fake_input).val(), { focus: true, unique: e.unique });a(b.data.fake_input).resetAutosize(e);return false;\n          } else if (b.data.autosize) {\n            a(b.data.fake_input).doAutosize(e);\n          }\n        });f.removeWithBackspace && a(f.fake_input).bind(\"keydown\", function (b) {\n          if (b.keyCode == 8 && a(this).val() == \"\") {\n            b.preventDefault();var c = a(this).closest(\".tagsinput\").find(\".tag:last\").text();var d = a(this).attr(\"id\").replace(/_tag$/, \"\");c = c.replace(/[\\s]+x$/, \"\");a(\"#\" + d).removeTag(escape(c));a(this).trigger(\"focus\");\n          }\n        });a(f.fake_input).blur();if (f.unique) {\n          a(f.fake_input).keydown(function (b) {\n            if (b.keyCode == 8 || String.fromCharCode(b.which).match(/\\w+|[áéíóúÁÉÍÓÚñÑ,/]+/)) {\n              a(this).removeClass(\"not_valid\");\n            }\n          });\n        }\n      }\n    });return this;\n  };a.fn.tagsInput.updateTagsField = function (c, d) {\n    var e = a(c).attr(\"id\");a(c).val(d.join(b[e]));\n  };a.fn.tagsInput.importTags = function (d, e) {\n    a(d).val(\"\");var f = a(d).attr(\"id\");var g = e.split(b[f]);for (i = 0; i < g.length; i++) {\n      a(d).addTag(g[i], { focus: false, callback: false });\n    }if (c[f] && c[f][\"onChange\"]) {\n      var h = c[f][\"onChange\"];h.call(d, d, g[i]);\n    }\n  };\n})(jQuery);","ast":null,"map":{"version":3,"sources":["/client/lib/compatibility/slicklab/js/tags-input.js"],"names":[],"mappings":";;;;;;;;;;AAUA,CAAC,UAAS,CAAT,EAAW;AAAC,MAAI,IAAE,IAAI,KAAJ,EAAF,CAAL,IAAqB,IAAE,IAAI,KAAJ,EAAF,CAArB,CAAiC,CAAE,EAAF,CAAK,UAAL,GAAgB,UAAS,CAAT,EAAW;AAAC,QAAI,IAAE,EAAE,IAAF,EAAQ,IAAR,CAAa,UAAb,CAAF;QAA2B,IAAE,EAAE,IAAF,EAAQ,IAAR,CAAa,UAAb,CAAF;QAA2B,IAAE,EAAF;QAAK,IAAE,EAAE,IAAF,CAAF;QAAU,IAAE,EAAE,MAAI,EAAE,IAAF,EAAQ,IAAR,CAAa,WAAb,CAAJ,CAAJ,CAA1E,IAAgH,OAAK,IAAE,EAAE,GAAF,EAAF,CAAL,EAAgB;AAAC,aAAD;KAAnB,IAA+B,IAAE,EAAE,OAAF,CAAU,IAAV,EAAe,GAAf,EAAoB,OAApB,CAA4B,KAA5B,EAAkC,GAAlC,EAAuC,OAAvC,CAA+C,IAA/C,EAAoD,GAApD,EAAyD,OAAzD,CAAiE,IAAjE,EAAsE,GAAtE,CAAF,CAA5I,CAAyN,CAAE,IAAF,CAAO,CAAP,EAAzN,IAAuO,IAAE,EAAE,KAAF,EAAF;QAAY,IAAE,IAAE,EAAE,WAAF,IAAe,CAAjB,GAAmB,IAAE,EAAE,WAAF,GAAc,CAAnC;QAAqC,IAAE,EAAE,KAAF,EAAF;QAAY,IAAE,IAAE,CAAF,IAAK,KAAG,CAAH,IAAM,IAAE,CAAF,IAAK,IAAE,CAAF,CAAxT,IAA+T,CAAH,EAAK;AAAC,QAAE,KAAF,CAAQ,CAAR,EAAD;KAAL;GAAvU,CAAjD,CAA2Y,CAAE,EAAF,CAAK,aAAL,GAAmB,UAAS,CAAT,EAAW;AAAC,QAAI,IAAE,EAAE,IAAF,EAAQ,IAAR,CAAa,UAAb,KAA0B,EAAE,aAAF,IAAiB,EAAE,IAAF,EAAQ,KAAR,EAA3C;QAA2D,IAAE,EAAE,IAAF,EAAQ,IAAR,CAAa,UAAb,KAA0B,EAAE,aAAF,IAAiB,EAAE,IAAF,EAAQ,OAAR,CAAgB,YAAhB,EAA8B,KAA9B,KAAsC,EAAE,YAAF;QAAe,IAAE,EAAF;QAAK,IAAE,EAAE,IAAF,CAAF;QAAU,IAAE,EAAE,WAAF,EAAe,GAAf,CAAmB,EAAC,UAAS,UAAT,EAAoB,KAAI,CAAC,IAAD,EAAM,MAAK,CAAC,IAAD,EAAM,OAAM,MAAN,EAAa,UAAS,EAAE,GAAF,CAAM,UAAN,CAAT,EAA2B,YAAW,EAAE,GAAF,CAAM,YAAN,CAAX,EAA+B,YAAW,EAAE,GAAF,CAAM,YAAN,CAAX,EAA+B,eAAc,EAAE,GAAF,CAAM,eAAN,CAAd,EAAqC,YAAW,QAAX,EAAxM,CAAF;QAAgO,IAAE,EAAE,IAAF,EAAQ,IAAR,CAAa,IAAb,IAAmB,kBAAnB,CAArZ,IAA8b,CAAC,EAAE,MAAI,CAAJ,CAAF,CAAS,MAAT,GAAgB,CAAjB,EAAmB;AAAC,QAAE,IAAF,CAAO,IAAP,EAAY,CAAZ,EAAD,CAAgB,CAAE,QAAF,CAAW,MAAX,EAAhB;KAAtB,CAAyD,CAAE,IAAF,CAAO,UAAP,EAAkB,CAAlB,EAApf,CAAygB,CAAE,IAAF,CAAO,UAAP,EAAkB,CAAlB,EAAzgB,CAA8hB,CAAE,IAAF,CAAO,WAAP,EAAmB,CAAnB,EAA9hB,CAAojB,CAAE,GAAF,CAAM,OAAN,EAAc,CAAd,EAApjB;GAAX,CAA9Z,CAA++B,CAAE,EAAF,CAAK,MAAL,GAAY,UAAS,CAAT,EAAW,CAAX,EAAa;AAAC,QAAE,OAAO,MAAP,CAAc,EAAC,OAAM,KAAN,EAAY,UAAS,IAAT,EAA3B,EAA0C,CAA1C,CAAF,CAAD,IAAgD,CAAK,IAAL,CAAU,YAAU;AAAC,UAAI,IAAE,EAAE,IAAF,EAAQ,IAAR,CAAa,IAAb,CAAF,CAAL,IAA8B,IAAE,EAAE,IAAF,EAAQ,GAAR,GAAc,KAAd,CAAoB,EAAE,CAAF,CAApB,CAAF,CAA9B,IAA6D,EAAE,CAAF,KAAM,EAAN,EAAS;AAAC,YAAE,IAAI,KAAJ,EAAF,CAAD;OAAZ,CAAyB,GAAE,OAAO,IAAP,CAAY,CAAZ,CAAF,CAAnF,IAAuG,EAAE,MAAF,EAAS;AAAC,YAAI,IAAE,EAAE,CAAF,EAAK,QAAL,CAAc,CAAd,CAAF,CAAL,IAA2B,KAAG,IAAH,EAAQ;AAAC,YAAE,MAAI,CAAJ,GAAM,MAAN,CAAF,CAAgB,QAAhB,CAAyB,WAAzB,EAAD;SAAX;OAApC,MAA2F;AAAC,YAAI,IAAE,KAAF,CAAL;OAA3F,IAA2G,KAAG,EAAH,IAAO,KAAG,IAAH,EAAQ;AAAC,UAAE,QAAF,EAAY,QAAZ,CAAqB,KAArB,EAA4B,MAA5B,CAAmC,EAAE,QAAF,EAAY,IAAZ,CAAiB,CAAjB,EAAoB,MAApB,CAA2B,IAA3B,CAAnC,EAAoE,EAAE,KAAF,EAAQ,EAAC,MAAK,GAAL,EAAS,OAAM,cAAN,EAAqB,MAAK,6BAAL,EAAvC,EAA4E,KAA5E,CAAkF,YAAU;AAAC,iBAAO,EAAE,MAAI,CAAJ,CAAF,CAAS,SAAT,CAAmB,OAAO,CAAP,CAAnB,CAAP,CAAD;SAAV,CAAtJ,EAAyM,YAAzM,CAAsN,MAAI,CAAJ,GAAM,SAAN,CAAtN,CAAD,CAAwO,CAAE,IAAF,CAAO,CAAP,EAAxO,CAAkP,CAAE,MAAI,CAAJ,GAAM,MAAN,CAAF,CAAgB,GAAhB,CAAoB,EAApB,EAAlP,IAA6Q,EAAE,KAAF,EAAQ;AAAC,YAAE,MAAI,CAAJ,GAAM,MAAN,CAAF,CAAgB,KAAhB,GAAD;SAAX,MAAwC;AAAC,YAAE,MAAI,CAAJ,GAAM,MAAN,CAAF,CAAgB,IAAhB,GAAD;SAAxC,CAAgE,CAAE,EAAF,CAAK,SAAL,CAAe,eAAf,CAA+B,IAA/B,EAAoC,CAApC,EAA1U,IAAoX,EAAE,QAAF,IAAY,EAAE,CAAF,CAAZ,IAAkB,EAAE,CAAF,EAAK,UAAL,CAAlB,EAAmC;AAAC,cAAI,IAAE,EAAE,CAAF,EAAK,UAAL,CAAF,CAAL,CAAwB,CAAE,IAAF,CAAO,IAAP,EAAY,CAAZ,EAAxB;SAAtC,IAAgF,EAAE,CAAF,KAAM,EAAE,CAAF,EAAK,UAAL,CAAN,EAAuB;AAAC,cAAI,IAAE,EAAE,MAAF,CAAP,IAAoB,IAAE,EAAE,CAAF,EAAK,UAAL,CAAF,CAApB,CAAuC,CAAE,IAAF,CAAO,IAAP,EAAY,EAAE,IAAF,CAAZ,EAAoB,EAAE,IAAE,CAAF,CAAtB,EAAvC;SAA1B;OAAhd;KAAtN,CAAV,CAAhD,OAAw0B,KAAP,CAAj0B;GAAb,CAA3/B,CAAu1D,CAAE,EAAF,CAAK,SAAL,GAAe,UAAS,CAAT,EAAW;AAAC,QAAE,SAAS,CAAT,CAAF,CAAD,IAAe,CAAK,IAAL,CAAU,YAAU;AAAC,UAAI,IAAE,EAAE,IAAF,EAAQ,IAAR,CAAa,IAAb,CAAF,CAAL,IAA8B,IAAE,EAAE,IAAF,EAAQ,GAAR,GAAc,KAAd,CAAoB,EAAE,CAAF,CAApB,CAAF,CAA9B,CAA0D,CAAE,MAAI,CAAJ,GAAM,iBAAN,CAAF,CAA2B,MAA3B,GAA1D,GAA8F,GAAI,EAAJ,CAA9F,KAAyG,IAAE,CAAF,EAAI,IAAE,EAAE,MAAF,EAAS,GAAnB,EAAuB;AAAC,YAAG,EAAE,CAAF,KAAM,CAAN,EAAQ;AAAC,gBAAI,MAAI,EAAE,CAAF,CAAJ,GAAS,EAAE,CAAF,CAAT,CAAL;SAAX;OAAxB,CAAuD,CAAE,EAAF,CAAK,SAAL,CAAe,UAAf,CAA0B,IAA1B,EAA+B,GAA/B,EAA5J,IAAmM,EAAE,CAAF,KAAM,EAAE,CAAF,EAAK,aAAL,CAAN,EAA0B;AAAC,YAAI,IAAE,EAAE,CAAF,EAAK,aAAL,CAAF,CAAL,CAA2B,CAAE,IAAF,CAAO,IAAP,EAAY,CAAZ,EAA3B;OAA7B;KAA1M,CAAV,CAAf,OAAoT,KAAP,CAA7S;GAAX,CAAt2D,CAA4qE,CAAE,EAAF,CAAK,QAAL,GAAc,UAAS,CAAT,EAAW;AAAC,WAAO,OAAO,OAAP,CAAe,CAAf,EAAiB,EAAE,IAAF,CAAjB,KAA2B,CAA3B,CAAR;GAAX,CAA1rE,CAA2uE,CAAE,EAAF,CAAK,UAAL,GAAgB,UAAS,CAAT,EAAW;AAAC,SAAG,EAAE,IAAF,EAAQ,IAAR,CAAa,IAAb,CAAH,CAAD,CAAuB,CAAE,MAAI,EAAJ,GAAO,iBAAP,CAAF,CAA4B,MAA5B,GAAvB,CAA4D,CAAE,EAAF,CAAK,SAAL,CAAe,UAAf,CAA0B,IAA1B,EAA+B,CAA/B,EAA5D;GAAX,CAA3vE,CAAq2E,CAAE,EAAF,CAAK,SAAL,GAAe,UAAS,CAAT,EAAW;AAAC,QAAI,IAAE,OAAO,MAAP,CAAc,EAAC,aAAY,IAAZ,EAAiB,aAAY,WAAZ,EAAwB,UAAS,CAAT,EAAW,OAAM,OAAN,EAAc,QAAO,OAAP,EAAe,cAAa,EAAC,aAAY,KAAZ,EAAd,EAAiC,MAAK,IAAL,EAAU,WAAU,GAAV,EAAc,QAAO,IAAP,EAAY,qBAAoB,IAApB,EAAyB,kBAAiB,SAAjB,EAA2B,UAAS,IAAT,EAAc,aAAY,EAAZ,EAAe,cAAa,IAAE,CAAF,EAAnQ,EAAwQ,CAAxQ,CAAF,CAAL,IAAkR,CAAK,IAAL,CAAU,YAAU;AAAC,UAAG,EAAE,IAAF,EAAO;AAAC,UAAE,IAAF,EAAQ,IAAR,GAAD;OAAV,IAA8B,IAAE,EAAE,IAAF,EAAQ,IAAR,CAAa,IAAb,CAAF,CAA/B,IAAuD,CAAC,CAAD,IAAI,EAAE,EAAE,IAAF,EAAQ,IAAR,CAAa,IAAb,CAAF,CAAJ,EAA0B;AAAC,YAAE,EAAE,IAAF,EAAQ,IAAR,CAAa,IAAb,EAAkB,SAAO,IAAK,IAAJ,EAAD,CAAW,OAAX,EAAP,CAAlB,CAA+C,IAA/C,CAAoD,IAApD,CAAF,CAAD;OAA7B,IAA8F,IAAE,OAAO,MAAP,CAAc,EAAC,KAAI,CAAJ,EAAM,YAAW,MAAI,CAAJ,EAAM,QAAO,MAAI,CAAJ,GAAM,YAAN,EAAmB,eAAc,MAAI,CAAJ,GAAM,SAAN,EAAgB,YAAW,MAAI,CAAJ,GAAM,MAAN,EAAzG,EAAuH,CAAvH,CAAF,CAAlJ,CAA8Q,CAAE,CAAF,IAAK,EAAE,SAAF,CAAnR,IAAkS,EAAE,QAAF,IAAY,EAAE,WAAF,IAAe,EAAE,QAAF,EAAW;AAAC,UAAE,CAAF,IAAK,IAAI,KAAJ,EAAL,CAAD,CAAgB,CAAE,CAAF,EAAK,UAAL,IAAiB,EAAE,QAAF,CAAjC,CAA4C,CAAE,CAAF,EAAK,aAAL,IAAoB,EAAE,WAAF,CAAhE,CAA8E,CAAE,CAAF,EAAK,UAAL,IAAiB,EAAE,QAAF,CAA/F;OAAzC,IAAuJ,IAAE,cAAY,CAAZ,GAAc,yCAAd,GAAwD,CAAxD,GAA0D,WAA1D,CAAxb,IAAigB,EAAE,WAAF,EAAc;AAAC,YAAE,IAAE,aAAF,GAAgB,CAAhB,GAAkB,+BAAlB,GAAkD,EAAE,WAAF,GAAc,MAAhE,CAAH;OAAjB,CAA2F,GAAE,IAAE,4CAAF,CAA3lB,CAA0oB,CAAE,CAAF,EAAK,WAAL,CAAiB,IAAjB,EAA1oB,CAAiqB,CAAE,EAAE,MAAF,CAAF,CAAY,GAAZ,CAAgB,OAAhB,EAAwB,EAAE,KAAF,CAAxB,CAAjqB,CAAksB,CAAE,EAAE,MAAF,CAAF,CAAY,GAAZ,CAAgB,QAAhB,EAAyB,EAAE,MAAF,CAAzB,CAAlsB,IAAwuB,EAAE,EAAE,UAAF,CAAF,CAAgB,GAAhB,MAAuB,EAAvB,EAA0B;AAAC,UAAE,EAAF,CAAK,SAAL,CAAe,UAAf,CAA0B,EAAE,EAAE,UAAF,CAA5B,EAA0C,EAAE,EAAE,UAAF,CAAF,CAAgB,GAAhB,EAA1C,EAAD;OAA7B,IAAkG,EAAE,WAAF,EAAc;AAAC,UAAE,EAAE,UAAF,CAAF,CAAgB,GAAhB,CAAoB,EAAE,EAAE,UAAF,CAAF,CAAgB,IAAhB,CAAqB,cAArB,CAApB,EAAD,CAA2D,CAAE,EAAE,UAAF,CAAF,CAAgB,GAAhB,CAAoB,OAApB,EAA4B,EAAE,gBAAF,CAA5B,CAA3D,CAA2G,CAAE,EAAE,UAAF,CAAF,CAAgB,aAAhB,CAA8B,CAA9B,EAA3G,CAA4I,CAAE,EAAE,MAAF,CAAF,CAAY,IAAZ,CAAiB,OAAjB,EAAyB,CAAzB,EAA2B,UAAS,CAAT,EAAW;AAAC,YAAE,EAAE,IAAF,CAAO,UAAP,CAAF,CAAqB,KAArB,GAAD;SAAX,CAA3B,CAA5I,CAAkN,CAAE,EAAE,UAAF,CAAF,CAAgB,IAAhB,CAAqB,OAArB,EAA6B,CAA7B,EAA+B,UAAS,CAAT,EAAW;AAAC,cAAG,EAAE,EAAE,IAAF,CAAO,UAAP,CAAF,CAAqB,GAArB,MAA4B,EAAE,EAAE,IAAF,CAAO,UAAP,CAAF,CAAqB,IAArB,CAA0B,cAA1B,CAA5B,EAAsE;AAAC,cAAE,EAAE,IAAF,CAAO,UAAP,CAAF,CAAqB,GAArB,CAAyB,EAAzB,EAAD;WAAzE,CAAuG,CAAE,EAAE,IAAF,CAAO,UAAP,CAAF,CAAqB,GAArB,CAAyB,OAAzB,EAAiC,SAAjC,EAAxG;SAAX,CAA/B,CAAlN,IAAqZ,EAAE,gBAAF,IAAoB,SAApB,EAA8B;AAAC,iCAAqB,EAAC,QAAO,EAAE,gBAAF,EAA7B,CAAD,KAAsD,QAAJ,2CAAgB,EAAE,YAAF,CAAhB,EAA+B;AAAC,iCAAqB,QAArB,IAA+B,EAAE,YAAF,CAAe,QAAf,CAA/B,CAAD;WAA/B,IAA2F,OAAO,aAAP,KAAuB,SAAvB,EAAiC;AAAC,cAAE,EAAE,UAAF,CAAF,CAAgB,YAAhB,CAA6B,EAAE,gBAAF,EAAmB,EAAE,YAAF,CAAhD,CAAD,CAAiE,CAAE,EAAE,UAAF,CAAF,CAAgB,IAAhB,CAAqB,QAArB,EAA8B,CAA9B,EAAgC,UAAS,CAAT,EAAW,CAAX,EAAa,CAAb,EAAe;AAAC,kBAAG,CAAH,EAAK;AAAC,kBAAE,MAAI,CAAJ,CAAF,CAAS,MAAT,CAAgB,EAAE,CAAF,IAAK,EAAL,EAAQ,EAAC,OAAM,IAAN,EAAW,QAAO,EAAE,MAAF,EAA3C,EAAD;eAAL;aAAhB,CAAhC,CAAjE;WAApC,MAAyN,IAAG,OAAO,EAAP,CAAU,YAAV,KAAyB,SAAzB,EAAmC;AAAC,cAAE,EAAE,UAAF,CAAF,CAAgB,YAAhB,CAA6B,oBAA7B,EAAD,CAAoD,CAAE,EAAE,UAAF,CAAF,CAAgB,IAAhB,CAAqB,oBAArB,EAA0C,CAA1C,EAA4C,UAAS,CAAT,EAAW,CAAX,EAAa;AAAC,gBAAE,EAAE,IAAF,CAAO,UAAP,CAAF,CAAqB,MAArB,CAA4B,EAAE,IAAF,CAAO,KAAP,EAAa,EAAC,OAAM,IAAN,EAAW,QAAO,EAAE,MAAF,EAA5D,EAAD,OAA+E,KAAP,CAAxE;aAAb,CAA5C,CAApD;WAAtC;SAApY,MAAmnB;AAAC,YAAE,EAAE,UAAF,CAAF,CAAgB,IAAhB,CAAqB,MAArB,EAA4B,CAA5B,EAA8B,UAAS,CAAT,EAAW;AAAC,gBAAI,IAAE,EAAE,IAAF,EAAQ,IAAR,CAAa,cAAb,CAAF,CAAL,IAAuC,EAAE,EAAE,IAAF,CAAO,UAAP,CAAF,CAAqB,GAArB,MAA4B,EAA5B,IAAgC,EAAE,EAAE,IAAF,CAAO,UAAP,CAAF,CAAqB,GAArB,MAA4B,CAA5B,EAA8B;AAAC,kBAAG,EAAE,IAAF,CAAO,QAAP,IAAiB,EAAE,EAAE,IAAF,CAAO,UAAP,CAAF,CAAqB,GAArB,GAA2B,MAA3B,KAAoC,CAAC,EAAE,IAAF,CAAO,QAAP,IAAiB,EAAE,IAAF,CAAO,QAAP,IAAiB,EAAE,EAAE,IAAF,CAAO,UAAP,CAAF,CAAqB,GAArB,GAA2B,MAA3B,CAAxF,EAA2H,EAAE,EAAE,IAAF,CAAO,UAAP,CAAF,CAAqB,MAArB,CAA4B,EAAE,EAAE,IAAF,CAAO,UAAP,CAAF,CAAqB,GAArB,EAA5B,EAAuD,EAAC,OAAM,IAAN,EAAW,QAAO,EAAE,MAAF,EAA1E,EAA9H;aAAlE,MAAyR;AAAC,gBAAE,EAAE,IAAF,CAAO,UAAP,CAAF,CAAqB,GAArB,CAAyB,EAAE,EAAE,IAAF,CAAO,UAAP,CAAF,CAAqB,IAArB,CAA0B,cAA1B,CAAzB,EAAD,CAAqE,CAAE,EAAE,IAAF,CAAO,UAAP,CAAF,CAAqB,GAArB,CAAyB,OAAzB,EAAiC,EAAE,gBAAF,CAAjC,CAArE;aAAzR,OAA0Z,KAAP,CAAvb;WAAX,CAA9B,CAAD;SAAnnB,CAAmmC,CAAE,EAAE,UAAF,CAAF,CAAgB,IAAhB,CAAqB,UAArB,EAAgC,CAAhC,EAAkC,UAAS,CAAT,EAAW;AAAC,cAAG,EAAE,KAAF,IAAS,EAAE,IAAF,CAAO,SAAP,CAAiB,UAAjB,CAA4B,CAA5B,CAAT,IAAyC,EAAE,KAAF,IAAS,EAAT,EAAY;AAAC,cAAE,cAAF,GAAD,IAAuB,EAAE,IAAF,CAAO,QAAP,IAAiB,EAAE,EAAE,IAAF,CAAO,UAAP,CAAF,CAAqB,GAArB,GAA2B,MAA3B,KAAoC,CAAC,EAAE,IAAF,CAAO,QAAP,IAAiB,EAAE,IAAF,CAAO,QAAP,IAAiB,EAAE,EAAE,IAAF,CAAO,UAAP,CAAF,CAAqB,GAArB,GAA2B,MAA3B,CAAxF,EAA2H,EAAE,EAAE,IAAF,CAAO,UAAP,CAAF,CAAqB,MAArB,CAA4B,EAAE,EAAE,IAAF,CAAO,UAAP,CAAF,CAAqB,GAArB,EAA5B,EAAuD,EAAC,OAAM,IAAN,EAAW,QAAO,EAAE,MAAF,EAA1E,EAA9H,CAAmN,CAAE,EAAE,IAAF,CAAO,UAAP,CAAF,CAAqB,aAArB,CAAmC,CAAnC,EAAvO,OAAoR,KAAP,CAA7Q;WAAxD,MAAuV,IAAG,EAAE,IAAF,CAAO,QAAP,EAAgB;AAAC,cAAE,EAAE,IAAF,CAAO,UAAP,CAAF,CAAqB,UAArB,CAAgC,CAAhC,EAAD;WAAnB;SAAnW,CAAlC,CAAr/C,CAAo7D,CAAE,mBAAF,IAAuB,EAAE,EAAE,UAAF,CAAF,CAAgB,IAAhB,CAAqB,SAArB,EAA+B,UAAS,CAAT,EAAW;AAAC,cAAG,EAAE,OAAF,IAAW,CAAX,IAAc,EAAE,IAAF,EAAQ,GAAR,MAAe,EAAf,EAAkB;AAAC,cAAE,cAAF,GAAD,IAAwB,IAAE,EAAE,IAAF,EAAQ,OAAR,CAAgB,YAAhB,EAA8B,IAA9B,CAAmC,WAAnC,EAAgD,IAAhD,EAAF,CAAxB,IAAqF,IAAE,EAAE,IAAF,EAAQ,IAAR,CAAa,IAAb,EAAmB,OAAnB,CAA2B,OAA3B,EAAmC,EAAnC,CAAF,CAArF,CAA8H,GAAE,EAAE,OAAF,CAAU,SAAV,EAAoB,EAApB,CAAF,CAA9H,CAAwJ,CAAE,MAAI,CAAJ,CAAF,CAAS,SAAT,CAAmB,OAAO,CAAP,CAAnB,EAAxJ,CAAsL,CAAE,IAAF,EAAQ,OAAR,CAAgB,OAAhB,EAAtL;WAAnC;SAAZ,CAAtD,CAAp7D,CAA2uE,CAAE,EAAE,UAAF,CAAF,CAAgB,IAAhB,GAA3uE,IAAqwE,EAAE,MAAF,EAAS;AAAC,YAAE,EAAE,UAAF,CAAF,CAAgB,OAAhB,CAAwB,UAAS,CAAT,EAAW;AAAC,gBAAG,EAAE,OAAF,IAAW,CAAX,IAAc,OAAO,YAAP,CAAoB,EAAE,KAAF,CAApB,CAA6B,KAA7B,CAAmC,uBAAnC,CAAd,EAA0E;AAAC,gBAAE,IAAF,EAAQ,WAAR,CAAoB,WAApB,EAAD;aAA7E;WAAZ,CAAxB,CAAD;SAAZ;OAAnxE;KAA90B,CAAV,CAAlR,OAA2iH,IAAP,CAApiH;GAAX,CAAp3E,CAAg7L,CAAE,EAAF,CAAK,SAAL,CAAe,eAAf,GAA+B,UAAS,CAAT,EAAW,CAAX,EAAa;AAAC,QAAI,IAAE,EAAE,CAAF,EAAK,IAAL,CAAU,IAAV,CAAF,CAAL,CAAuB,CAAE,CAAF,EAAK,GAAL,CAAS,EAAE,IAAF,CAAO,EAAE,CAAF,CAAP,CAAT,EAAvB;GAAb,CAA/8L,CAA2gM,CAAE,EAAF,CAAK,SAAL,CAAe,UAAf,GAA0B,UAAS,CAAT,EAAW,CAAX,EAAa;AAAC,MAAE,CAAF,EAAK,GAAL,CAAS,EAAT,EAAD,IAAkB,IAAE,EAAE,CAAF,EAAK,IAAL,CAAU,IAAV,CAAF,CAAlB,IAAwC,IAAE,EAAE,KAAF,CAAQ,EAAE,CAAF,CAAR,CAAF,CAAxC,KAA4D,IAAE,CAAF,EAAI,IAAE,EAAE,MAAF,EAAS,GAAnB,EAAuB;AAAC,QAAE,CAAF,EAAK,MAAL,CAAY,EAAE,CAAF,CAAZ,EAAiB,EAAC,OAAM,KAAN,EAAY,UAAS,KAAT,EAA9B,EAAD;KAAvB,IAA0E,EAAE,CAAF,KAAM,EAAE,CAAF,EAAK,UAAL,CAAN,EAAuB;AAAC,UAAI,IAAE,EAAE,CAAF,EAAK,UAAL,CAAF,CAAL,CAAwB,CAAE,IAAF,CAAO,CAAP,EAAS,CAAT,EAAW,EAAE,CAAF,CAAX,EAAxB;KAA1B;GAA5I,CAAriM;CAAX,CAAD,CAAowM,MAApwM","file":"/client/lib/compatibility/slicklab/js/tags-input.js.map","sourcesContent":["/**\n jQuery Tags Input Plugin 1.3.3\n Copyright (c) 2011 XOXCO, Inc\n Documentation for this plugin lives here:\n http://xoxco.com/clickable/jquery-tags-input\n\n Licensed under the MIT license:\n http://www.opensource.org/licenses/mit-license.php\n\n */\n(function(a){var b=new Array;var c=new Array;a.fn.doAutosize=function(b){var c=a(this).data(\"minwidth\"),d=a(this).data(\"maxwidth\"),e=\"\",f=a(this),g=a(\"#\"+a(this).data(\"tester_id\"));if(e===(e=f.val())){return}var h=e.replace(/&/g,\"&\").replace(/\\s/g,\" \").replace(/</g,\"<\").replace(/>/g,\">\");g.html(h);var i=g.width(),j=i+b.comfortZone>=c?i+b.comfortZone:c,k=f.width(),l=j<k&&j>=c||j>c&&j<d;if(l){f.width(j)}};a.fn.resetAutosize=function(b){var c=a(this).data(\"minwidth\")||b.minInputWidth||a(this).width(),d=a(this).data(\"maxwidth\")||b.maxInputWidth||a(this).closest(\".tagsinput\").width()-b.inputPadding,e=\"\",f=a(this),g=a(\"<tester/>\").css({position:\"absolute\",top:-9999,left:-9999,width:\"auto\",fontSize:f.css(\"fontSize\"),fontFamily:f.css(\"fontFamily\"),fontWeight:f.css(\"fontWeight\"),letterSpacing:f.css(\"letterSpacing\"),whiteSpace:\"nowrap\"}),h=a(this).attr(\"id\")+\"_autosize_tester\";if(!a(\"#\"+h).length>0){g.attr(\"id\",h);g.appendTo(\"body\")}f.data(\"minwidth\",c);f.data(\"maxwidth\",d);f.data(\"tester_id\",h);f.css(\"width\",c)};a.fn.addTag=function(d,e){e=jQuery.extend({focus:false,callback:true},e);this.each(function(){var f=a(this).attr(\"id\");var g=a(this).val().split(b[f]);if(g[0]==\"\"){g=new Array}d=jQuery.trim(d);if(e.unique){var h=a(g).tagExist(d);if(h==true){a(\"#\"+f+\"_tag\").addClass(\"not_valid\")}}else{var h=false}if(d!=\"\"&&h!=true){a(\"<span>\").addClass(\"tag\").append(a(\"<span>\").text(d).append(\"  \"),a(\"<a>\",{href:\"#\",title:\"Removing tag\",html:\"<i class='fa fa-times'></i>\"}).click(function(){return a(\"#\"+f).removeTag(escape(d))})).insertBefore(\"#\"+f+\"_addTag\");g.push(d);a(\"#\"+f+\"_tag\").val(\"\");if(e.focus){a(\"#\"+f+\"_tag\").focus()}else{a(\"#\"+f+\"_tag\").blur()}a.fn.tagsInput.updateTagsField(this,g);if(e.callback&&c[f]&&c[f][\"onAddTag\"]){var i=c[f][\"onAddTag\"];i.call(this,d)}if(c[f]&&c[f][\"onChange\"]){var j=g.length;var i=c[f][\"onChange\"];i.call(this,a(this),g[j-1])}}});return false};a.fn.removeTag=function(d){d=unescape(d);this.each(function(){var e=a(this).attr(\"id\");var f=a(this).val().split(b[e]);a(\"#\"+e+\"_tagsinput .tag\").remove();str=\"\";for(i=0;i<f.length;i++){if(f[i]!=d){str=str+b[e]+f[i]}}a.fn.tagsInput.importTags(this,str);if(c[e]&&c[e][\"onRemoveTag\"]){var g=c[e][\"onRemoveTag\"];g.call(this,d)}});return false};a.fn.tagExist=function(b){return jQuery.inArray(b,a(this))>=0};a.fn.importTags=function(b){id=a(this).attr(\"id\");a(\"#\"+id+\"_tagsinput .tag\").remove();a.fn.tagsInput.importTags(this,b)};a.fn.tagsInput=function(d){var e=jQuery.extend({interactive:true,defaultText:\"add a tag\",minChars:0,width:\"300px\",height:\"100px\",autocomplete:{selectFirst:false},hide:true,delimiter:\",\",unique:true,removeWithBackspace:true,placeholderColor:\"#666666\",autosize:true,comfortZone:20,inputPadding:6*2},d);this.each(function(){if(e.hide){a(this).hide()}var d=a(this).attr(\"id\");if(!d||b[a(this).attr(\"id\")]){d=a(this).attr(\"id\",\"tags\"+(new Date).getTime()).attr(\"id\")}var f=jQuery.extend({pid:d,real_input:\"#\"+d,holder:\"#\"+d+\"_tagsinput\",input_wrapper:\"#\"+d+\"_addTag\",fake_input:\"#\"+d+\"_tag\"},e);b[d]=f.delimiter;if(e.onAddTag||e.onRemoveTag||e.onChange){c[d]=new Array;c[d][\"onAddTag\"]=e.onAddTag;c[d][\"onRemoveTag\"]=e.onRemoveTag;c[d][\"onChange\"]=e.onChange}var g='<div id=\"'+d+'_tagsinput\" class=\"tagsinput\"><div id=\"'+d+'_addTag\">';if(e.interactive){g=g+'<input id=\"'+d+'_tag\" value=\"\" data-default=\"'+e.defaultText+'\" />'}g=g+'</div><div class=\"tags_clear\"></div></div>';a(g).insertAfter(this);a(f.holder).css(\"width\",e.width);a(f.holder).css(\"height\",e.height);if(a(f.real_input).val()!=\"\"){a.fn.tagsInput.importTags(a(f.real_input),a(f.real_input).val())}if(e.interactive){a(f.fake_input).val(a(f.fake_input).attr(\"data-default\"));a(f.fake_input).css(\"color\",e.placeholderColor);a(f.fake_input).resetAutosize(e);a(f.holder).bind(\"click\",f,function(b){a(b.data.fake_input).focus()});a(f.fake_input).bind(\"focus\",f,function(b){if(a(b.data.fake_input).val()==a(b.data.fake_input).attr(\"data-default\")){a(b.data.fake_input).val(\"\")}a(b.data.fake_input).css(\"color\",\"#000000\")});if(e.autocomplete_url!=undefined){autocomplete_options={source:e.autocomplete_url};for(attrname in e.autocomplete){autocomplete_options[attrname]=e.autocomplete[attrname]}if(jQuery.Autocompleter!==undefined){a(f.fake_input).autocomplete(e.autocomplete_url,e.autocomplete);a(f.fake_input).bind(\"result\",f,function(b,c,f){if(c){a(\"#\"+d).addTag(c[0]+\"\",{focus:true,unique:e.unique})}})}else if(jQuery.ui.autocomplete!==undefined){a(f.fake_input).autocomplete(autocomplete_options);a(f.fake_input).bind(\"autocompleteselect\",f,function(b,c){a(b.data.real_input).addTag(c.item.value,{focus:true,unique:e.unique});return false})}}else{a(f.fake_input).bind(\"blur\",f,function(b){var c=a(this).attr(\"data-default\");if(a(b.data.fake_input).val()!=\"\"&&a(b.data.fake_input).val()!=c){if(b.data.minChars<=a(b.data.fake_input).val().length&&(!b.data.maxChars||b.data.maxChars>=a(b.data.fake_input).val().length))a(b.data.real_input).addTag(a(b.data.fake_input).val(),{focus:true,unique:e.unique})}else{a(b.data.fake_input).val(a(b.data.fake_input).attr(\"data-default\"));a(b.data.fake_input).css(\"color\",e.placeholderColor)}return false})}a(f.fake_input).bind(\"keypress\",f,function(b){if(b.which==b.data.delimiter.charCodeAt(0)||b.which==13){b.preventDefault();if(b.data.minChars<=a(b.data.fake_input).val().length&&(!b.data.maxChars||b.data.maxChars>=a(b.data.fake_input).val().length))a(b.data.real_input).addTag(a(b.data.fake_input).val(),{focus:true,unique:e.unique});a(b.data.fake_input).resetAutosize(e);return false}else if(b.data.autosize){a(b.data.fake_input).doAutosize(e)}});f.removeWithBackspace&&a(f.fake_input).bind(\"keydown\",function(b){if(b.keyCode==8&&a(this).val()==\"\"){b.preventDefault();var c=a(this).closest(\".tagsinput\").find(\".tag:last\").text();var d=a(this).attr(\"id\").replace(/_tag$/,\"\");c=c.replace(/[\\s]+x$/,\"\");a(\"#\"+d).removeTag(escape(c));a(this).trigger(\"focus\")}});a(f.fake_input).blur();if(f.unique){a(f.fake_input).keydown(function(b){if(b.keyCode==8||String.fromCharCode(b.which).match(/\\w+|[áéíóúÁÉÍÓÚñÑ,/]+/)){a(this).removeClass(\"not_valid\")}})}}});return this};a.fn.tagsInput.updateTagsField=function(c,d){var e=a(c).attr(\"id\");a(c).val(d.join(b[e]))};a.fn.tagsInput.importTags=function(d,e){a(d).val(\"\");var f=a(d).attr(\"id\");var g=e.split(b[f]);for(i=0;i<g.length;i++){a(d).addTag(g[i],{focus:false,callback:false})}if(c[f]&&c[f][\"onChange\"]){var h=c[f][\"onChange\"];h.call(d,d,g[i])}}})(jQuery);\n"]},"hash":"0cb7544af51d9fd2f67cde1d4ada9384ed1ef704"}
