{"metadata":{"usedHelpers":[],"marked":[],"modules":{"imports":[],"exports":{"exported":[],"specifiers":[]}}},"options":{"filename":"/client/lib/compatibility/slicklab/js/pulstate.js","filenameRelative":"/client/lib/compatibility/slicklab/js/pulstate.js","env":{},"retainLines":false,"highlightCode":true,"suppressDeprecationMessages":false,"presets":[],"plugins":[[[],null],[[],null],[[],null],[[],null],[[],null],[[],null],[[],null],[[],{"polyfill":false}],[[],null],[[],null],[[],null],[[],null],[[],null],[[],null],[[],null],[[],null],[[],{"loose":true}],[[],{"loose":true}],[[],null],[[],{"loose":true}],[[],null],[[],null],[[],{"allowTopLevelThis":true,"strict":false,"loose":true}],[[],null],[[],null],[[],null],[[],null],[[],null],[[],{"loose":true}],[[],null],[[],null],[[],null],[[],null],[[],null],[[],null],[[],null],[[],null]],"ignore":[],"code":true,"metadata":true,"ast":false,"comments":true,"compact":false,"minified":false,"sourceMap":true,"sourceMaps":true,"sourceMapTarget":"/client/lib/compatibility/slicklab/js/pulstate.js.map","sourceFileName":"/client/lib/compatibility/slicklab/js/pulstate.js","babelrc":false,"sourceType":"module","moduleIds":false,"passPerPreset":false,"basename":"pulstate"},"ignored":false,"code":"\n$(function () {\n    $(\".pulse1\").pulsate({ glow: false });\n    $(\".pulse2\").pulsate({ color: \"#45ae7a\" });\n    $(\".pulse3\").pulsate({ reach: 50, color: \"#8f67b1\" });\n    $(\".pulse4\").pulsate({ speed: 2500, color: \"#ecc200\" });\n    $(\".pulse5\").pulsate({ pause: 1000, color: \"#f05050\" });\n    $(\".pulse6\").pulsate({ onHover: true, color: \"#119dc9\" });\n});","ast":null,"map":{"version":3,"sources":["/client/lib/compatibility/slicklab/js/pulstate.js"],"names":[],"mappings":";AACA,EAAE,YAAY;AACV,MAAE,SAAF,EAAa,OAAb,CAAqB,EAAC,MAAK,KAAL,EAAtB,EADU;AAEV,MAAE,SAAF,EAAa,OAAb,CAAqB,EAAC,OAAM,SAAN,EAAtB,EAFU;AAGV,MAAE,SAAF,EAAa,OAAb,CAAqB,EAAC,OAAM,EAAN,EAAS,OAAO,SAAP,EAA/B,EAHU;AAIV,MAAE,SAAF,EAAa,OAAb,CAAqB,EAAC,OAAM,IAAN,EAAW,OAAO,SAAP,EAAjC,EAJU;AAKV,MAAE,SAAF,EAAa,OAAb,CAAqB,EAAC,OAAM,IAAN,EAAY,OAAO,SAAP,EAAlC,EALU;AAMV,MAAE,SAAF,EAAa,OAAb,CAAqB,EAAC,SAAQ,IAAR,EAAa,OAAO,SAAP,EAAnC,EANU;CAAZ,CAAF","file":"/client/lib/compatibility/slicklab/js/pulstate.js.map","sourcesContent":["\r\n$(function () {\r\n    $(\".pulse1\").pulsate({glow:false});\r\n    $(\".pulse2\").pulsate({color:\"#45ae7a\"});\r\n    $(\".pulse3\").pulsate({reach:50,color: \"#8f67b1\"});\r\n    $(\".pulse4\").pulsate({speed:2500,color: \"#ecc200\"});\r\n    $(\".pulse5\").pulsate({pause:1000, color: \"#f05050\"});\r\n    $(\".pulse6\").pulsate({onHover:true,color: \"#119dc9\"});\r\n});\r\n"]},"hash":"0d58f53bc117cb5bb84d1993e2284cd3ad6a7c1a"}
