{"metadata":{"usedHelpers":["typeof","interopRequireDefault"],"marked":[],"modules":{"imports":[],"exports":{"exported":[],"specifiers":[]}}},"options":{"filename":"/client/lib/compatibility/slicklab/js/switchery/switchery.min.js","filenameRelative":"/client/lib/compatibility/slicklab/js/switchery/switchery.min.js","env":{},"retainLines":false,"highlightCode":true,"suppressDeprecationMessages":false,"presets":[],"plugins":[[[],null],[[],null],[[],null],[[],null],[[],null],[[],null],[[],null],[[],{"polyfill":false}],[[],null],[[],null],[[],null],[[],null],[[],null],[[],null],[[],null],[[],null],[[],{"loose":true}],[[],{"loose":true}],[[],null],[[],{"loose":true}],[[],null],[[],null],[[],{"allowTopLevelThis":true,"strict":false,"loose":true}],[[],null],[[],null],[[],null],[[],null],[[],null],[[],{"loose":true}],[[],null],[[],null],[[],null],[[],null],[[],null],[[],null],[[],null],[[],null]],"ignore":[],"code":true,"metadata":true,"ast":false,"comments":true,"compact":false,"minified":false,"sourceMap":true,"sourceMaps":true,"sourceMapTarget":"/client/lib/compatibility/slicklab/js/switchery/switchery.min.js.map","sourceFileName":"/client/lib/compatibility/slicklab/js/switchery/switchery.min.js","babelrc":false,"sourceType":"module","moduleIds":false,"passPerPreset":false,"basename":"switchery.min"},"ignored":false,"code":"var _typeof2 = require('babel-runtime/helpers/typeof');\n\nvar _typeof3 = _interopRequireDefault(_typeof2);\n\nfunction _interopRequireDefault(obj) { return obj && obj.__esModule ? obj : { 'default': obj }; }\n\n(function () {\n  function require(name) {\n    var module = require.modules[name];if (!module) throw new Error('failed to require \"' + name + '\"');if (!(\"exports\" in module) && typeof module.definition === \"function\") {\n      module.client = module.component = true;module.definition.call(this, module.exports = {}, module);delete module.definition;\n    }return module.exports;\n  }require.loader = \"component\";require.helper = {};require.helper.semVerSort = function (a, b) {\n    var aArray = a.version.split(\".\");var bArray = b.version.split(\".\");for (var i = 0; i < aArray.length; ++i) {\n      var aInt = parseInt(aArray[i], 10);var bInt = parseInt(bArray[i], 10);if (aInt === bInt) {\n        var aLex = aArray[i].substr((\"\" + aInt).length);var bLex = bArray[i].substr((\"\" + bInt).length);if (aLex === \"\" && bLex !== \"\") return 1;if (aLex !== \"\" && bLex === \"\") return -1;if (aLex !== \"\" && bLex !== \"\") return aLex > bLex ? 1 : -1;continue;\n      } else if (aInt > bInt) {\n        return 1;\n      } else {\n        return -1;\n      }\n    }return 0;\n  };require.latest = function (name, returnPath) {\n    function showError(name) {\n      throw new Error('failed to find latest module of \"' + name + '\"');\n    }var versionRegexp = /(.*)~(.*)@v?(\\d+\\.\\d+\\.\\d+[^\\/]*)$/;var remoteRegexp = /(.*)~(.*)/;if (!remoteRegexp.test(name)) showError(name);var moduleNames = Object.keys(require.modules);var semVerCandidates = [];var otherCandidates = [];for (var i = 0; i < moduleNames.length; i++) {\n      var moduleName = moduleNames[i];if (new RegExp(name + \"@\").test(moduleName)) {\n        var version = moduleName.substr(name.length + 1);var semVerMatch = versionRegexp.exec(moduleName);if (semVerMatch != null) {\n          semVerCandidates.push({ version: version, name: moduleName });\n        } else {\n          otherCandidates.push({ version: version, name: moduleName });\n        }\n      }\n    }if (semVerCandidates.concat(otherCandidates).length === 0) {\n      showError(name);\n    }if (semVerCandidates.length > 0) {\n      var module = semVerCandidates.sort(require.helper.semVerSort).pop().name;if (returnPath === true) {\n        return module;\n      }return require(module);\n    }var module = otherCandidates.pop().name;if (returnPath === true) {\n      return module;\n    }return require(module);\n  };require.modules = {};require.register = function (name, definition) {\n    require.modules[name] = { definition: definition };\n  };require.define = function (name, exports) {\n    require.modules[name] = { exports: exports };\n  };require.register(\"abpetkov~transitionize@0.0.3\", function (exports, module) {\n    module.exports = Transitionize;function Transitionize(element, props) {\n      if (!(this instanceof Transitionize)) return new Transitionize(element, props);this.element = element;this.props = props || {};this.init();\n    }Transitionize.prototype.isSafari = function () {\n      return (/Safari/.test(navigator.userAgent) && /Apple Computer/.test(navigator.vendor)\n      );\n    };Transitionize.prototype.init = function () {\n      var transitions = [];for (var key in meteorBabelHelpers.sanitizeForInObject(this.props)) {\n        transitions.push(key + \" \" + this.props[key]);\n      }this.element.style.transition = transitions.join(\", \");if (this.isSafari()) this.element.style.webkitTransition = transitions.join(\", \");\n    };\n  });require.register(\"ftlabs~fastclick@v0.6.11\", function (exports, module) {\n    function FastClick(layer) {\n      \"use strict\";\n      var oldOnClick,\n          self = this;this.trackingClick = false;this.trackingClickStart = 0;this.targetElement = null;this.touchStartX = 0;this.touchStartY = 0;this.lastTouchIdentifier = 0;this.touchBoundary = 10;this.layer = layer;if (!layer || !layer.nodeType) {\n        throw new TypeError(\"Layer must be a document node\");\n      }this.onClick = function () {\n        return FastClick.prototype.onClick.apply(self, arguments);\n      };this.onMouse = function () {\n        return FastClick.prototype.onMouse.apply(self, arguments);\n      };this.onTouchStart = function () {\n        return FastClick.prototype.onTouchStart.apply(self, arguments);\n      };this.onTouchMove = function () {\n        return FastClick.prototype.onTouchMove.apply(self, arguments);\n      };this.onTouchEnd = function () {\n        return FastClick.prototype.onTouchEnd.apply(self, arguments);\n      };this.onTouchCancel = function () {\n        return FastClick.prototype.onTouchCancel.apply(self, arguments);\n      };if (FastClick.notNeeded(layer)) {\n        return;\n      }if (this.deviceIsAndroid) {\n        layer.addEventListener(\"mouseover\", this.onMouse, true);layer.addEventListener(\"mousedown\", this.onMouse, true);layer.addEventListener(\"mouseup\", this.onMouse, true);\n      }layer.addEventListener(\"click\", this.onClick, true);layer.addEventListener(\"touchstart\", this.onTouchStart, false);layer.addEventListener(\"touchmove\", this.onTouchMove, false);layer.addEventListener(\"touchend\", this.onTouchEnd, false);layer.addEventListener(\"touchcancel\", this.onTouchCancel, false);if (!Event.prototype.stopImmediatePropagation) {\n        layer.removeEventListener = function (type, callback, capture) {\n          var rmv = Node.prototype.removeEventListener;if (type === \"click\") {\n            rmv.call(layer, type, callback.hijacked || callback, capture);\n          } else {\n            rmv.call(layer, type, callback, capture);\n          }\n        };layer.addEventListener = function (type, callback, capture) {\n          var adv = Node.prototype.addEventListener;if (type === \"click\") {\n            adv.call(layer, type, callback.hijacked || (callback.hijacked = function (event) {\n              if (!event.propagationStopped) {\n                callback(event);\n              }\n            }), capture);\n          } else {\n            adv.call(layer, type, callback, capture);\n          }\n        };\n      }if (typeof layer.onclick === \"function\") {\n        oldOnClick = layer.onclick;layer.addEventListener(\"click\", function (event) {\n          oldOnClick(event);\n        }, false);layer.onclick = null;\n      }\n    }FastClick.prototype.deviceIsAndroid = navigator.userAgent.indexOf(\"Android\") > 0;FastClick.prototype.deviceIsIOS = /iP(ad|hone|od)/.test(navigator.userAgent);FastClick.prototype.deviceIsIOS4 = FastClick.prototype.deviceIsIOS && /OS 4_\\d(_\\d)?/.test(navigator.userAgent);FastClick.prototype.deviceIsIOSWithBadTarget = FastClick.prototype.deviceIsIOS && /OS ([6-9]|\\d{2})_\\d/.test(navigator.userAgent);FastClick.prototype.needsClick = function (target) {\n      \"use strict\";\n      switch (target.nodeName.toLowerCase()) {case \"button\":case \"select\":case \"textarea\":\n          if (target.disabled) {\n            return true;\n          }break;case \"input\":\n          if (this.deviceIsIOS && target.type === \"file\" || target.disabled) {\n            return true;\n          }break;case \"label\":case \"video\":\n          return true;}return (/\\bneedsclick\\b/.test(target.className)\n      );\n    };FastClick.prototype.needsFocus = function (target) {\n      \"use strict\";\n      switch (target.nodeName.toLowerCase()) {case \"textarea\":\n          return true;case \"select\":\n          return !this.deviceIsAndroid;case \"input\":\n          switch (target.type) {case \"button\":case \"checkbox\":case \"file\":case \"image\":case \"radio\":case \"submit\":\n              return false;}return !target.disabled && !target.readOnly;default:\n          return (/\\bneedsfocus\\b/.test(target.className)\n          );}\n    };FastClick.prototype.sendClick = function (targetElement, event) {\n      \"use strict\";\n      var clickEvent, touch;if (document.activeElement && document.activeElement !== targetElement) {\n        document.activeElement.blur();\n      }touch = event.changedTouches[0];clickEvent = document.createEvent(\"MouseEvents\");clickEvent.initMouseEvent(this.determineEventType(targetElement), true, true, window, 1, touch.screenX, touch.screenY, touch.clientX, touch.clientY, false, false, false, false, 0, null);clickEvent.forwardedTouchEvent = true;targetElement.dispatchEvent(clickEvent);\n    };FastClick.prototype.determineEventType = function (targetElement) {\n      \"use strict\";\n      if (this.deviceIsAndroid && targetElement.tagName.toLowerCase() === \"select\") {\n        return \"mousedown\";\n      }return \"click\";\n    };FastClick.prototype.focus = function (targetElement) {\n      \"use strict\";\n      var length;if (this.deviceIsIOS && targetElement.setSelectionRange && targetElement.type.indexOf(\"date\") !== 0 && targetElement.type !== \"time\") {\n        length = targetElement.value.length;targetElement.setSelectionRange(length, length);\n      } else {\n        targetElement.focus();\n      }\n    };FastClick.prototype.updateScrollParent = function (targetElement) {\n      \"use strict\";\n      var scrollParent, parentElement;scrollParent = targetElement.fastClickScrollParent;if (!scrollParent || !scrollParent.contains(targetElement)) {\n        parentElement = targetElement;do {\n          if (parentElement.scrollHeight > parentElement.offsetHeight) {\n            scrollParent = parentElement;targetElement.fastClickScrollParent = parentElement;break;\n          }parentElement = parentElement.parentElement;\n        } while (parentElement);\n      }if (scrollParent) {\n        scrollParent.fastClickLastScrollTop = scrollParent.scrollTop;\n      }\n    };FastClick.prototype.getTargetElementFromEventTarget = function (eventTarget) {\n      \"use strict\";\n      if (eventTarget.nodeType === Node.TEXT_NODE) {\n        return eventTarget.parentNode;\n      }return eventTarget;\n    };FastClick.prototype.onTouchStart = function (event) {\n      \"use strict\";\n      var targetElement, touch, selection;if (event.targetTouches.length > 1) {\n        return true;\n      }targetElement = this.getTargetElementFromEventTarget(event.target);touch = event.targetTouches[0];if (this.deviceIsIOS) {\n        selection = window.getSelection();if (selection.rangeCount && !selection.isCollapsed) {\n          return true;\n        }if (!this.deviceIsIOS4) {\n          if (touch.identifier === this.lastTouchIdentifier) {\n            event.preventDefault();return false;\n          }this.lastTouchIdentifier = touch.identifier;this.updateScrollParent(targetElement);\n        }\n      }this.trackingClick = true;this.trackingClickStart = event.timeStamp;this.targetElement = targetElement;this.touchStartX = touch.pageX;this.touchStartY = touch.pageY;if (event.timeStamp - this.lastClickTime < 200) {\n        event.preventDefault();\n      }return true;\n    };FastClick.prototype.touchHasMoved = function (event) {\n      \"use strict\";\n      var touch = event.changedTouches[0],\n          boundary = this.touchBoundary;if (Math.abs(touch.pageX - this.touchStartX) > boundary || Math.abs(touch.pageY - this.touchStartY) > boundary) {\n        return true;\n      }return false;\n    };FastClick.prototype.onTouchMove = function (event) {\n      \"use strict\";\n      if (!this.trackingClick) {\n        return true;\n      }if (this.targetElement !== this.getTargetElementFromEventTarget(event.target) || this.touchHasMoved(event)) {\n        this.trackingClick = false;this.targetElement = null;\n      }return true;\n    };FastClick.prototype.findControl = function (labelElement) {\n      \"use strict\";\n      if (labelElement.control !== undefined) {\n        return labelElement.control;\n      }if (labelElement.htmlFor) {\n        return document.getElementById(labelElement.htmlFor);\n      }return labelElement.querySelector(\"button, input:not([type=hidden]), keygen, meter, output, progress, select, textarea\");\n    };FastClick.prototype.onTouchEnd = function (event) {\n      \"use strict\";\n      var forElement,\n          trackingClickStart,\n          targetTagName,\n          scrollParent,\n          touch,\n          targetElement = this.targetElement;if (!this.trackingClick) {\n        return true;\n      }if (event.timeStamp - this.lastClickTime < 200) {\n        this.cancelNextClick = true;return true;\n      }this.cancelNextClick = false;this.lastClickTime = event.timeStamp;trackingClickStart = this.trackingClickStart;this.trackingClick = false;this.trackingClickStart = 0;if (this.deviceIsIOSWithBadTarget) {\n        touch = event.changedTouches[0];targetElement = document.elementFromPoint(touch.pageX - window.pageXOffset, touch.pageY - window.pageYOffset) || targetElement;targetElement.fastClickScrollParent = this.targetElement.fastClickScrollParent;\n      }targetTagName = targetElement.tagName.toLowerCase();if (targetTagName === \"label\") {\n        forElement = this.findControl(targetElement);if (forElement) {\n          this.focus(targetElement);if (this.deviceIsAndroid) {\n            return false;\n          }targetElement = forElement;\n        }\n      } else if (this.needsFocus(targetElement)) {\n        if (event.timeStamp - trackingClickStart > 100 || this.deviceIsIOS && window.top !== window && targetTagName === \"input\") {\n          this.targetElement = null;return false;\n        }this.focus(targetElement);if (!this.deviceIsIOS4 || targetTagName !== \"select\") {\n          this.targetElement = null;event.preventDefault();\n        }return false;\n      }if (this.deviceIsIOS && !this.deviceIsIOS4) {\n        scrollParent = targetElement.fastClickScrollParent;if (scrollParent && scrollParent.fastClickLastScrollTop !== scrollParent.scrollTop) {\n          return true;\n        }\n      }if (!this.needsClick(targetElement)) {\n        event.preventDefault();this.sendClick(targetElement, event);\n      }return false;\n    };FastClick.prototype.onTouchCancel = function () {\n      \"use strict\";\n      this.trackingClick = false;this.targetElement = null;\n    };FastClick.prototype.onMouse = function (event) {\n      \"use strict\";\n      if (!this.targetElement) {\n        return true;\n      }if (event.forwardedTouchEvent) {\n        return true;\n      }if (!event.cancelable) {\n        return true;\n      }if (!this.needsClick(this.targetElement) || this.cancelNextClick) {\n        if (event.stopImmediatePropagation) {\n          event.stopImmediatePropagation();\n        } else {\n          event.propagationStopped = true;\n        }event.stopPropagation();event.preventDefault();return false;\n      }return true;\n    };FastClick.prototype.onClick = function (event) {\n      \"use strict\";\n      var permitted;if (this.trackingClick) {\n        this.targetElement = null;this.trackingClick = false;return true;\n      }if (event.target.type === \"submit\" && event.detail === 0) {\n        return true;\n      }permitted = this.onMouse(event);if (!permitted) {\n        this.targetElement = null;\n      }return permitted;\n    };FastClick.prototype.destroy = function () {\n      \"use strict\";\n      var layer = this.layer;if (this.deviceIsAndroid) {\n        layer.removeEventListener(\"mouseover\", this.onMouse, true);layer.removeEventListener(\"mousedown\", this.onMouse, true);layer.removeEventListener(\"mouseup\", this.onMouse, true);\n      }layer.removeEventListener(\"click\", this.onClick, true);layer.removeEventListener(\"touchstart\", this.onTouchStart, false);layer.removeEventListener(\"touchmove\", this.onTouchMove, false);layer.removeEventListener(\"touchend\", this.onTouchEnd, false);layer.removeEventListener(\"touchcancel\", this.onTouchCancel, false);\n    };FastClick.notNeeded = function (layer) {\n      \"use strict\";\n      var metaViewport;var chromeVersion;if (typeof window.ontouchstart === \"undefined\") {\n        return true;\n      }chromeVersion = +(/Chrome\\/([0-9]+)/.exec(navigator.userAgent) || [, 0])[1];if (chromeVersion) {\n        if (FastClick.prototype.deviceIsAndroid) {\n          metaViewport = document.querySelector(\"meta[name=viewport]\");if (metaViewport) {\n            if (metaViewport.content.indexOf(\"user-scalable=no\") !== -1) {\n              return true;\n            }if (chromeVersion > 31 && window.innerWidth <= window.screen.width) {\n              return true;\n            }\n          }\n        } else {\n          return true;\n        }\n      }if (layer.style.msTouchAction === \"none\") {\n        return true;\n      }return false;\n    };FastClick.attach = function (layer) {\n      \"use strict\";\n      return new FastClick(layer);\n    };if (typeof define !== \"undefined\" && define.amd) {\n      define(function () {\n        \"use strict\";\n        return FastClick;\n      });\n    } else if (typeof module !== \"undefined\" && module.exports) {\n      module.exports = FastClick.attach;module.exports.FastClick = FastClick;\n    } else {\n      window.FastClick = FastClick;\n    }\n  });require.register(\"component~indexof@0.0.3\", function (exports, module) {\n    module.exports = function (arr, obj) {\n      if (arr.indexOf) return arr.indexOf(obj);for (var i = 0; i < arr.length; ++i) {\n        if (arr[i] === obj) return i;\n      }return -1;\n    };\n  });require.register(\"component~classes@1.2.1\", function (exports, module) {\n    var index = require(\"component~indexof@0.0.3\");var re = /\\s+/;var toString = Object.prototype.toString;module.exports = function (el) {\n      return new ClassList(el);\n    };function ClassList(el) {\n      if (!el) throw new Error(\"A DOM element reference is required\");this.el = el;this.list = el.classList;\n    }ClassList.prototype.add = function (name) {\n      if (this.list) {\n        this.list.add(name);return this;\n      }var arr = this.array();var i = index(arr, name);if (! ~i) arr.push(name);this.el.className = arr.join(\" \");return this;\n    };ClassList.prototype.remove = function (name) {\n      if (\"[object RegExp]\" == toString.call(name)) {\n        return this.removeMatching(name);\n      }if (this.list) {\n        this.list.remove(name);return this;\n      }var arr = this.array();var i = index(arr, name);if (~i) arr.splice(i, 1);this.el.className = arr.join(\" \");return this;\n    };ClassList.prototype.removeMatching = function (re) {\n      var arr = this.array();for (var i = 0; i < arr.length; i++) {\n        if (re.test(arr[i])) {\n          this.remove(arr[i]);\n        }\n      }return this;\n    };ClassList.prototype.toggle = function (name, force) {\n      if (this.list) {\n        if (\"undefined\" !== typeof force) {\n          if (force !== this.list.toggle(name, force)) {\n            this.list.toggle(name);\n          }\n        } else {\n          this.list.toggle(name);\n        }return this;\n      }if (\"undefined\" !== typeof force) {\n        if (!force) {\n          this.remove(name);\n        } else {\n          this.add(name);\n        }\n      } else {\n        if (this.has(name)) {\n          this.remove(name);\n        } else {\n          this.add(name);\n        }\n      }return this;\n    };ClassList.prototype.array = function () {\n      var str = this.el.className.replace(/^\\s+|\\s+$/g, \"\");var arr = str.split(re);if (\"\" === arr[0]) arr.shift();return arr;\n    };ClassList.prototype.has = ClassList.prototype.contains = function (name) {\n      return this.list ? this.list.contains(name) : !! ~index(this.array(), name);\n    };\n  });require.register(\"switchery\", function (exports, module) {\n    var transitionize = require(\"abpetkov~transitionize@0.0.3\"),\n        fastclick = require(\"ftlabs~fastclick@v0.6.11\"),\n        classes = require(\"component~classes@1.2.1\");module.exports = Switchery;var defaults = { color: \"#64bd63\", secondaryColor: \"#dfdfdf\", jackColor: \"#fff\", className: \"switchery\", disabled: false, disabledOpacity: .5, speed: \"0.4s\", size: \"default\" };function Switchery(element, options) {\n      if (!(this instanceof Switchery)) return new Switchery(element, options);this.element = element;this.options = options || {};for (var i in meteorBabelHelpers.sanitizeForInObject(defaults)) {\n        if (this.options[i] == null) {\n          this.options[i] = defaults[i];\n        }\n      }if (this.element != null && this.element.type == \"checkbox\") this.init();\n    }Switchery.prototype.hide = function () {\n      this.element.style.display = \"none\";\n    };Switchery.prototype.show = function () {\n      var switcher = this.create();this.insertAfter(this.element, switcher);\n    };Switchery.prototype.create = function () {\n      this.switcher = document.createElement(\"span\");this.jack = document.createElement(\"small\");this.switcher.appendChild(this.jack);this.switcher.className = this.options.className;return this.switcher;\n    };Switchery.prototype.insertAfter = function (reference, target) {\n      reference.parentNode.insertBefore(target, reference.nextSibling);\n    };Switchery.prototype.isChecked = function () {\n      return this.element.checked;\n    };Switchery.prototype.isDisabled = function () {\n      return this.options.disabled || this.element.disabled || this.element.readOnly;\n    };Switchery.prototype.setPosition = function (clicked) {\n      var checked = this.isChecked(),\n          switcher = this.switcher,\n          jack = this.jack;if (clicked && checked) checked = false;else if (clicked && !checked) checked = true;if (checked === true) {\n        this.element.checked = true;if (window.getComputedStyle) jack.style.left = parseInt(window.getComputedStyle(switcher).width) - parseInt(window.getComputedStyle(jack).width) + \"px\";else jack.style.left = parseInt(switcher.currentStyle[\"width\"]) - parseInt(jack.currentStyle[\"width\"]) + \"px\";if (this.options.color) this.colorize();this.setSpeed();\n      } else {\n        jack.style.left = 0;this.element.checked = false;this.switcher.style.boxShadow = \"inset 0 0 0 0 \" + this.options.secondaryColor;this.switcher.style.borderColor = this.options.secondaryColor;this.switcher.style.backgroundColor = this.options.secondaryColor !== defaults.secondaryColor ? this.options.secondaryColor : \"#fff\";this.jack.style.backgroundColor = this.options.jackColor;this.setSpeed();\n      }\n    };Switchery.prototype.setSpeed = function () {\n      var switcherProp = {},\n          jackProp = { left: this.options.speed.replace(/[a-z]/, \"\") / 2 + \"s\" };if (this.isChecked()) {\n        switcherProp = { border: this.options.speed, \"box-shadow\": this.options.speed, \"background-color\": this.options.speed.replace(/[a-z]/, \"\") * 3 + \"s\" };\n      } else {\n        switcherProp = { border: this.options.speed, \"box-shadow\": this.options.speed };\n      }transitionize(this.switcher, switcherProp);transitionize(this.jack, jackProp);\n    };Switchery.prototype.setSize = function () {\n      var small = \"switchery-small\",\n          normal = \"switchery-default\",\n          large = \"switchery-large\";switch (this.options.size) {case \"small\":\n          classes(this.switcher).add(small);break;case \"large\":\n          classes(this.switcher).add(large);break;default:\n          classes(this.switcher).add(normal);break;}\n    };Switchery.prototype.colorize = function () {\n      var switcherHeight = this.switcher.offsetHeight / 2;this.switcher.style.backgroundColor = this.options.color;this.switcher.style.borderColor = this.options.color;this.switcher.style.boxShadow = \"inset 0 0 0 \" + switcherHeight + \"px \" + this.options.color;this.jack.style.backgroundColor = this.options.jackColor;\n    };Switchery.prototype.handleOnchange = function (state) {\n      if (document.dispatchEvent) {\n        var event = document.createEvent(\"HTMLEvents\");event.initEvent(\"change\", true, true);this.element.dispatchEvent(event);\n      } else {\n        this.element.fireEvent(\"onchange\");\n      }\n    };Switchery.prototype.handleChange = function () {\n      var self = this,\n          el = this.element;if (el.addEventListener) {\n        el.addEventListener(\"change\", function () {\n          self.setPosition();\n        });\n      } else {\n        el.attachEvent(\"onchange\", function () {\n          self.setPosition();\n        });\n      }\n    };Switchery.prototype.handleClick = function () {\n      var self = this,\n          switcher = this.switcher,\n          parent = self.element.parentNode.tagName.toLowerCase(),\n          labelParent = parent === \"label\" ? false : true;if (this.isDisabled() === false) {\n        fastclick(switcher);if (switcher.addEventListener) {\n          switcher.addEventListener(\"click\", function (e) {\n            self.setPosition(labelParent);self.handleOnchange(self.element.checked);\n          });\n        } else {\n          switcher.attachEvent(\"onclick\", function () {\n            self.setPosition(labelParent);self.handleOnchange(self.element.checked);\n          });\n        }\n      } else {\n        this.element.disabled = true;this.switcher.style.opacity = this.options.disabledOpacity;\n      }\n    };Switchery.prototype.markAsSwitched = function () {\n      this.element.setAttribute(\"data-switchery\", true);\n    };Switchery.prototype.markedAsSwitched = function () {\n      return this.element.getAttribute(\"data-switchery\");\n    };Switchery.prototype.init = function () {\n      this.hide();this.show();this.setSize();this.setPosition();this.markAsSwitched();this.handleChange();this.handleClick();\n    };\n  });if ((typeof exports === 'undefined' ? 'undefined' : (0, _typeof3['default'])(exports)) == \"object\") {\n    module.exports = require(\"switchery\");\n  } else if (typeof define == \"function\" && define.amd) {\n    define(\"Switchery\", [], function () {\n      return require(\"switchery\");\n    });\n  } else {\n    (this || window)[\"Switchery\"] = require(\"switchery\");\n  }\n})();","ast":null,"map":{"version":3,"sources":["/client/lib/compatibility/slicklab/js/switchery/switchery.min.js"],"names":[],"mappings":";;;;;;AAAA,CAAC,YAAU;AAAC,WAAS,OAAT,CAAiB,IAAjB,EAAsB;AAAC,QAAI,SAAO,QAAQ,OAAR,CAAgB,IAAhB,CAAP,CAAL,IAAqC,CAAC,MAAD,EAAQ,MAAM,IAAI,KAAJ,CAAU,wBAAsB,IAAtB,GAA2B,GAA3B,CAAhB,CAAX,IAA8D,EAAE,aAAY,MAAZ,CAAF,IAAuB,OAAO,OAAO,UAAP,KAAoB,UAA3B,EAAsC;AAAC,aAAO,MAAP,GAAc,OAAO,SAAP,GAAiB,IAAjB,CAAf,MAAqC,CAAO,UAAP,CAAkB,IAAlB,CAAuB,IAAvB,EAA4B,OAAO,OAAP,GAAe,EAAf,EAAkB,MAA9C,EAArC,OAAkG,OAAO,UAAP,CAAlG;KAAhE,OAA2L,OAAO,OAAP,CAAxR;GAAtB,OAA6T,CAAQ,MAAR,GAAe,WAAf,CAA9T,OAAyV,CAAQ,MAAR,GAAe,EAAf,CAAzV,OAA2W,CAAQ,MAAR,CAAe,UAAf,GAA0B,UAAS,CAAT,EAAW,CAAX,EAAa;AAAC,QAAI,SAAO,EAAE,OAAF,CAAU,KAAV,CAAgB,GAAhB,CAAP,CAAL,IAAqC,SAAO,EAAE,OAAF,CAAU,KAAV,CAAgB,GAAhB,CAAP,CAArC,KAAqE,IAAI,IAAE,CAAF,EAAI,IAAE,OAAO,MAAP,EAAc,EAAE,CAAF,EAAI;AAAC,UAAI,OAAK,SAAS,OAAO,CAAP,CAAT,EAAmB,EAAnB,CAAL,CAAL,IAAqC,OAAK,SAAS,OAAO,CAAP,CAAT,EAAmB,EAAnB,CAAL,CAArC,IAAoE,SAAO,IAAP,EAAY;AAAC,YAAI,OAAK,OAAO,CAAP,EAAU,MAAV,CAAiB,CAAC,KAAG,IAAH,CAAD,CAAU,MAAV,CAAtB,CAAL,IAAiD,OAAK,OAAO,CAAP,EAAU,MAAV,CAAiB,CAAC,KAAG,IAAH,CAAD,CAAU,MAAV,CAAtB,CAAjD,IAA4F,SAAO,EAAP,IAAW,SAAO,EAAP,EAAU,OAAO,CAAP,CAAxB,IAAoC,SAAO,EAAP,IAAW,SAAO,EAAP,EAAU,OAAM,CAAC,CAAD,CAA9B,IAAoC,SAAO,EAAP,IAAW,SAAO,EAAP,EAAU,OAAO,OAAK,IAAL,GAAU,CAAV,GAAY,CAAC,CAAD,CAA3C,SAA3J;OAAf,MAAsO,IAAG,OAAK,IAAL,EAAU;AAAC,eAAO,CAAP,CAAD;OAAb,MAA2B;AAAC,eAAM,CAAC,CAAD,CAAP;OAA3B;KAAvU,OAAoX,CAAP,CAA9a;GAAb,CAArY,OAA00B,CAAQ,MAAR,GAAe,UAAS,IAAT,EAAc,UAAd,EAAyB;AAAC,aAAS,SAAT,CAAmB,IAAnB,EAAwB;AAAC,YAAM,IAAI,KAAJ,CAAU,sCAAoC,IAApC,GAAyC,GAAzC,CAAhB,CAAD;KAAxB,IAA2F,gBAAc,oCAAd,CAA5F,IAAmJ,eAAa,WAAb,CAAnJ,IAA+K,CAAC,aAAa,IAAb,CAAkB,IAAlB,CAAD,EAAyB,UAAU,IAAV,EAA5B,IAAgD,cAAY,OAAO,IAAP,CAAY,QAAQ,OAAR,CAAxB,CAA5N,IAAyQ,mBAAiB,EAAjB,CAAzQ,IAAiS,kBAAgB,EAAhB,CAAjS,KAAwT,IAAI,IAAE,CAAF,EAAI,IAAE,YAAY,MAAZ,EAAmB,GAAjC,EAAqC;AAAC,UAAI,aAAW,YAAY,CAAZ,CAAX,CAAL,IAAkC,IAAI,MAAJ,CAAW,OAAK,GAAL,CAAX,CAAqB,IAArB,CAA0B,UAA1B,CAAH,EAAyC;AAAC,YAAI,UAAQ,WAAW,MAAX,CAAkB,KAAK,MAAL,GAAY,CAAZ,CAA1B,CAAL,IAAkD,cAAY,cAAc,IAAd,CAAmB,UAAnB,CAAZ,CAAlD,IAAgG,eAAa,IAAb,EAAkB;AAAC,2BAAiB,IAAjB,CAAsB,EAAC,SAAQ,OAAR,EAAgB,MAAK,UAAL,EAAvC,EAAD;SAArB,MAAmF;AAAC,0BAAgB,IAAhB,CAAqB,EAAC,SAAQ,OAAR,EAAgB,MAAK,UAAL,EAAtC,EAAD;SAAnF;OAAtI;KAApE,IAA2V,iBAAiB,MAAjB,CAAwB,eAAxB,EAAyC,MAAzC,KAAkD,CAAlD,EAAoD;AAAC,gBAAU,IAAV,EAAD;KAAvD,IAA2E,iBAAiB,MAAjB,GAAwB,CAAxB,EAA0B;AAAC,UAAI,SAAO,iBAAiB,IAAjB,CAAsB,QAAQ,MAAR,CAAe,UAAf,CAAtB,CAAiD,GAAjD,GAAuD,IAAvD,CAAZ,IAA2E,eAAa,IAAb,EAAkB;AAAC,eAAO,MAAP,CAAD;OAArB,OAA2C,QAAQ,MAAR,CAAP,CAA5G;KAA7B,IAAoK,SAAO,gBAAgB,GAAhB,GAAsB,IAAtB,CAA/3B,IAA65B,eAAa,IAAb,EAAkB;AAAC,aAAO,MAAP,CAAD;KAArB,OAA2C,QAAQ,MAAR,CAAP,CAA97B;GAAzB,CAAz1B,OAAw0D,CAAQ,OAAR,GAAgB,EAAhB,CAAx0D,OAA21D,CAAQ,QAAR,GAAiB,UAAS,IAAT,EAAc,UAAd,EAAyB;AAAC,YAAQ,OAAR,CAAgB,IAAhB,IAAsB,EAAC,YAAW,UAAX,EAAvB,CAAD;GAAzB,CAA52D,OAAq7D,CAAQ,MAAR,GAAe,UAAS,IAAT,EAAc,OAAd,EAAsB;AAAC,YAAQ,OAAR,CAAgB,IAAhB,IAAsB,EAAC,SAAQ,OAAR,EAAvB,CAAD;GAAtB,CAAp8D,OAAogE,CAAQ,QAAR,CAAiB,8BAAjB,EAAgD,UAAS,OAAT,EAAiB,MAAjB,EAAwB;AAAC,WAAO,OAAP,GAAe,aAAf,CAAD,SAAuC,aAAT,CAAuB,OAAvB,EAA+B,KAA/B,EAAqC;AAAC,UAAG,EAAE,gBAAgB,aAAhB,CAAF,EAAiC,OAAO,IAAI,aAAJ,CAAkB,OAAlB,EAA0B,KAA1B,CAAP,CAApC,IAA4E,CAAK,OAAL,GAAa,OAAb,CAA7E,IAAkG,CAAK,KAAL,GAAW,SAAO,EAAP,CAA7G,IAAuH,CAAK,IAAL,GAAvH;KAArC,aAAwK,CAAc,SAAd,CAAwB,QAAxB,GAAiC,YAAU;AAAC,aAAM,UAAS,IAAT,CAAc,UAAU,SAAV,CAAd,IAAoC,iBAAiB,IAAjB,CAAsB,UAAU,MAAV,CAA1D;QAAP;KAAV,CAAvO,aAAqU,CAAc,SAAd,CAAwB,IAAxB,GAA6B,YAAU;AAAC,UAAI,cAAY,EAAZ,CAAL,KAAwB,IAAI,GAAJ,2CAAW,KAAK,KAAL,CAAf,EAA0B;AAAC,oBAAY,IAAZ,CAAiB,MAAI,GAAJ,GAAQ,KAAK,KAAL,CAAW,GAAX,CAAR,CAAjB,CAAD;OAA1B,IAAqE,CAAK,OAAL,CAAa,KAAb,CAAmB,UAAnB,GAA8B,YAAY,IAAZ,CAAiB,IAAjB,CAA9B,CAAzF,IAAiJ,KAAK,QAAL,EAAH,EAAmB,KAAK,OAAL,CAAa,KAAb,CAAmB,gBAAnB,GAAoC,YAAY,IAAZ,CAAiB,IAAjB,CAApC,CAAnB;KAAxJ,CAAlW;GAAxB,CAAhD,CAApgE,OAAupF,CAAQ,QAAR,CAAiB,0BAAjB,EAA4C,UAAS,OAAT,EAAiB,MAAjB,EAAwB;AAAC,aAAS,SAAT,CAAmB,KAAnB,EAAyB;AAAC,mBAAD;AAAc,UAAI,UAAJ;UAAe,OAAK,IAAL,CAA7B,IAAuC,CAAK,aAAL,GAAmB,KAAnB,CAAvC,IAAgE,CAAK,kBAAL,GAAwB,CAAxB,CAAhE,IAA0F,CAAK,aAAL,GAAmB,IAAnB,CAA1F,IAAkH,CAAK,WAAL,GAAiB,CAAjB,CAAlH,IAAqI,CAAK,WAAL,GAAiB,CAAjB,CAArI,IAAwJ,CAAK,mBAAL,GAAyB,CAAzB,CAAxJ,IAAmL,CAAK,aAAL,GAAmB,EAAnB,CAAnL,IAAyM,CAAK,KAAL,GAAW,KAAX,CAAzM,IAA6N,CAAC,KAAD,IAAQ,CAAC,MAAM,QAAN,EAAe;AAAC,cAAM,IAAI,SAAJ,CAAc,+BAAd,CAAN,CAAD;OAA3B,IAAiF,CAAK,OAAL,GAAa,YAAU;AAAC,eAAO,UAAU,SAAV,CAAoB,OAApB,CAA4B,KAA5B,CAAkC,IAAlC,EAAuC,SAAvC,CAAP,CAAD;OAAV,CAAxT,IAA6X,CAAK,OAAL,GAAa,YAAU;AAAC,eAAO,UAAU,SAAV,CAAoB,OAApB,CAA4B,KAA5B,CAAkC,IAAlC,EAAuC,SAAvC,CAAP,CAAD;OAAV,CAA1Y,IAA+c,CAAK,YAAL,GAAkB,YAAU;AAAC,eAAO,UAAU,SAAV,CAAoB,YAApB,CAAiC,KAAjC,CAAuC,IAAvC,EAA4C,SAA5C,CAAP,CAAD;OAAV,CAAje,IAA2iB,CAAK,WAAL,GAAiB,YAAU;AAAC,eAAO,UAAU,SAAV,CAAoB,WAApB,CAAgC,KAAhC,CAAsC,IAAtC,EAA2C,SAA3C,CAAP,CAAD;OAAV,CAA5jB,IAAqoB,CAAK,UAAL,GAAgB,YAAU;AAAC,eAAO,UAAU,SAAV,CAAoB,UAApB,CAA+B,KAA/B,CAAqC,IAArC,EAA0C,SAA1C,CAAP,CAAD;OAAV,CAArpB,IAA6tB,CAAK,aAAL,GAAmB,YAAU;AAAC,eAAO,UAAU,SAAV,CAAoB,aAApB,CAAkC,KAAlC,CAAwC,IAAxC,EAA6C,SAA7C,CAAP,CAAD;OAAV,CAAhvB,IAA8zB,UAAU,SAAV,CAAoB,KAApB,CAAH,EAA8B;AAAC,eAAD;OAA9B,IAAyC,KAAK,eAAL,EAAqB;AAAC,cAAM,gBAAN,CAAuB,WAAvB,EAAmC,KAAK,OAAL,EAAa,IAAhD,EAAD,KAAuD,CAAM,gBAAN,CAAuB,WAAvB,EAAmC,KAAK,OAAL,EAAa,IAAhD,EAAvD,KAA6G,CAAM,gBAAN,CAAuB,SAAvB,EAAiC,KAAK,OAAL,EAAa,IAA9C,EAA7G;OAAxB,KAAyL,CAAM,gBAAN,CAAuB,OAAvB,EAA+B,KAAK,OAAL,EAAa,IAA5C,EAA1hC,KAA4kC,CAAM,gBAAN,CAAuB,YAAvB,EAAoC,KAAK,YAAL,EAAkB,KAAtD,EAA5kC,KAAyoC,CAAM,gBAAN,CAAuB,WAAvB,EAAmC,KAAK,WAAL,EAAiB,KAApD,EAAzoC,KAAosC,CAAM,gBAAN,CAAuB,UAAvB,EAAkC,KAAK,UAAL,EAAgB,KAAlD,EAApsC,KAA6vC,CAAM,gBAAN,CAAuB,aAAvB,EAAqC,KAAK,aAAL,EAAmB,KAAxD,EAA7vC,IAA+zC,CAAC,MAAM,SAAN,CAAgB,wBAAhB,EAAyC;AAAC,cAAM,mBAAN,GAA0B,UAAS,IAAT,EAAc,QAAd,EAAuB,OAAvB,EAA+B;AAAC,cAAI,MAAI,KAAK,SAAL,CAAe,mBAAf,CAAT,IAA+C,SAAO,OAAP,EAAe;AAAC,gBAAI,IAAJ,CAAS,KAAT,EAAe,IAAf,EAAoB,SAAS,QAAT,IAAmB,QAAnB,EAA4B,OAAhD,EAAD;WAAlB,MAAgF;AAAC,gBAAI,IAAJ,CAAS,KAAT,EAAe,IAAf,EAAoB,QAApB,EAA6B,OAA7B,EAAD;WAAhF;SAA3E,CAA3B,KAA+N,CAAM,gBAAN,GAAuB,UAAS,IAAT,EAAc,QAAd,EAAuB,OAAvB,EAA+B;AAAC,cAAI,MAAI,KAAK,SAAL,CAAe,gBAAf,CAAT,IAA4C,SAAO,OAAP,EAAe;AAAC,gBAAI,IAAJ,CAAS,KAAT,EAAe,IAAf,EAAoB,SAAS,QAAT,KAAoB,SAAS,QAAT,GAAkB,UAAS,KAAT,EAAe;AAAC,kBAAG,CAAC,MAAM,kBAAN,EAAyB;AAAC,yBAAS,KAAT,EAAD;eAA7B;aAAhB,CAAtC,EAAuG,OAA3H,EAAD;WAAlB,MAA2J;AAAC,gBAAI,IAAJ,CAAS,KAAT,EAAe,IAAf,EAAoB,QAApB,EAA6B,OAA7B,EAAD;WAA3J;SAAxE,CAAtP;OAA7C,IAAkjB,OAAO,MAAM,OAAN,KAAgB,UAAvB,EAAkC;AAAC,qBAAW,MAAM,OAAN,CAAZ,KAA0B,CAAM,gBAAN,CAAuB,OAAvB,EAA+B,UAAS,KAAT,EAAe;AAAC,qBAAW,KAAX,EAAD;SAAf,EAAmC,KAAlE,EAA1B,KAAmG,CAAM,OAAN,GAAc,IAAd,CAAnG;OAArC;KAAp4D,SAAgiE,CAAU,SAAV,CAAoB,eAApB,GAAoC,UAAU,SAAV,CAAoB,OAApB,CAA4B,SAA5B,IAAuC,CAAvC,CAArkE,SAA8mE,CAAU,SAAV,CAAoB,WAApB,GAAgC,iBAAiB,IAAjB,CAAsB,UAAU,SAAV,CAAtD,CAA9mE,SAAyrE,CAAU,SAAV,CAAoB,YAApB,GAAiC,UAAU,SAAV,CAAoB,WAApB,IAAiC,gBAAgB,IAAhB,CAAqB,UAAU,SAAV,CAAtD,CAA1tE,SAAqyE,CAAU,SAAV,CAAoB,wBAApB,GAA6C,UAAU,SAAV,CAAoB,WAApB,IAAiC,sBAAsB,IAAtB,CAA2B,UAAU,SAAV,CAA5D,CAAl1E,SAAm6E,CAAU,SAAV,CAAoB,UAApB,GAA+B,UAAS,MAAT,EAAgB;AAAC,mBAAD;AAAc,cAAO,OAAO,QAAP,CAAgB,WAAhB,EAAP,GAAsC,KAAI,QAAJ,CAAtC,KAAuD,QAAJ,CAAnD,KAAoE,UAAJ;AAAe,cAAG,OAAO,QAAP,EAAgB;AAAC,mBAAO,IAAP,CAAD;WAAnB,MAAf,KAAyD,OAAJ;AAAY,cAAG,KAAK,WAAL,IAAkB,OAAO,IAAP,KAAc,MAAd,IAAsB,OAAO,QAAP,EAAgB;AAAC,mBAAO,IAAP,CAAD;WAA3D,MAAZ,KAA8F,OAAJ,CAA/M,KAA+N,OAAJ;AAAY,iBAAO,IAAP,CAAZ,CAAzO,OAAuQ,kBAAiB,IAAjB,CAAsB,OAAO,SAAP,CAA5B;QAAjQ;KAAhB,CAAl8E,SAAkwF,CAAU,SAAV,CAAoB,UAApB,GAA+B,UAAS,MAAT,EAAgB;AAAC,mBAAD;AAAc,cAAO,OAAO,QAAP,CAAgB,WAAhB,EAAP,GAAsC,KAAI,UAAJ;AAAe,iBAAO,IAAP,CAAf,KAA+B,QAAJ;AAAa,iBAAM,CAAC,KAAK,eAAL,CAApB,KAA6C,OAAJ;AAAY,kBAAO,OAAO,IAAP,GAAa,KAAI,QAAJ,CAApB,KAAqC,UAAJ,CAAjC,KAAoD,MAAJ,CAAhD,KAA+D,OAAJ,CAA3D,KAA2E,OAAJ,CAAvE,KAAuF,QAAJ;AAAa,qBAAO,KAAP,CAAb,CAA/F,OAA+H,CAAC,OAAO,QAAP,IAAiB,CAAC,OAAO,QAAP,CAAlJ;AAA0K,iBAAM,kBAAiB,IAAjB,CAAsB,OAAO,SAAP,CAA5B;YAAR,CAA1R;KAAhB,CAAjyF,SAAmoG,CAAU,SAAV,CAAoB,SAApB,GAA8B,UAAS,aAAT,EAAuB,KAAvB,EAA6B;AAAC,mBAAD;AAAc,UAAI,UAAJ,EAAe,KAAf,CAAd,IAAsC,SAAS,aAAT,IAAwB,SAAS,aAAT,KAAyB,aAAzB,EAAuC;AAAC,iBAAS,aAAT,CAAuB,IAAvB,GAAD;OAAlE,KAAiG,GAAM,MAAM,cAAN,CAAqB,CAArB,CAAN,CAApI,UAAkK,GAAW,SAAS,WAAT,CAAqB,aAArB,CAAX,CAAlK,UAAiN,CAAW,cAAX,CAA0B,KAAK,kBAAL,CAAwB,aAAxB,CAA1B,EAAiE,IAAjE,EAAsE,IAAtE,EAA2E,MAA3E,EAAkF,CAAlF,EAAoF,MAAM,OAAN,EAAc,MAAM,OAAN,EAAc,MAAM,OAAN,EAAc,MAAM,OAAN,EAAc,KAA5I,EAAkJ,KAAlJ,EAAwJ,KAAxJ,EAA8J,KAA9J,EAAoK,CAApK,EAAsK,IAAtK,EAAjN,UAA6X,CAAW,mBAAX,GAA+B,IAA/B,CAA7X,aAAia,CAAc,aAAd,CAA4B,UAA5B,EAAja;KAA7B,CAAjqG,SAAwoH,CAAU,SAAV,CAAoB,kBAApB,GAAuC,UAAS,aAAT,EAAuB;AAAC,mBAAD;AAAc,UAAG,KAAK,eAAL,IAAsB,cAAc,OAAd,CAAsB,WAAtB,OAAsC,QAAtC,EAA+C;AAAC,eAAM,WAAN,CAAD;OAAxE,OAAiG,OAAN,CAAzG;KAAvB,CAA/qH,SAA8zH,CAAU,SAAV,CAAoB,KAApB,GAA0B,UAAS,aAAT,EAAuB;AAAC,mBAAD;AAAc,UAAI,MAAJ,CAAd,IAA4B,KAAK,WAAL,IAAkB,cAAc,iBAAd,IAAiC,cAAc,IAAd,CAAmB,OAAnB,CAA2B,MAA3B,MAAqC,CAArC,IAAwC,cAAc,IAAd,KAAqB,MAArB,EAA4B;AAAC,iBAAO,cAAc,KAAd,CAAoB,MAApB,CAAR,aAAmC,CAAc,iBAAd,CAAgC,MAAhC,EAAuC,MAAvC,EAAnC;OAA1H,MAAgN;AAAC,sBAAc,KAAd,GAAD;OAAhN;KAAhD,CAAx1H,SAAinI,CAAU,SAAV,CAAoB,kBAApB,GAAuC,UAAS,aAAT,EAAuB;AAAC,mBAAD;AAAc,UAAI,YAAJ,EAAiB,aAAjB,CAAd,YAA6C,GAAa,cAAc,qBAAd,CAA1D,IAAiG,CAAC,YAAD,IAAe,CAAC,aAAa,QAAb,CAAsB,aAAtB,CAAD,EAAsC;AAAC,wBAAc,aAAd,CAAD,GAA+B;AAAC,cAAG,cAAc,YAAd,GAA2B,cAAc,YAAd,EAA2B;AAAC,2BAAa,aAAb,CAAD,aAA4B,CAAc,qBAAd,GAAoC,aAApC,CAA5B;WAAzD,aAA6I,GAAc,cAAc,aAAd,CAA5J;SAAF,QAAgM,aAAhM,EAA7B;OAAxD,IAAuS,YAAH,EAAgB;AAAC,qBAAa,sBAAb,GAAoC,aAAa,SAAb,CAArC;OAAhB;KAAzZ,CAAxpI,SAA+nJ,CAAU,SAAV,CAAoB,+BAApB,GAAoD,UAAS,WAAT,EAAqB;AAAC,mBAAD;AAAc,UAAG,YAAY,QAAZ,KAAuB,KAAK,SAAL,EAAe;AAAC,eAAO,YAAY,UAAZ,CAAR;OAAzC,OAA+E,WAAP,CAAtF;KAArB,CAAnrJ,SAAkzJ,CAAU,SAAV,CAAoB,YAApB,GAAiC,UAAS,KAAT,EAAe;AAAC,mBAAD;AAAc,UAAI,aAAJ,EAAkB,KAAlB,EAAwB,SAAxB,CAAd,IAAmD,MAAM,aAAN,CAAoB,MAApB,GAA2B,CAA3B,EAA6B;AAAC,eAAO,IAAP,CAAD;OAAhC,aAA6C,GAAc,KAAK,+BAAL,CAAqC,MAAM,MAAN,CAAnD,CAA7F,KAA8J,GAAM,MAAM,aAAN,CAAoB,CAApB,CAAN,CAA9J,IAA8L,KAAK,WAAL,EAAiB;AAAC,oBAAU,OAAO,YAAP,EAAV,CAAD,IAAoC,UAAU,UAAV,IAAsB,CAAC,UAAU,WAAV,EAAsB;AAAC,iBAAO,IAAP,CAAD;SAAhD,IAAgE,CAAC,KAAK,YAAL,EAAkB;AAAC,cAAG,MAAM,UAAN,KAAmB,KAAK,mBAAL,EAAyB;AAAC,kBAAM,cAAN,GAAD,OAA+B,KAAP,CAAxB;WAA/C,IAAoF,CAAK,mBAAL,GAAyB,MAAM,UAAN,CAA9G,IAA+H,CAAK,kBAAL,CAAwB,aAAxB,EAA/H;SAAtB;OAAlH,IAA+S,CAAK,aAAL,GAAmB,IAAnB,CAA1e,IAAkgB,CAAK,kBAAL,GAAwB,MAAM,SAAN,CAA1hB,IAA0iB,CAAK,aAAL,GAAmB,aAAnB,CAA1iB,IAA2kB,CAAK,WAAL,GAAiB,MAAM,KAAN,CAA5lB,IAAwmB,CAAK,WAAL,GAAiB,MAAM,KAAN,CAAznB,IAAwoB,MAAM,SAAN,GAAgB,KAAK,aAAL,GAAmB,GAAnC,EAAuC;AAAC,cAAM,cAAN,GAAD;OAA1C,OAAyE,IAAP,CAAvsB;KAAf,CAAn1J,SAAsjL,CAAU,SAAV,CAAoB,aAApB,GAAkC,UAAS,KAAT,EAAe;AAAC,mBAAD;AAAc,UAAI,QAAM,MAAM,cAAN,CAAqB,CAArB,CAAN;UAA8B,WAAS,KAAK,aAAL,CAAzD,IAA+E,KAAK,GAAL,CAAS,MAAM,KAAN,GAAY,KAAK,WAAL,CAArB,GAAuC,QAAvC,IAAiD,KAAK,GAAL,CAAS,MAAM,KAAN,GAAY,KAAK,WAAL,CAArB,GAAuC,QAAvC,EAAgD;AAAC,eAAO,IAAP,CAAD;OAApG,OAAwH,KAAP,CAA7L;KAAf,CAAxlL,SAAkzL,CAAU,SAAV,CAAoB,WAApB,GAAgC,UAAS,KAAT,EAAe;AAAC,mBAAD;AAAc,UAAG,CAAC,KAAK,aAAL,EAAmB;AAAC,eAAO,IAAP,CAAD;OAAvB,IAAuC,KAAK,aAAL,KAAqB,KAAK,+BAAL,CAAqC,MAAM,MAAN,CAA1D,IAAyE,KAAK,aAAL,CAAmB,KAAnB,CAAzE,EAAmG;AAAC,aAAK,aAAL,GAAmB,KAAnB,CAAD,IAA0B,CAAK,aAAL,GAAmB,IAAnB,CAA1B;OAAtG,OAA+J,IAAP,CAA1M;KAAf,CAAl1L,SAAwjM,CAAU,SAAV,CAAoB,WAApB,GAAgC,UAAS,YAAT,EAAsB;AAAC,mBAAD;AAAc,UAAG,aAAa,OAAb,KAAuB,SAAvB,EAAiC;AAAC,eAAO,aAAa,OAAb,CAAR;OAApC,IAAoE,aAAa,OAAb,EAAqB;AAAC,eAAO,SAAS,cAAT,CAAwB,aAAa,OAAb,CAA/B,CAAD;OAAxB,OAAqF,aAAa,aAAb,CAA2B,qFAA3B,CAAP,CAA7J;KAAtB,CAAxlM,SAAq4M,CAAU,SAAV,CAAoB,UAApB,GAA+B,UAAS,KAAT,EAAe;AAAC,mBAAD;AAAc,UAAI,UAAJ;UAAe,kBAAf;UAAkC,aAAlC;UAAgD,YAAhD;UAA6D,KAA7D;UAAmE,gBAAc,KAAK,aAAL,CAA/F,IAAqH,CAAC,KAAK,aAAL,EAAmB;AAAC,eAAO,IAAP,CAAD;OAAvB,IAAuC,MAAM,SAAN,GAAgB,KAAK,aAAL,GAAmB,GAAnC,EAAuC;AAAC,aAAK,eAAL,GAAqB,IAArB,CAAD,OAAkC,IAAP,CAA3B;OAA1C,IAAiF,CAAK,eAAL,GAAqB,KAArB,CAAvO,IAAkQ,CAAK,aAAL,GAAmB,MAAM,SAAN,CAArR,kBAAqS,GAAmB,KAAK,kBAAL,CAAxT,IAAgV,CAAK,aAAL,GAAmB,KAAnB,CAAhV,IAAyW,CAAK,kBAAL,GAAwB,CAAxB,CAAzW,IAAsY,KAAK,wBAAL,EAA8B;AAAC,gBAAM,MAAM,cAAN,CAAqB,CAArB,CAAN,CAAD,aAA+B,GAAc,SAAS,gBAAT,CAA0B,MAAM,KAAN,GAAY,OAAO,WAAP,EAAmB,MAAM,KAAN,GAAY,OAAO,WAAP,CAArE,IAA0F,aAA1F,CAA7C,aAAqJ,CAAc,qBAAd,GAAoC,KAAK,aAAL,CAAmB,qBAAnB,CAAzL;OAAjC,aAAmQ,GAAc,cAAc,OAAd,CAAsB,WAAtB,EAAd,CAAtoB,IAA2rB,kBAAgB,OAAhB,EAAwB;AAAC,qBAAW,KAAK,WAAL,CAAiB,aAAjB,CAAX,CAAD,IAA+C,UAAH,EAAc;AAAC,eAAK,KAAL,CAAW,aAAX,EAAD,IAA8B,KAAK,eAAL,EAAqB;AAAC,mBAAO,KAAP,CAAD;WAAxB,aAAsC,GAAc,UAAd,CAAjE;SAAd;OAAvE,MAAqL,IAAG,KAAK,UAAL,CAAgB,aAAhB,CAAH,EAAkC;AAAC,YAAG,MAAM,SAAN,GAAgB,kBAAhB,GAAmC,GAAnC,IAAwC,KAAK,WAAL,IAAkB,OAAO,GAAP,KAAa,MAAb,IAAqB,kBAAgB,OAAhB,EAAwB;AAAC,eAAK,aAAL,GAAmB,IAAnB,CAAD,OAAgC,KAAP,CAAzB;SAA1G,IAAgJ,CAAK,KAAL,CAAW,aAAX,EAAjJ,IAA8K,CAAC,KAAK,YAAL,IAAmB,kBAAgB,QAAhB,EAAyB;AAAC,eAAK,aAAL,GAAmB,IAAnB,CAAD,KAAyB,CAAM,cAAN,GAAzB;SAAhD,OAAuG,KAAP,CAA3Q;OAAlC,IAA6T,KAAK,WAAL,IAAkB,CAAC,KAAK,YAAL,EAAkB;AAAC,uBAAa,cAAc,qBAAd,CAAd,IAAqD,gBAAc,aAAa,sBAAb,KAAsC,aAAa,SAAb,EAAuB;AAAC,iBAAO,IAAP,CAAD;SAA9E;OAA1F,IAAyL,CAAC,KAAK,UAAL,CAAgB,aAAhB,CAAD,EAAgC;AAAC,cAAM,cAAN,GAAD,IAAwB,CAAK,SAAL,CAAe,aAAf,EAA6B,KAA7B,EAAxB;OAAnC,OAAsG,KAAP,CAA57C;KAAf,CAAp6M,SAA63P,CAAU,SAAV,CAAoB,aAApB,GAAkC,YAAU;AAAC,mBAAD;AAAc,WAAK,aAAL,GAAmB,KAAnB,CAAd,IAAuC,CAAK,aAAL,GAAmB,IAAnB,CAAvC;KAAV,CAA/5P,SAAy+P,CAAU,SAAV,CAAoB,OAApB,GAA4B,UAAS,KAAT,EAAe;AAAC,mBAAD;AAAc,UAAG,CAAC,KAAK,aAAL,EAAmB;AAAC,eAAO,IAAP,CAAD;OAAvB,IAAuC,MAAM,mBAAN,EAA0B;AAAC,eAAO,IAAP,CAAD;OAA7B,IAA6C,CAAC,MAAM,UAAN,EAAiB;AAAC,eAAO,IAAP,CAAD;OAArB,IAAqC,CAAC,KAAK,UAAL,CAAgB,KAAK,aAAL,CAAjB,IAAsC,KAAK,eAAL,EAAqB;AAAC,YAAG,MAAM,wBAAN,EAA+B;AAAC,gBAAM,wBAAN,GAAD;SAAlC,MAAwE;AAAC,gBAAM,kBAAN,GAAyB,IAAzB,CAAD;SAAxE,KAAuG,CAAM,eAAN,GAAxG,KAAgI,CAAM,cAAN,GAAhI,OAA8J,KAAP,CAAvJ;OAA9D,OAAyO,IAAP,CAAhW;KAAf,CAArgQ,SAAi4Q,CAAU,SAAV,CAAoB,OAApB,GAA4B,UAAS,KAAT,EAAe;AAAC,mBAAD;AAAc,UAAI,SAAJ,CAAd,IAA+B,KAAK,aAAL,EAAmB;AAAC,aAAK,aAAL,GAAmB,IAAnB,CAAD,IAAyB,CAAK,aAAL,GAAmB,KAAnB,CAAzB,OAAyD,IAAP,CAAlD;OAAtB,IAAuF,MAAM,MAAN,CAAa,IAAb,KAAoB,QAApB,IAA8B,MAAM,MAAN,KAAe,CAAf,EAAiB;AAAC,eAAO,IAAP,CAAD;OAAlD,SAA+D,GAAU,KAAK,OAAL,CAAa,KAAb,CAAV,CAA/K,IAAgN,CAAC,SAAD,EAAW;AAAC,aAAK,aAAL,GAAmB,IAAnB,CAAD;OAAd,OAA8C,SAAP,CAApP;KAAf,CAA75Q,SAAkrR,CAAU,SAAV,CAAoB,OAApB,GAA4B,YAAU;AAAC,mBAAD;AAAc,UAAI,QAAM,KAAK,KAAL,CAAxB,IAAsC,KAAK,eAAL,EAAqB;AAAC,cAAM,mBAAN,CAA0B,WAA1B,EAAsC,KAAK,OAAL,EAAa,IAAnD,EAAD,KAA0D,CAAM,mBAAN,CAA0B,WAA1B,EAAsC,KAAK,OAAL,EAAa,IAAnD,EAA1D,KAAmH,CAAM,mBAAN,CAA0B,SAA1B,EAAoC,KAAK,OAAL,EAAa,IAAjD,EAAnH;OAAxB,KAAkM,CAAM,mBAAN,CAA0B,OAA1B,EAAkC,KAAK,OAAL,EAAa,IAA/C,EAArO,KAA0R,CAAM,mBAAN,CAA0B,YAA1B,EAAuC,KAAK,YAAL,EAAkB,KAAzD,EAA1R,KAA0V,CAAM,mBAAN,CAA0B,WAA1B,EAAsC,KAAK,WAAL,EAAiB,KAAvD,EAA1V,KAAwZ,CAAM,mBAAN,CAA0B,UAA1B,EAAqC,KAAK,UAAL,EAAgB,KAArD,EAAxZ,KAAod,CAAM,mBAAN,CAA0B,aAA1B,EAAwC,KAAK,aAAL,EAAmB,KAA3D,EAApd;KAAV,CAA9sR,SAA+uS,CAAU,SAAV,GAAoB,UAAS,KAAT,EAAe;AAAC,mBAAD;AAAc,UAAI,YAAJ,CAAd,IAAmC,aAAJ,CAA/B,IAAoD,OAAO,OAAO,YAAP,KAAsB,WAA7B,EAAyC;AAAC,eAAO,IAAP,CAAD;OAA5C,aAAyD,GAAc,CAAC,CAAC,mBAAmB,IAAnB,CAAwB,UAAU,SAAV,CAAxB,IAA8C,GAAE,CAAF,CAA9C,CAAD,CAAqD,CAArD,CAAD,CAAxH,IAAoL,aAAH,EAAiB;AAAC,YAAG,UAAU,SAAV,CAAoB,eAApB,EAAoC;AAAC,yBAAa,SAAS,aAAT,CAAuB,qBAAvB,CAAb,CAAD,IAA+D,YAAH,EAAgB;AAAC,gBAAG,aAAa,OAAb,CAAqB,OAArB,CAA6B,kBAA7B,MAAmD,CAAC,CAAD,EAAG;AAAC,qBAAO,IAAP,CAAD;aAAzD,IAAyE,gBAAc,EAAd,IAAkB,OAAO,UAAP,IAAmB,OAAO,MAAP,CAAc,KAAd,EAAoB;AAAC,qBAAO,IAAP,CAAD;aAA5D;WAAvF;SAAnG,MAAyQ;AAAC,iBAAO,IAAP,CAAD;SAAzQ;OAAlB,IAA4S,MAAM,KAAN,CAAY,aAAZ,KAA4B,MAA5B,EAAmC;AAAC,eAAO,IAAP,CAAD;OAAtC,OAA0D,KAAP,CAA7gB;KAAf,CAAnwS,SAA6yT,CAAU,MAAV,GAAiB,UAAS,KAAT,EAAe;AAAC,mBAAD;AAAc,aAAO,IAAI,SAAJ,CAAc,KAAd,CAAP,CAAd;KAAf,CAA9zT,IAA23T,OAAO,MAAP,KAAgB,WAAhB,IAA6B,OAAO,GAAP,EAAW;AAAC,aAAO,YAAU;AAAC,qBAAD;AAAc,eAAO,SAAP,CAAd;OAAV,CAAP,CAAD;KAA3C,MAAmG,IAAG,OAAO,MAAP,KAAgB,WAAhB,IAA6B,OAAO,OAAP,EAAe;AAAC,aAAO,OAAP,GAAe,UAAU,MAAV,CAAhB,MAAiC,CAAO,OAAP,CAAe,SAAf,GAAyB,SAAzB,CAAjC;KAA/C,MAAuH;AAAC,aAAO,SAAP,GAAiB,SAAjB,CAAD;KAAvH;GAAn/T,CAA5C,CAAvpF,OAA40Z,CAAQ,QAAR,CAAiB,yBAAjB,EAA2C,UAAS,OAAT,EAAiB,MAAjB,EAAwB;AAAC,WAAO,OAAP,GAAe,UAAS,GAAT,EAAa,GAAb,EAAiB;AAAC,UAAG,IAAI,OAAJ,EAAY,OAAO,IAAI,OAAJ,CAAY,GAAZ,CAAP,CAAf,KAA2C,IAAI,IAAE,CAAF,EAAI,IAAE,IAAI,MAAJ,EAAW,EAAE,CAAF,EAAI;AAAC,YAAG,IAAI,CAAJ,MAAS,GAAT,EAAa,OAAO,CAAP,CAAhB;OAA9B,OAA6D,CAAC,CAAD,CAArG;KAAjB,CAAhB;GAAxB,CAA3C,CAA50Z,OAA2ha,CAAQ,QAAR,CAAiB,yBAAjB,EAA2C,UAAS,OAAT,EAAiB,MAAjB,EAAwB;AAAC,QAAI,QAAM,QAAQ,yBAAR,CAAN,CAAL,IAAkD,KAAG,KAAH,CAAlD,IAA+D,WAAS,OAAO,SAAP,CAAiB,QAAjB,CAAxE,MAAkG,CAAO,OAAP,GAAe,UAAS,EAAT,EAAY;AAAC,aAAO,IAAI,SAAJ,CAAc,EAAd,CAAP,CAAD;KAAZ,CAAjH,SAAiK,SAAT,CAAmB,EAAnB,EAAsB;AAAC,UAAG,CAAC,EAAD,EAAI,MAAM,IAAI,KAAJ,CAAU,qCAAV,CAAN,CAAP,IAA8D,CAAK,EAAL,GAAQ,EAAR,CAA/D,IAA0E,CAAK,IAAL,GAAU,GAAG,SAAH,CAApF;KAAtB,SAAuH,CAAU,SAAV,CAAoB,GAApB,GAAwB,UAAS,IAAT,EAAc;AAAC,UAAG,KAAK,IAAL,EAAU;AAAC,aAAK,IAAL,CAAU,GAAV,CAAc,IAAd,EAAD,OAA4B,IAAP,CAArB;OAAb,IAAkD,MAAI,KAAK,KAAL,EAAJ,CAAnD,IAAwE,IAAE,MAAM,GAAN,EAAU,IAAV,CAAF,CAAxE,IAA6F,EAAC,CAAC,CAAD,EAAG,IAAI,IAAJ,CAAS,IAAT,EAAP,IAAsB,CAAK,EAAL,CAAQ,SAAR,GAAkB,IAAI,IAAJ,CAAS,GAAT,CAAlB,CAAhH,OAAuJ,IAAP,CAAhJ;KAAd,CAAvS,SAAkd,CAAU,SAAV,CAAoB,MAApB,GAA2B,UAAS,IAAT,EAAc;AAAC,UAAG,qBAAmB,SAAS,IAAT,CAAc,IAAd,CAAnB,EAAuC;AAAC,eAAO,KAAK,cAAL,CAAoB,IAApB,CAAP,CAAD;OAA1C,IAA+E,KAAK,IAAL,EAAU;AAAC,aAAK,IAAL,CAAU,MAAV,CAAiB,IAAjB,EAAD,OAA+B,IAAP,CAAxB;OAAb,IAAqD,MAAI,KAAK,KAAL,EAAJ,CAAlI,IAAuJ,IAAE,MAAM,GAAN,EAAU,IAAV,CAAF,CAAvJ,IAA4K,CAAC,CAAD,EAAG,IAAI,MAAJ,CAAW,CAAX,EAAa,CAAb,EAAN,IAAsB,CAAK,EAAL,CAAQ,SAAR,GAAkB,IAAI,IAAJ,CAAS,GAAT,CAAlB,CAA/L,OAAsO,IAAP,CAA/N;KAAd,CAA7e,SAAuuB,CAAU,SAAV,CAAoB,cAApB,GAAmC,UAAS,EAAT,EAAY;AAAC,UAAI,MAAI,KAAK,KAAL,EAAJ,CAAL,KAA0B,IAAI,IAAE,CAAF,EAAI,IAAE,IAAI,MAAJ,EAAW,GAAzB,EAA6B;AAAC,YAAG,GAAG,IAAH,CAAQ,IAAI,CAAJ,CAAR,CAAH,EAAmB;AAAC,eAAK,MAAL,CAAY,IAAI,CAAJ,CAAZ,EAAD;SAAnB;OAA9B,OAA8E,IAAP,CAA7F;KAAZ,CAA1wB,SAAg4B,CAAU,SAAV,CAAoB,MAApB,GAA2B,UAAS,IAAT,EAAc,KAAd,EAAoB;AAAC,UAAG,KAAK,IAAL,EAAU;AAAC,YAAG,gBAAc,OAAO,KAAP,EAAa;AAAC,cAAG,UAAQ,KAAK,IAAL,CAAU,MAAV,CAAiB,IAAjB,EAAsB,KAAtB,CAAR,EAAqC;AAAC,iBAAK,IAAL,CAAU,MAAV,CAAiB,IAAjB,EAAD;WAAxC;SAA/B,MAAoG;AAAC,eAAK,IAAL,CAAU,MAAV,CAAiB,IAAjB,EAAD;SAApG,OAAmI,IAAP,CAA7H;OAAb,IAAyJ,gBAAc,OAAO,KAAP,EAAa;AAAC,YAAG,CAAC,KAAD,EAAO;AAAC,eAAK,MAAL,CAAY,IAAZ,EAAD;SAAV,MAAiC;AAAC,eAAK,GAAL,CAAS,IAAT,EAAD;SAAjC;OAA/B,MAAqF;AAAC,YAAG,KAAK,GAAL,CAAS,IAAT,CAAH,EAAkB;AAAC,eAAK,MAAL,CAAY,IAAZ,EAAD;SAAlB,MAAyC;AAAC,eAAK,GAAL,CAAS,IAAT,EAAD;SAAzC;OAAtF,OAAuJ,IAAP,CAAvS;KAApB,CAA35B,SAAmuC,CAAU,SAAV,CAAoB,KAApB,GAA0B,YAAU;AAAC,UAAI,MAAI,KAAK,EAAL,CAAQ,SAAR,CAAkB,OAAlB,CAA0B,YAA1B,EAAuC,EAAvC,CAAJ,CAAL,IAAwD,MAAI,IAAI,KAAJ,CAAU,EAAV,CAAJ,CAAxD,IAA6E,OAAK,IAAI,CAAJ,CAAL,EAAY,IAAI,KAAJ,GAAf,OAAkC,GAAP,CAArG;KAAV,CAA7vC,SAAw3C,CAAU,SAAV,CAAoB,GAApB,GAAwB,UAAU,SAAV,CAAoB,QAApB,GAA6B,UAAS,IAAT,EAAc;AAAC,aAAO,KAAK,IAAL,GAAU,KAAK,IAAL,CAAU,QAAV,CAAmB,IAAnB,CAAV,GAAmC,CAAC,EAAC,CAAC,MAAM,KAAK,KAAL,EAAN,EAAmB,IAAnB,CAAD,CAA7C;KAAd,CAA76C;GAAxB,CAA3C,CAA3ha,OAAmmd,CAAQ,QAAR,CAAiB,WAAjB,EAA6B,UAAS,OAAT,EAAiB,MAAjB,EAAwB;AAAC,QAAI,gBAAc,QAAQ,8BAAR,CAAd;QAAsD,YAAU,QAAQ,0BAAR,CAAV;QAA8C,UAAQ,QAAQ,yBAAR,CAAR,CAAzG,MAAoJ,CAAO,OAAP,GAAe,SAAf,CAApJ,IAAiL,WAAS,EAAC,OAAM,SAAN,EAAgB,gBAAe,SAAf,EAAyB,WAAU,MAAV,EAAiB,WAAU,WAAV,EAAsB,UAAS,KAAT,EAAe,iBAAgB,EAAhB,EAAmB,OAAM,MAAN,EAAa,MAAK,SAAL,EAAzI,CAAjL,SAAmV,SAAT,CAAmB,OAAnB,EAA2B,OAA3B,EAAmC;AAAC,UAAG,EAAE,gBAAgB,SAAhB,CAAF,EAA6B,OAAO,IAAI,SAAJ,CAAc,OAAd,EAAsB,OAAtB,CAAP,CAAhC,IAAsE,CAAK,OAAL,GAAa,OAAb,CAAvE,IAA4F,CAAK,OAAL,GAAa,WAAS,EAAT,CAAzG,KAAyH,IAAI,CAAJ,2CAAS,SAAb,EAAsB;AAAC,YAAG,KAAK,OAAL,CAAa,CAAb,KAAiB,IAAjB,EAAsB;AAAC,eAAK,OAAL,CAAa,CAAb,IAAgB,SAAS,CAAT,CAAhB,CAAD;SAAzB;OAAvB,IAAiF,KAAK,OAAL,IAAc,IAAd,IAAoB,KAAK,OAAL,CAAa,IAAb,IAAmB,UAAnB,EAA8B,KAAK,IAAL,GAArD;KAAtO,SAAuS,CAAU,SAAV,CAAoB,IAApB,GAAyB,YAAU;AAAC,WAAK,OAAL,CAAa,KAAb,CAAmB,OAAnB,GAA2B,MAA3B,CAAD;KAAV,CAA1oB,SAAwrB,CAAU,SAAV,CAAoB,IAApB,GAAyB,YAAU;AAAC,UAAI,WAAS,KAAK,MAAL,EAAT,CAAL,IAA4B,CAAK,WAAL,CAAiB,KAAK,OAAL,EAAa,QAA9B,EAA5B;KAAV,CAAjtB,SAAgyB,CAAU,SAAV,CAAoB,MAApB,GAA2B,YAAU;AAAC,WAAK,QAAL,GAAc,SAAS,aAAT,CAAuB,MAAvB,CAAd,CAAD,IAA8C,CAAK,IAAL,GAAU,SAAS,aAAT,CAAuB,OAAvB,CAAV,CAA9C,IAAwF,CAAK,QAAL,CAAc,WAAd,CAA0B,KAAK,IAAL,CAA1B,CAAxF,IAA6H,CAAK,QAAL,CAAc,SAAd,GAAwB,KAAK,OAAL,CAAa,SAAb,CAArJ,OAAmL,KAAK,QAAL,CAAnL;KAAV,CAA3zB,SAAugC,CAAU,SAAV,CAAoB,WAApB,GAAgC,UAAS,SAAT,EAAmB,MAAnB,EAA0B;AAAC,gBAAU,UAAV,CAAqB,YAArB,CAAkC,MAAlC,EAAyC,UAAU,WAAV,CAAzC,CAAD;KAA1B,CAAviC,SAAmoC,CAAU,SAAV,CAAoB,SAApB,GAA8B,YAAU;AAAC,aAAO,KAAK,OAAL,CAAa,OAAb,CAAR;KAAV,CAAjqC,SAAysC,CAAU,SAAV,CAAoB,UAApB,GAA+B,YAAU;AAAC,aAAO,KAAK,OAAL,CAAa,QAAb,IAAuB,KAAK,OAAL,CAAa,QAAb,IAAuB,KAAK,OAAL,CAAa,QAAb,CAAtD;KAAV,CAAxuC,SAA+zC,CAAU,SAAV,CAAoB,WAApB,GAAgC,UAAS,OAAT,EAAiB;AAAC,UAAI,UAAQ,KAAK,SAAL,EAAR;UAAyB,WAAS,KAAK,QAAL;UAAc,OAAK,KAAK,IAAL,CAA1D,IAAuE,WAAS,OAAT,EAAiB,UAAQ,KAAR,CAApB,KAAuC,IAAG,WAAS,CAAC,OAAD,EAAS,UAAQ,IAAR,CAArB,IAAqC,YAAU,IAAV,EAAe;AAAC,aAAK,OAAL,CAAa,OAAb,GAAqB,IAArB,CAAD,IAA8B,OAAO,gBAAP,EAAwB,KAAK,KAAL,CAAW,IAAX,GAAgB,SAAS,OAAO,gBAAP,CAAwB,QAAxB,EAAkC,KAAlC,CAAT,GAAkD,SAAS,OAAO,gBAAP,CAAwB,IAAxB,EAA8B,KAA9B,CAA3D,GAAgG,IAAhG,CAA3C,KAAqJ,KAAK,KAAL,CAAW,IAAX,GAAgB,SAAS,SAAS,YAAT,CAAsB,OAAtB,CAAT,IAAyC,SAAS,KAAK,YAAL,CAAkB,OAAlB,CAAT,CAAzC,GAA8E,IAA9E,CAArK,IAA2P,KAAK,OAAL,CAAa,KAAb,EAAmB,KAAK,QAAL,GAAtB,IAAsC,CAAK,QAAL,GAAzT;OAAlB,MAA+V;AAAC,aAAK,KAAL,CAAW,IAAX,GAAgB,CAAhB,CAAD,IAAmB,CAAK,OAAL,CAAa,OAAb,GAAqB,KAArB,CAAnB,IAA8C,CAAK,QAAL,CAAc,KAAd,CAAoB,SAApB,GAA8B,mBAAiB,KAAK,OAAL,CAAa,cAAb,CAA7F,IAAyH,CAAK,QAAL,CAAc,KAAd,CAAoB,WAApB,GAAgC,KAAK,OAAL,CAAa,cAAb,CAAzJ,IAAqL,CAAK,QAAL,CAAc,KAAd,CAAoB,eAApB,GAAoC,KAAK,OAAL,CAAa,cAAb,KAA8B,SAAS,cAAT,GAAwB,KAAK,OAAL,CAAa,cAAb,GAA4B,MAAlF,CAAzN,IAAkT,CAAK,IAAL,CAAU,KAAV,CAAgB,eAAhB,GAAgC,KAAK,OAAL,CAAa,SAAb,CAAlV,IAAyW,CAAK,QAAL,GAAzW;OAA/V;KAA9J,CAA/1C,SAAutE,CAAU,SAAV,CAAoB,QAApB,GAA6B,YAAU;AAAC,UAAI,eAAa,EAAb;UAAgB,WAAS,EAAC,MAAK,KAAK,OAAL,CAAa,KAAb,CAAmB,OAAnB,CAA2B,OAA3B,EAAmC,EAAnC,IAAuC,CAAvC,GAAyC,GAAzC,EAAf,CAArB,IAAqF,KAAK,SAAL,EAAH,EAAoB;AAAC,uBAAa,EAAC,QAAO,KAAK,OAAL,CAAa,KAAb,EAAmB,cAAa,KAAK,OAAL,CAAa,KAAb,EAAmB,oBAAmB,KAAK,OAAL,CAAa,KAAb,CAAmB,OAAnB,CAA2B,OAA3B,EAAmC,EAAnC,IAAuC,CAAvC,GAAyC,GAAzC,EAA3F,CAAD;OAApB,MAAkK;AAAC,uBAAa,EAAC,QAAO,KAAK,OAAL,CAAa,KAAb,EAAmB,cAAa,KAAK,OAAL,CAAa,KAAb,EAArD,CAAD;OAAlK,aAA4O,CAAc,KAAK,QAAL,EAAc,YAA5B,EAA9T,aAAwW,CAAc,KAAK,IAAL,EAAU,QAAxB,EAAxW;KAAV,CAApvE,SAAyoF,CAAU,SAAV,CAAoB,OAApB,GAA4B,YAAU;AAAC,UAAI,QAAM,iBAAN;UAAwB,SAAO,mBAAP;UAA2B,QAAM,iBAAN,CAAxD,QAAuF,KAAK,OAAL,CAAa,IAAb,GAAmB,KAAI,OAAJ;AAAY,kBAAQ,KAAK,QAAL,CAAR,CAAuB,GAAvB,CAA2B,KAA3B,EAAZ,MAA1B,KAAkF,OAAJ;AAAY,kBAAQ,KAAK,QAAL,CAAR,CAAuB,GAAvB,CAA2B,KAA3B,EAAZ,MAA9E;AAA0I,kBAAQ,KAAK,QAAL,CAAR,CAAuB,GAAvB,CAA2B,MAA3B,EAAR,MAAlI,CAAhF;KAAV,CAArqF,SAAo7F,CAAU,SAAV,CAAoB,QAApB,GAA6B,YAAU;AAAC,UAAI,iBAAe,KAAK,QAAL,CAAc,YAAd,GAA2B,CAA3B,CAApB,IAAiD,CAAK,QAAL,CAAc,KAAd,CAAoB,eAApB,GAAoC,KAAK,OAAL,CAAa,KAAb,CAArF,IAAwG,CAAK,QAAL,CAAc,KAAd,CAAoB,WAApB,GAAgC,KAAK,OAAL,CAAa,KAAb,CAAxI,IAA2J,CAAK,QAAL,CAAc,KAAd,CAAoB,SAApB,GAA8B,iBAAe,cAAf,GAA8B,KAA9B,GAAoC,KAAK,OAAL,CAAa,KAAb,CAA7N,IAAgP,CAAK,IAAL,CAAU,KAAV,CAAgB,eAAhB,GAAgC,KAAK,OAAL,CAAa,SAAb,CAAhR;KAAV,CAAj9F,SAAmwG,CAAU,SAAV,CAAoB,cAApB,GAAmC,UAAS,KAAT,EAAe;AAAC,UAAG,SAAS,aAAT,EAAuB;AAAC,YAAI,QAAM,SAAS,WAAT,CAAqB,YAArB,CAAN,CAAL,KAA8C,CAAM,SAAN,CAAgB,QAAhB,EAAyB,IAAzB,EAA8B,IAA9B,EAA9C,IAAkF,CAAK,OAAL,CAAa,aAAb,CAA2B,KAA3B,EAAlF;OAA1B,MAAkJ;AAAC,aAAK,OAAL,CAAa,SAAb,CAAuB,UAAvB,EAAD;OAAlJ;KAAhB,CAAtyG,SAA8+G,CAAU,SAAV,CAAoB,YAApB,GAAiC,YAAU;AAAC,UAAI,OAAK,IAAL;UAAU,KAAG,KAAK,OAAL,CAAlB,IAAkC,GAAG,gBAAH,EAAoB;AAAC,WAAG,gBAAH,CAAoB,QAApB,EAA6B,YAAU;AAAC,eAAK,WAAL,GAAD;SAAV,CAA7B,CAAD;OAAvB,MAAyF;AAAC,WAAG,WAAH,CAAe,UAAf,EAA0B,YAAU;AAAC,eAAK,WAAL,GAAD;SAAV,CAA1B,CAAD;OAAzF;KAAzC,CAA/gH,SAA8sH,CAAU,SAAV,CAAoB,WAApB,GAAgC,YAAU;AAAC,UAAI,OAAK,IAAL;UAAU,WAAS,KAAK,QAAL;UAAc,SAAO,KAAK,OAAL,CAAa,UAAb,CAAwB,OAAxB,CAAgC,WAAhC,EAAP;UAAqD,cAAY,WAAS,OAAT,GAAiB,KAAjB,GAAuB,IAAvB,CAAvG,IAAsI,KAAK,UAAL,OAAoB,KAApB,EAA0B;AAAC,kBAAU,QAAV,EAAD,IAAwB,SAAS,gBAAT,EAA0B;AAAC,mBAAS,gBAAT,CAA0B,OAA1B,EAAkC,UAAS,CAAT,EAAW;AAAC,iBAAK,WAAL,CAAiB,WAAjB,EAAD,IAA+B,CAAK,cAAL,CAAoB,KAAK,OAAL,CAAa,OAAb,CAApB,CAA/B;WAAX,CAAlC,CAAD;SAA7B,MAA0J;AAAC,mBAAS,WAAT,CAAqB,SAArB,EAA+B,YAAU;AAAC,iBAAK,WAAL,CAAiB,WAAjB,EAAD,IAA+B,CAAK,cAAL,CAAoB,KAAK,OAAL,CAAa,OAAb,CAApB,CAA/B;WAAV,CAA/B,CAAD;SAA1J;OAAlD,MAAsU;AAAC,aAAK,OAAL,CAAa,QAAb,GAAsB,IAAtB,CAAD,IAA4B,CAAK,QAAL,CAAc,KAAd,CAAoB,OAApB,GAA4B,KAAK,OAAL,CAAa,eAAb,CAAxD;OAAtU;KAA7I,CAA9uH,SAAwxI,CAAU,SAAV,CAAoB,cAApB,GAAmC,YAAU;AAAC,WAAK,OAAL,CAAa,YAAb,CAA0B,gBAA1B,EAA2C,IAA3C,EAAD;KAAV,CAA3zI,SAAw3I,CAAU,SAAV,CAAoB,gBAApB,GAAqC,YAAU;AAAC,aAAO,KAAK,OAAL,CAAa,YAAb,CAA0B,gBAA1B,CAAP,CAAD;KAAV,CAA75I,SAA49I,CAAU,SAAV,CAAoB,IAApB,GAAyB,YAAU;AAAC,WAAK,IAAL,GAAD,IAAa,CAAK,IAAL,GAAb,IAAyB,CAAK,OAAL,GAAzB,IAAwC,CAAK,WAAL,GAAxC,IAA2D,CAAK,cAAL,GAA3D,IAAiF,CAAK,YAAL,GAAjF,IAAqG,CAAK,WAAL,GAArG;KAAV,CAAr/I;GAAxB,CAA7B,CAAnmd,IAAqxmB,QAAO,0EAAP,IAAgB,QAAhB,EAAyB;AAAC,WAAO,OAAP,GAAe,QAAQ,WAAR,CAAf,CAAD;GAA5B,MAAsE,IAAG,OAAO,MAAP,IAAe,UAAf,IAA2B,OAAO,GAAP,EAAW;AAAC,WAAO,WAAP,EAAmB,EAAnB,EAAsB,YAAU;AAAC,aAAO,QAAQ,WAAR,CAAP,CAAD;KAAV,CAAtB,CAAD;GAAzC,MAA6G;AAAC,KAAC,QAAM,MAAN,CAAD,CAAe,WAAf,IAA4B,QAAQ,WAAR,CAA5B,CAAD;GAA7G;CAAl2mB,CAAD","file":"/client/lib/compatibility/slicklab/js/switchery/switchery.min.js.map","sourcesContent":["(function(){function require(name){var module=require.modules[name];if(!module)throw new Error('failed to require \"'+name+'\"');if(!(\"exports\"in module)&&typeof module.definition===\"function\"){module.client=module.component=true;module.definition.call(this,module.exports={},module);delete module.definition}return module.exports}require.loader=\"component\";require.helper={};require.helper.semVerSort=function(a,b){var aArray=a.version.split(\".\");var bArray=b.version.split(\".\");for(var i=0;i<aArray.length;++i){var aInt=parseInt(aArray[i],10);var bInt=parseInt(bArray[i],10);if(aInt===bInt){var aLex=aArray[i].substr((\"\"+aInt).length);var bLex=bArray[i].substr((\"\"+bInt).length);if(aLex===\"\"&&bLex!==\"\")return 1;if(aLex!==\"\"&&bLex===\"\")return-1;if(aLex!==\"\"&&bLex!==\"\")return aLex>bLex?1:-1;continue}else if(aInt>bInt){return 1}else{return-1}}return 0};require.latest=function(name,returnPath){function showError(name){throw new Error('failed to find latest module of \"'+name+'\"')}var versionRegexp=/(.*)~(.*)@v?(\\d+\\.\\d+\\.\\d+[^\\/]*)$/;var remoteRegexp=/(.*)~(.*)/;if(!remoteRegexp.test(name))showError(name);var moduleNames=Object.keys(require.modules);var semVerCandidates=[];var otherCandidates=[];for(var i=0;i<moduleNames.length;i++){var moduleName=moduleNames[i];if(new RegExp(name+\"@\").test(moduleName)){var version=moduleName.substr(name.length+1);var semVerMatch=versionRegexp.exec(moduleName);if(semVerMatch!=null){semVerCandidates.push({version:version,name:moduleName})}else{otherCandidates.push({version:version,name:moduleName})}}}if(semVerCandidates.concat(otherCandidates).length===0){showError(name)}if(semVerCandidates.length>0){var module=semVerCandidates.sort(require.helper.semVerSort).pop().name;if(returnPath===true){return module}return require(module)}var module=otherCandidates.pop().name;if(returnPath===true){return module}return require(module)};require.modules={};require.register=function(name,definition){require.modules[name]={definition:definition}};require.define=function(name,exports){require.modules[name]={exports:exports}};require.register(\"abpetkov~transitionize@0.0.3\",function(exports,module){module.exports=Transitionize;function Transitionize(element,props){if(!(this instanceof Transitionize))return new Transitionize(element,props);this.element=element;this.props=props||{};this.init()}Transitionize.prototype.isSafari=function(){return/Safari/.test(navigator.userAgent)&&/Apple Computer/.test(navigator.vendor)};Transitionize.prototype.init=function(){var transitions=[];for(var key in this.props){transitions.push(key+\" \"+this.props[key])}this.element.style.transition=transitions.join(\", \");if(this.isSafari())this.element.style.webkitTransition=transitions.join(\", \")}});require.register(\"ftlabs~fastclick@v0.6.11\",function(exports,module){function FastClick(layer){\"use strict\";var oldOnClick,self=this;this.trackingClick=false;this.trackingClickStart=0;this.targetElement=null;this.touchStartX=0;this.touchStartY=0;this.lastTouchIdentifier=0;this.touchBoundary=10;this.layer=layer;if(!layer||!layer.nodeType){throw new TypeError(\"Layer must be a document node\")}this.onClick=function(){return FastClick.prototype.onClick.apply(self,arguments)};this.onMouse=function(){return FastClick.prototype.onMouse.apply(self,arguments)};this.onTouchStart=function(){return FastClick.prototype.onTouchStart.apply(self,arguments)};this.onTouchMove=function(){return FastClick.prototype.onTouchMove.apply(self,arguments)};this.onTouchEnd=function(){return FastClick.prototype.onTouchEnd.apply(self,arguments)};this.onTouchCancel=function(){return FastClick.prototype.onTouchCancel.apply(self,arguments)};if(FastClick.notNeeded(layer)){return}if(this.deviceIsAndroid){layer.addEventListener(\"mouseover\",this.onMouse,true);layer.addEventListener(\"mousedown\",this.onMouse,true);layer.addEventListener(\"mouseup\",this.onMouse,true)}layer.addEventListener(\"click\",this.onClick,true);layer.addEventListener(\"touchstart\",this.onTouchStart,false);layer.addEventListener(\"touchmove\",this.onTouchMove,false);layer.addEventListener(\"touchend\",this.onTouchEnd,false);layer.addEventListener(\"touchcancel\",this.onTouchCancel,false);if(!Event.prototype.stopImmediatePropagation){layer.removeEventListener=function(type,callback,capture){var rmv=Node.prototype.removeEventListener;if(type===\"click\"){rmv.call(layer,type,callback.hijacked||callback,capture)}else{rmv.call(layer,type,callback,capture)}};layer.addEventListener=function(type,callback,capture){var adv=Node.prototype.addEventListener;if(type===\"click\"){adv.call(layer,type,callback.hijacked||(callback.hijacked=function(event){if(!event.propagationStopped){callback(event)}}),capture)}else{adv.call(layer,type,callback,capture)}}}if(typeof layer.onclick===\"function\"){oldOnClick=layer.onclick;layer.addEventListener(\"click\",function(event){oldOnClick(event)},false);layer.onclick=null}}FastClick.prototype.deviceIsAndroid=navigator.userAgent.indexOf(\"Android\")>0;FastClick.prototype.deviceIsIOS=/iP(ad|hone|od)/.test(navigator.userAgent);FastClick.prototype.deviceIsIOS4=FastClick.prototype.deviceIsIOS&&/OS 4_\\d(_\\d)?/.test(navigator.userAgent);FastClick.prototype.deviceIsIOSWithBadTarget=FastClick.prototype.deviceIsIOS&&/OS ([6-9]|\\d{2})_\\d/.test(navigator.userAgent);FastClick.prototype.needsClick=function(target){\"use strict\";switch(target.nodeName.toLowerCase()){case\"button\":case\"select\":case\"textarea\":if(target.disabled){return true}break;case\"input\":if(this.deviceIsIOS&&target.type===\"file\"||target.disabled){return true}break;case\"label\":case\"video\":return true}return/\\bneedsclick\\b/.test(target.className)};FastClick.prototype.needsFocus=function(target){\"use strict\";switch(target.nodeName.toLowerCase()){case\"textarea\":return true;case\"select\":return!this.deviceIsAndroid;case\"input\":switch(target.type){case\"button\":case\"checkbox\":case\"file\":case\"image\":case\"radio\":case\"submit\":return false}return!target.disabled&&!target.readOnly;default:return/\\bneedsfocus\\b/.test(target.className)}};FastClick.prototype.sendClick=function(targetElement,event){\"use strict\";var clickEvent,touch;if(document.activeElement&&document.activeElement!==targetElement){document.activeElement.blur()}touch=event.changedTouches[0];clickEvent=document.createEvent(\"MouseEvents\");clickEvent.initMouseEvent(this.determineEventType(targetElement),true,true,window,1,touch.screenX,touch.screenY,touch.clientX,touch.clientY,false,false,false,false,0,null);clickEvent.forwardedTouchEvent=true;targetElement.dispatchEvent(clickEvent)};FastClick.prototype.determineEventType=function(targetElement){\"use strict\";if(this.deviceIsAndroid&&targetElement.tagName.toLowerCase()===\"select\"){return\"mousedown\"}return\"click\"};FastClick.prototype.focus=function(targetElement){\"use strict\";var length;if(this.deviceIsIOS&&targetElement.setSelectionRange&&targetElement.type.indexOf(\"date\")!==0&&targetElement.type!==\"time\"){length=targetElement.value.length;targetElement.setSelectionRange(length,length)}else{targetElement.focus()}};FastClick.prototype.updateScrollParent=function(targetElement){\"use strict\";var scrollParent,parentElement;scrollParent=targetElement.fastClickScrollParent;if(!scrollParent||!scrollParent.contains(targetElement)){parentElement=targetElement;do{if(parentElement.scrollHeight>parentElement.offsetHeight){scrollParent=parentElement;targetElement.fastClickScrollParent=parentElement;break}parentElement=parentElement.parentElement}while(parentElement)}if(scrollParent){scrollParent.fastClickLastScrollTop=scrollParent.scrollTop}};FastClick.prototype.getTargetElementFromEventTarget=function(eventTarget){\"use strict\";if(eventTarget.nodeType===Node.TEXT_NODE){return eventTarget.parentNode}return eventTarget};FastClick.prototype.onTouchStart=function(event){\"use strict\";var targetElement,touch,selection;if(event.targetTouches.length>1){return true}targetElement=this.getTargetElementFromEventTarget(event.target);touch=event.targetTouches[0];if(this.deviceIsIOS){selection=window.getSelection();if(selection.rangeCount&&!selection.isCollapsed){return true}if(!this.deviceIsIOS4){if(touch.identifier===this.lastTouchIdentifier){event.preventDefault();return false}this.lastTouchIdentifier=touch.identifier;this.updateScrollParent(targetElement)}}this.trackingClick=true;this.trackingClickStart=event.timeStamp;this.targetElement=targetElement;this.touchStartX=touch.pageX;this.touchStartY=touch.pageY;if(event.timeStamp-this.lastClickTime<200){event.preventDefault()}return true};FastClick.prototype.touchHasMoved=function(event){\"use strict\";var touch=event.changedTouches[0],boundary=this.touchBoundary;if(Math.abs(touch.pageX-this.touchStartX)>boundary||Math.abs(touch.pageY-this.touchStartY)>boundary){return true}return false};FastClick.prototype.onTouchMove=function(event){\"use strict\";if(!this.trackingClick){return true}if(this.targetElement!==this.getTargetElementFromEventTarget(event.target)||this.touchHasMoved(event)){this.trackingClick=false;this.targetElement=null}return true};FastClick.prototype.findControl=function(labelElement){\"use strict\";if(labelElement.control!==undefined){return labelElement.control}if(labelElement.htmlFor){return document.getElementById(labelElement.htmlFor)}return labelElement.querySelector(\"button, input:not([type=hidden]), keygen, meter, output, progress, select, textarea\")};FastClick.prototype.onTouchEnd=function(event){\"use strict\";var forElement,trackingClickStart,targetTagName,scrollParent,touch,targetElement=this.targetElement;if(!this.trackingClick){return true}if(event.timeStamp-this.lastClickTime<200){this.cancelNextClick=true;return true}this.cancelNextClick=false;this.lastClickTime=event.timeStamp;trackingClickStart=this.trackingClickStart;this.trackingClick=false;this.trackingClickStart=0;if(this.deviceIsIOSWithBadTarget){touch=event.changedTouches[0];targetElement=document.elementFromPoint(touch.pageX-window.pageXOffset,touch.pageY-window.pageYOffset)||targetElement;targetElement.fastClickScrollParent=this.targetElement.fastClickScrollParent}targetTagName=targetElement.tagName.toLowerCase();if(targetTagName===\"label\"){forElement=this.findControl(targetElement);if(forElement){this.focus(targetElement);if(this.deviceIsAndroid){return false}targetElement=forElement}}else if(this.needsFocus(targetElement)){if(event.timeStamp-trackingClickStart>100||this.deviceIsIOS&&window.top!==window&&targetTagName===\"input\"){this.targetElement=null;return false}this.focus(targetElement);if(!this.deviceIsIOS4||targetTagName!==\"select\"){this.targetElement=null;event.preventDefault()}return false}if(this.deviceIsIOS&&!this.deviceIsIOS4){scrollParent=targetElement.fastClickScrollParent;if(scrollParent&&scrollParent.fastClickLastScrollTop!==scrollParent.scrollTop){return true}}if(!this.needsClick(targetElement)){event.preventDefault();this.sendClick(targetElement,event)}return false};FastClick.prototype.onTouchCancel=function(){\"use strict\";this.trackingClick=false;this.targetElement=null};FastClick.prototype.onMouse=function(event){\"use strict\";if(!this.targetElement){return true}if(event.forwardedTouchEvent){return true}if(!event.cancelable){return true}if(!this.needsClick(this.targetElement)||this.cancelNextClick){if(event.stopImmediatePropagation){event.stopImmediatePropagation()}else{event.propagationStopped=true}event.stopPropagation();event.preventDefault();return false}return true};FastClick.prototype.onClick=function(event){\"use strict\";var permitted;if(this.trackingClick){this.targetElement=null;this.trackingClick=false;return true}if(event.target.type===\"submit\"&&event.detail===0){return true}permitted=this.onMouse(event);if(!permitted){this.targetElement=null}return permitted};FastClick.prototype.destroy=function(){\"use strict\";var layer=this.layer;if(this.deviceIsAndroid){layer.removeEventListener(\"mouseover\",this.onMouse,true);layer.removeEventListener(\"mousedown\",this.onMouse,true);layer.removeEventListener(\"mouseup\",this.onMouse,true)}layer.removeEventListener(\"click\",this.onClick,true);layer.removeEventListener(\"touchstart\",this.onTouchStart,false);layer.removeEventListener(\"touchmove\",this.onTouchMove,false);layer.removeEventListener(\"touchend\",this.onTouchEnd,false);layer.removeEventListener(\"touchcancel\",this.onTouchCancel,false)};FastClick.notNeeded=function(layer){\"use strict\";var metaViewport;var chromeVersion;if(typeof window.ontouchstart===\"undefined\"){return true}chromeVersion=+(/Chrome\\/([0-9]+)/.exec(navigator.userAgent)||[,0])[1];if(chromeVersion){if(FastClick.prototype.deviceIsAndroid){metaViewport=document.querySelector(\"meta[name=viewport]\");if(metaViewport){if(metaViewport.content.indexOf(\"user-scalable=no\")!==-1){return true}if(chromeVersion>31&&window.innerWidth<=window.screen.width){return true}}}else{return true}}if(layer.style.msTouchAction===\"none\"){return true}return false};FastClick.attach=function(layer){\"use strict\";return new FastClick(layer)};if(typeof define!==\"undefined\"&&define.amd){define(function(){\"use strict\";return FastClick})}else if(typeof module!==\"undefined\"&&module.exports){module.exports=FastClick.attach;module.exports.FastClick=FastClick}else{window.FastClick=FastClick}});require.register(\"component~indexof@0.0.3\",function(exports,module){module.exports=function(arr,obj){if(arr.indexOf)return arr.indexOf(obj);for(var i=0;i<arr.length;++i){if(arr[i]===obj)return i}return-1}});require.register(\"component~classes@1.2.1\",function(exports,module){var index=require(\"component~indexof@0.0.3\");var re=/\\s+/;var toString=Object.prototype.toString;module.exports=function(el){return new ClassList(el)};function ClassList(el){if(!el)throw new Error(\"A DOM element reference is required\");this.el=el;this.list=el.classList}ClassList.prototype.add=function(name){if(this.list){this.list.add(name);return this}var arr=this.array();var i=index(arr,name);if(!~i)arr.push(name);this.el.className=arr.join(\" \");return this};ClassList.prototype.remove=function(name){if(\"[object RegExp]\"==toString.call(name)){return this.removeMatching(name)}if(this.list){this.list.remove(name);return this}var arr=this.array();var i=index(arr,name);if(~i)arr.splice(i,1);this.el.className=arr.join(\" \");return this};ClassList.prototype.removeMatching=function(re){var arr=this.array();for(var i=0;i<arr.length;i++){if(re.test(arr[i])){this.remove(arr[i])}}return this};ClassList.prototype.toggle=function(name,force){if(this.list){if(\"undefined\"!==typeof force){if(force!==this.list.toggle(name,force)){this.list.toggle(name)}}else{this.list.toggle(name)}return this}if(\"undefined\"!==typeof force){if(!force){this.remove(name)}else{this.add(name)}}else{if(this.has(name)){this.remove(name)}else{this.add(name)}}return this};ClassList.prototype.array=function(){var str=this.el.className.replace(/^\\s+|\\s+$/g,\"\");var arr=str.split(re);if(\"\"===arr[0])arr.shift();return arr};ClassList.prototype.has=ClassList.prototype.contains=function(name){return this.list?this.list.contains(name):!!~index(this.array(),name)}});require.register(\"switchery\",function(exports,module){var transitionize=require(\"abpetkov~transitionize@0.0.3\"),fastclick=require(\"ftlabs~fastclick@v0.6.11\"),classes=require(\"component~classes@1.2.1\");module.exports=Switchery;var defaults={color:\"#64bd63\",secondaryColor:\"#dfdfdf\",jackColor:\"#fff\",className:\"switchery\",disabled:false,disabledOpacity:.5,speed:\"0.4s\",size:\"default\"};function Switchery(element,options){if(!(this instanceof Switchery))return new Switchery(element,options);this.element=element;this.options=options||{};for(var i in defaults){if(this.options[i]==null){this.options[i]=defaults[i]}}if(this.element!=null&&this.element.type==\"checkbox\")this.init()}Switchery.prototype.hide=function(){this.element.style.display=\"none\"};Switchery.prototype.show=function(){var switcher=this.create();this.insertAfter(this.element,switcher)};Switchery.prototype.create=function(){this.switcher=document.createElement(\"span\");this.jack=document.createElement(\"small\");this.switcher.appendChild(this.jack);this.switcher.className=this.options.className;return this.switcher};Switchery.prototype.insertAfter=function(reference,target){reference.parentNode.insertBefore(target,reference.nextSibling)};Switchery.prototype.isChecked=function(){return this.element.checked};Switchery.prototype.isDisabled=function(){return this.options.disabled||this.element.disabled||this.element.readOnly};Switchery.prototype.setPosition=function(clicked){var checked=this.isChecked(),switcher=this.switcher,jack=this.jack;if(clicked&&checked)checked=false;else if(clicked&&!checked)checked=true;if(checked===true){this.element.checked=true;if(window.getComputedStyle)jack.style.left=parseInt(window.getComputedStyle(switcher).width)-parseInt(window.getComputedStyle(jack).width)+\"px\";else jack.style.left=parseInt(switcher.currentStyle[\"width\"])-parseInt(jack.currentStyle[\"width\"])+\"px\";if(this.options.color)this.colorize();this.setSpeed()}else{jack.style.left=0;this.element.checked=false;this.switcher.style.boxShadow=\"inset 0 0 0 0 \"+this.options.secondaryColor;this.switcher.style.borderColor=this.options.secondaryColor;this.switcher.style.backgroundColor=this.options.secondaryColor!==defaults.secondaryColor?this.options.secondaryColor:\"#fff\";this.jack.style.backgroundColor=this.options.jackColor;this.setSpeed()}};Switchery.prototype.setSpeed=function(){var switcherProp={},jackProp={left:this.options.speed.replace(/[a-z]/,\"\")/2+\"s\"};if(this.isChecked()){switcherProp={border:this.options.speed,\"box-shadow\":this.options.speed,\"background-color\":this.options.speed.replace(/[a-z]/,\"\")*3+\"s\"}}else{switcherProp={border:this.options.speed,\"box-shadow\":this.options.speed}}transitionize(this.switcher,switcherProp);transitionize(this.jack,jackProp)};Switchery.prototype.setSize=function(){var small=\"switchery-small\",normal=\"switchery-default\",large=\"switchery-large\";switch(this.options.size){case\"small\":classes(this.switcher).add(small);break;case\"large\":classes(this.switcher).add(large);break;default:classes(this.switcher).add(normal);break}};Switchery.prototype.colorize=function(){var switcherHeight=this.switcher.offsetHeight/2;this.switcher.style.backgroundColor=this.options.color;this.switcher.style.borderColor=this.options.color;this.switcher.style.boxShadow=\"inset 0 0 0 \"+switcherHeight+\"px \"+this.options.color;this.jack.style.backgroundColor=this.options.jackColor};Switchery.prototype.handleOnchange=function(state){if(document.dispatchEvent){var event=document.createEvent(\"HTMLEvents\");event.initEvent(\"change\",true,true);this.element.dispatchEvent(event)}else{this.element.fireEvent(\"onchange\")}};Switchery.prototype.handleChange=function(){var self=this,el=this.element;if(el.addEventListener){el.addEventListener(\"change\",function(){self.setPosition()})}else{el.attachEvent(\"onchange\",function(){self.setPosition()})}};Switchery.prototype.handleClick=function(){var self=this,switcher=this.switcher,parent=self.element.parentNode.tagName.toLowerCase(),labelParent=parent===\"label\"?false:true;if(this.isDisabled()===false){fastclick(switcher);if(switcher.addEventListener){switcher.addEventListener(\"click\",function(e){self.setPosition(labelParent);self.handleOnchange(self.element.checked)})}else{switcher.attachEvent(\"onclick\",function(){self.setPosition(labelParent);self.handleOnchange(self.element.checked)})}}else{this.element.disabled=true;this.switcher.style.opacity=this.options.disabledOpacity}};Switchery.prototype.markAsSwitched=function(){this.element.setAttribute(\"data-switchery\",true)};Switchery.prototype.markedAsSwitched=function(){return this.element.getAttribute(\"data-switchery\")};Switchery.prototype.init=function(){this.hide();this.show();this.setSize();this.setPosition();this.markAsSwitched();this.handleChange();this.handleClick()}});if(typeof exports==\"object\"){module.exports=require(\"switchery\")}else if(typeof define==\"function\"&&define.amd){define(\"Switchery\",[],function(){return require(\"switchery\")})}else{(this||window)[\"Switchery\"]=require(\"switchery\")}})();"]},"hash":"10275e378de417fe5dc88cb50ca33cce1038f832"}
