{"metadata":{"usedHelpers":[],"marked":[],"modules":{"imports":[],"exports":{"exported":[],"specifiers":[]}}},"options":{"filename":"/client/lib/compatibility/slicklab/js/slidebars.min.js","filenameRelative":"/client/lib/compatibility/slicklab/js/slidebars.min.js","env":{},"retainLines":false,"highlightCode":true,"suppressDeprecationMessages":false,"presets":[],"plugins":[[[],null],[[],null],[[],null],[[],null],[[],null],[[],null],[[],null],[[],{"polyfill":false}],[[],null],[[],null],[[],null],[[],null],[[],null],[[],null],[[],null],[[],null],[[],{"loose":true}],[[],{"loose":true}],[[],null],[[],{"loose":true}],[[],null],[[],null],[[],{"allowTopLevelThis":true,"strict":false,"loose":true}],[[],null],[[],null],[[],null],[[],null],[[],null],[[],{"loose":true}],[[],null],[[],null],[[],null],[[],null],[[],null],[[],null],[[],null],[[],null]],"ignore":[],"code":true,"metadata":true,"ast":false,"comments":true,"compact":false,"minified":false,"sourceMap":true,"sourceMaps":true,"sourceMapTarget":"/client/lib/compatibility/slicklab/js/slidebars.min.js.map","sourceFileName":"/client/lib/compatibility/slicklab/js/slidebars.min.js","babelrc":false,"sourceType":"module","moduleIds":false,"passPerPreset":false,"basename":"slidebars.min"},"ignored":false,"code":"\n// -----------------------------------\n// Slidebars\n// Version 0.10 Development\n// http://plugins.adchsm.me/slidebars/\n//\n// Written by Adam Smith\n// http://www.adchsm.me/\n//\n// Released under MIT License\n// http://plugins.adchsm.me/slidebars/license.txt\n//\n// ---------------------\n// Index of Slidebars.js\n//\n// 001 - Default Settings\n// 002 - Feature Detection\n// 003 - User Agents\n// 004 - Setup\n// 005 - Animation\n// 006 - Operations\n// 007 - API\n// 008 - User Input\n\n$(document).ready(function () {\n\n\t$.slidebars = function (options) {\n\n\t\t// ----------------------\n\t\t// 001 - Default Settings\n\n\t\tvar settings = $.extend({\n\t\t\tsiteClose: true, // true or false - Enable closing of Slidebars by clicking on #sb-site.\n\t\t\tsiteLock: false, // true or false - Prevent scrolling of site when a Slidebar is open.\n\t\t\tdisableOver: false, // integer or false - Hide Slidebars over a specific width.\n\t\t\thideControlClasses: false // true or false - Hide controls at same width as disableOver.\n\t\t}, options);\n\n\t\t// -----------------------\n\t\t// 002 - Feature Detection\n\n\t\tvar test = document.createElement('div').style,\n\t\t    // Create element to test on.\n\t\tsupportTransition = false,\n\t\t    // Variable for testing transitions.\n\t\tsupportTransform = false; // variable for testing transforms.\n\n\t\t// Test for CSS Transitions\n\t\tif (test.MozTransition === '' || test.WebkitTransition === '' || test.OTransition === '' || test.transition === '') supportTransition = true;\n\n\t\t// Test for CSS Transforms\n\t\tif (test.MozTransform === '' || test.WebkitTransform === '' || test.OTransform === '' || test.transform === '') supportTransform = true;\n\n\t\t// -----------------\n\t\t// 003 - User Agents\n\n\t\tvar ua = navigator.userAgent,\n\t\t    // Get user agent string.\n\t\tandroid = false,\n\t\t    // Variable for storing android version.\n\t\tiOS = false; // Variable for storing iOS version.\n\n\t\tif (/Android/.test(ua)) {\n\t\t\t// Detect Android in user agent string.\n\t\t\tandroid = ua.substr(ua.indexOf('Android') + 8, 3); // Set version of Android.\n\t\t} else if (/(iPhone|iPod|iPad)/.test(ua)) {\n\t\t\t\t// Detect iOS in user agent string.\n\t\t\t\tiOS = ua.substr(ua.indexOf('OS ') + 3, 3).replace('_', '.'); // Set version of iOS.\n\t\t\t}\n\n\t\tif (android && android < 3 || iOS && iOS < 5) $('html').addClass('sb-static'); // Add helper class for older versions of Android & iOS.\n\n\t\t// -----------\n\t\t// 004 - Setup\n\n\t\t// Site Container\n\t\tvar $site = $('#sb-site, .sb-site'); // Cache the selector.\n\n\t\t// Left Slidebar\t\n\t\tif ($('.sb-left').length) {\n\t\t\t// Check if the left Slidebar exists.\n\t\t\tvar $left = $('.sb-left'),\n\t\t\t    // Cache the selector.\n\t\t\tleftActive = false; // Used to check whether the left Slidebar is open or closed.\n\t\t}\n\n\t\t// Right Slidebar\n\t\tif ($('.sb-right').length) {\n\t\t\t// Check if the right Slidebar exists.\n\t\t\tvar $right = $('.sb-right'),\n\t\t\t    // Cache the selector.\n\t\t\trightActive = false; // Used to check whether the right Slidebar is open or closed.\n\t\t}\n\n\t\tvar init = false,\n\t\t    windowWidth = $(window).width(),\n\t\t    // Get width of window.\n\t\t$controls = $('.sb-toggle-left, .sb-toggle-right, .sb-open-left, .sb-open-right, .sb-close'),\n\t\t    // Cache the control classes.\n\t\t$slide = $('.sb-slide'); // Cache users elements to animate.\n\n\t\t// Initailise Slidebars\n\t\tfunction initialise() {\n\t\t\tif (!settings.disableOver || typeof settings.disableOver === 'number' && settings.disableOver >= windowWidth) {\n\t\t\t\t// False or larger than window size.\n\t\t\t\tinit = true; // true enabled Slidebars to open.\n\t\t\t\t$('html').addClass('sb-init'); // Add helper class.\n\t\t\t\tif (settings.hideControlClasses) $controls.removeClass('sb-hide'); // Remove class just incase Slidebars was originally disabled.\n\t\t\t\tcss(); // Set required inline styles.\n\t\t\t} else if (typeof settings.disableOver === 'number' && settings.disableOver < windowWidth) {\n\t\t\t\t\t// Less than window size.\n\t\t\t\t\tinit = false; // false stop Slidebars from opening.\n\t\t\t\t\t$('html').removeClass('sb-init'); // Remove helper class.\n\t\t\t\t\tif (settings.hideControlClasses) $controls.addClass('sb-hide'); // Hide controls\n\t\t\t\t\tif (leftActive || rightActive) close(); // Close Slidebars if open.\n\t\t\t\t}\n\t\t}\n\t\tinitialise();\n\n\t\t// Inline CSS\n\t\tfunction css() {\n\t\t\t// Set minimum height.\n\t\t\t$site.css('minHeight', ''); // Reset minimum height.\n\t\t\t$site.css('minHeight', $('body').height() + 'px'); // Set minimum height of the site to the minimum height of the body.\n\n\t\t\t// Set off-canvas margins for Slidebars with push and overlay animations.\n\t\t\tif ($left && ($left.hasClass('sb-style-push') || $left.hasClass('sb-style-overlay'))) $left.css('marginLeft', '-' + $left.css('width'));\n\t\t\tif ($right && ($right.hasClass('sb-style-push') || $right.hasClass('sb-style-overlay'))) $right.css('marginRight', '-' + $right.css('width'));\n\n\t\t\t// Custom Slidebar Widths\n\t\t\tif ($left && $left.hasClass('sb-width-custom')) $left.css('width', $left.attr('data-sb-width')); // Set user custom width.\n\t\t\tif ($right && $right.hasClass('sb-width-custom')) $right.css('width', $right.attr('data-sb-width')); // Set user custom width.\n\n\t\t\t// Site lock.\n\t\t\tif (settings.siteLock) $('html').addClass('sb-lock');\n\t\t}\n\n\t\t// Resize Functions\n\t\t$(window).resize(function () {\n\t\t\tvar resizedWindowWidth = $(window).width(); // Get resized window width.\n\t\t\tif (init && windowWidth !== resizedWindowWidth) {\n\t\t\t\t// Slidebars is running and window was actually resized.\n\t\t\t\twindowWidth = resizedWindowWidth; // Set the new window width.\n\t\t\t\tinitialise(); // Call initalise to see if Slidebars should still be running.\n\t\t\t\tcss(); // Reset minimum heights and negative margins.\n\t\t\t\tif (leftActive) open('left'); // If left Slidebar is open, calling open will ensure it is the correct size.\n\t\t\t\tif (rightActive) open('right'); // If right Slidebar is open, calling open will ensure it is the correct size.\n\t\t\t}\n\t\t});\n\t\t// I may include a height check along side a width check here in future.\n\n\t\t// ---------------\n\t\t// 005 - Animation\n\n\t\tvar animation; // Animation type.\n\n\t\t// Set Animation Type\n\t\tif (supportTransition && supportTransform) {\n\t\t\t// Browser supports css transitions and transforms.\n\t\t\tanimation = 'translate'; // Translate for browsers that support it.\n\t\t\tif (android && android < 4.4) animation = 'side'; // Android supports both, but can't translate any fixed positions, so use left instead.\n\t\t} else {\n\t\t\t\tanimation = 'jQuery'; // Browsers that don't support css transitions and transitions.\n\t\t\t}\n\n\t\t// Animate Mixin\n\t\tfunction animate(object, amount, side) {\n\t\t\t// Choose selectors depending on animation style.\n\t\t\tvar selector;\n\n\t\t\tif (object.hasClass('sb-style-push')) {\n\t\t\t\tselector = $site.add(object).add($slide); // Push - Animate site, Slidebar and user elements.\n\t\t\t} else if (object.hasClass('sb-style-overlay')) {\n\t\t\t\t\tselector = object; // Overlay - Animate Slidebar only.\n\t\t\t\t} else {\n\t\t\t\t\t\tselector = $site.add($slide); // Reveal - Animate site and user elements.\n\t\t\t\t\t}\n\n\t\t\t// Apply Animation\n\t\t\tif (animation === 'translate') {\n\t\t\t\tselector.css('transform', 'translate(' + amount + ')');\n\t\t\t} else if (animation === 'side') {\n\t\t\t\tif (amount[0] === '-') amount = amount.substr(1); // Remove the '-' from the passed amount for side animations.\n\t\t\t\tselector.css(side, amount);\n\t\t\t\tsetTimeout(function () {\n\t\t\t\t\tif (amount === '0px') {\n\t\t\t\t\t\tselector.removeAttr('style');\n\t\t\t\t\t\tcss();\n\t\t\t\t\t}\n\t\t\t\t}, 400);\n\t\t\t} else if (animation === 'jQuery') {\n\t\t\t\tif (amount[0] === '-') amount = amount.substr(1); // Remove the '-' from the passed amount for jQuery animations.\n\t\t\t\tvar properties = {};\n\t\t\t\tproperties[side] = amount;\n\t\t\t\tselector.stop().animate(properties, 400); // Stop any current jQuery animation before starting another.\n\t\t\t\tsetTimeout(function () {\n\t\t\t\t\tif (amount === '0px') {\n\t\t\t\t\t\tselector.removeAttr('style');\n\t\t\t\t\t\tcss();\n\t\t\t\t\t}\n\t\t\t\t}, 400); // If closed, remove the inline styling on completion of the animation.\t\n\t\t\t}\n\t\t}\n\n\t\t// ----------------\n\t\t// 006 - Operations\n\n\t\t// Open a Slidebar\n\t\tfunction open(side) {\n\t\t\t// Check to see if opposite Slidebar is open.\n\t\t\tif (side === 'left' && $left && rightActive || side === 'right' && $right && leftActive) {\n\t\t\t\t// It's open, close it, then continue.\n\t\t\t\tclose();\n\t\t\t\tsetTimeout(proceed, 400);\n\t\t\t} else {\n\t\t\t\t// Its not open, continue.\n\t\t\t\tproceed();\n\t\t\t}\n\n\t\t\t// Open\n\t\t\tfunction proceed() {\n\t\t\t\tif (init && side === 'left' && $left) {\n\t\t\t\t\t// Slidebars is initiated, left is in use and called to open.\n\t\t\t\t\t$('html').addClass('sb-active sb-active-left'); // Add active classes.\n\t\t\t\t\t$left.addClass('sb-active');\n\t\t\t\t\tanimate($left, $left.css('width'), 'left'); // Animation\n\t\t\t\t\tsetTimeout(function () {\n\t\t\t\t\t\tleftActive = true;\n\t\t\t\t\t}, 400); // Set active variables.\n\t\t\t\t} else if (init && side === 'right' && $right) {\n\t\t\t\t\t\t// Slidebars is initiated, right is in use and called to open.\n\t\t\t\t\t\t$('html').addClass('sb-active sb-active-right'); // Add active classes.\n\t\t\t\t\t\t$right.addClass('sb-active');\n\t\t\t\t\t\tanimate($right, '-' + $right.css('width'), 'right'); // Animation\n\t\t\t\t\t\tsetTimeout(function () {\n\t\t\t\t\t\t\trightActive = true;\n\t\t\t\t\t\t}, 400); // Set active variables.\n\t\t\t\t\t}\n\t\t\t}\n\t\t}\n\n\t\t// Close either Slidebar\n\t\tfunction close(link) {\n\t\t\tif (leftActive || rightActive) {\n\t\t\t\t// If a Slidebar is open.\n\t\t\t\tif (leftActive) {\n\t\t\t\t\tanimate($left, '0px', 'left'); // Animation\n\t\t\t\t\tleftActive = false;\n\t\t\t\t}\n\t\t\t\tif (rightActive) {\n\t\t\t\t\tanimate($right, '0px', 'right'); // Animation\n\t\t\t\t\trightActive = false;\n\t\t\t\t}\n\n\t\t\t\tsetTimeout(function () {\n\t\t\t\t\t// Wait for closing animation to finish.\n\t\t\t\t\t$('html').removeClass('sb-active sb-active-left sb-active-right'); // Remove active classes.\n\t\t\t\t\tif ($left) $left.removeClass('sb-active');\n\t\t\t\t\tif ($right) $right.removeClass('sb-active');\n\t\t\t\t\tif (link) window.location = link; // If a link has been passed to the function, go to it.\n\t\t\t\t}, 400);\n\t\t\t}\n\t\t}\n\n\t\t// Toggle either Slidebar\n\t\tfunction toggle(side) {\n\t\t\tif (side === 'left' && $left) {\n\t\t\t\t// If left Slidebar is called and in use.\n\t\t\t\tif (!leftActive) {\n\t\t\t\t\topen('left'); // Slidebar is closed, open it.\n\t\t\t\t} else {\n\t\t\t\t\t\tclose(); // Slidebar is open, close it.\n\t\t\t\t\t}\n\t\t\t}\n\t\t\tif (side === 'right' && $right) {\n\t\t\t\t// If right Slidebar is called and in use.\n\t\t\t\tif (!rightActive) {\n\t\t\t\t\topen('right'); // Slidebar is closed, open it.\n\t\t\t\t} else {\n\t\t\t\t\t\tclose(); // Slidebar is open, close it.\n\t\t\t\t\t}\n\t\t\t}\n\t\t}\n\n\t\t// ---------\n\t\t// 007 - API\n\n\t\tthis.open = open; // Maps user variable name to the open method.\n\t\tthis.close = close; // Maps user variable name to the close method.\n\t\tthis.toggle = toggle; // Maps user variable name to the toggle method.\n\t\tthis.init = function () {\n\t\t\t// Returns true or false whether Slidebars are running or not.\n\t\t\treturn init;\n\t\t};\n\t\tthis.active = function (side) {\n\t\t\t// Returns true or false whether Slidebar is open or closed.\n\t\t\tif (side === 'left' && $left) return leftActive;\n\t\t\tif (side === 'right' && $right) return rightActive;\n\t\t};\n\n\t\t// ----------------\n\t\t// 008 - User Input\n\n\t\tfunction eventHandler(event, selector) {\n\t\t\tevent.stopPropagation(); // Stop event bubbling.\n\t\t\tevent.preventDefault(); // Prevent default behaviour\n\t\t\tif (event.type === 'touchend') selector.off('click'); // If event type was touch turn off clicks to prevent phantom clicks.\n\t\t}\n\n\t\t// Toggle Left Slidebar\n\t\t$('.sb-toggle-left').on('touchend click', function (event) {\n\t\t\teventHandler(event, $(this)); // Handle the event.\n\t\t\ttoggle('left'); // Toggle the left Slidbar.\n\t\t});\n\n\t\t// Toggle Right Slidebar\n\t\t$('.sb-toggle-right').on('touchend click', function (event) {\n\t\t\teventHandler(event, $(this)); // Handle the event.\n\t\t\ttoggle('right'); // Toggle the right Slidbar.\n\t\t});\n\n\t\t// Open Left Slidebar\n\t\t$('.sb-open-left').on('touchend click', function (event) {\n\t\t\teventHandler(event, $(this)); // Handle the event.\n\t\t\topen('left'); // Open the left Slidebar.\n\t\t});\n\n\t\t// Open Right Slidebar\n\t\t$('.sb-open-right').on('touchend click', function (event) {\n\t\t\teventHandler(event, $(this)); // Handle the event.\n\t\t\topen('right'); // Open the right Slidebar.\n\t\t});\n\n\t\t// Close a Slidebar\n\t\t$('.sb-close').on('touchend click', function (event) {\n\t\t\teventHandler(event, $(this)); // Handle the event.\n\t\t\tclose(); // Close either Slidebar.\n\t\t});\n\n\t\t//\t\tClose Slidebar via Link\n\t\t//\t\t$('.sb-slidebar a').not('.sb-disable-close').on('click', function(event) {\n\t\t//\t\t\teventHandler(event, $(this)); // Handle the event.\n\t\t//\t\t\tclose( $(this).attr('href') ); // Close the Slidebar and pass link.\n\t\t//\t\t});\n\n\t\t// Close Slidebar via Site\n\t\t//\t\t$site.on('touchend click', function(event) {\n\t\t//\t\t\tif (settings.siteClose && (leftActive || rightActive)) { // If settings permit closing by site and left or right Slidebar is open.\n\t\t//\t\t\t\teventHandler(event, $(this)); // Handle the event.\n\t\t//\t\t\t\tclose(); // Close it.\n\t\t//\t\t\t}\n\t\t//\t\t});\n\t}; // End slidebars function.\n});","ast":null,"map":{"version":3,"sources":["/client/lib/compatibility/slicklab/js/slidebars.min.js"],"names":[],"mappings":";;;;;;;;;;;;;;;;;;;;;;;;AAwBA,EAAE,QAAF,EAAY,KAAZ,CAAkB,YAAW;;AAE5B,GAAE,SAAF,GAAc,UAAS,OAAT,EAAkB;;;;;AAK/B,MAAI,WAAW,EAAE,MAAF,CAAS;AACvB,cAAW,IAAX;AACA,aAAU,KAAV;AACA,gBAAa,KAAb;AACA,uBAAoB,KAApB;AAJuB,GAAT,EAKZ,OALY,CAAX;;;;;AAL2B,MAe3B,OAAO,SAAS,aAAT,CAAuB,KAAvB,EAA8B,KAA9B;;AACX,sBAAoB,KAApB;;AACA,qBAAmB,KAAnB;;;AAjB+B,MAoB3B,KAAK,aAAL,KAAuB,EAAvB,IAA6B,KAAK,gBAAL,KAA0B,EAA1B,IAAgC,KAAK,WAAL,KAAqB,EAArB,IAA2B,KAAK,UAAL,KAAoB,EAApB,EAAwB,oBAAoB,IAApB,CAApH;;;AApB+B,MAuB3B,KAAK,YAAL,KAAsB,EAAtB,IAA4B,KAAK,eAAL,KAAyB,EAAzB,IAA+B,KAAK,UAAL,KAAoB,EAApB,IAA0B,KAAK,SAAL,KAAmB,EAAnB,EAAuB,mBAAmB,IAAnB,CAAhH;;;;;AAvB+B,MA4B3B,KAAK,UAAU,SAAV;;AACT,YAAU,KAAV;;AACA,QAAM,KAAN;;AA9B+B,MAgC3B,UAAU,IAAV,CAAe,EAAf,CAAJ,EAAwB;;AACvB,aAAU,GAAG,MAAH,CAAU,GAAG,OAAH,CAAW,SAAX,IAAsB,CAAtB,EAAyB,CAAnC,CAAV;AADuB,GAAxB,MAEO,IAAI,qBAAqB,IAArB,CAA0B,EAA1B,CAAJ,EAAmC;;AACzC,UAAM,GAAG,MAAH,CAAU,GAAG,OAAH,CAAW,KAAX,IAAkB,CAAlB,EAAqB,CAA/B,EAAkC,OAAlC,CAA0C,GAA1C,EAA+C,GAA/C,CAAN;AADyC,IAAnC;;AAIP,MAAI,WAAW,UAAU,CAAV,IAAe,OAAO,MAAM,CAAN,EAAS,EAAE,MAAF,EAAU,QAAV,CAAmB,WAAnB,EAA9C;;;;;;AAtC+B,MA4C3B,QAAQ,EAAE,oBAAF,CAAR;;;AA5C2B,MA+C3B,EAAE,UAAF,EAAc,MAAd,EAAsB;;AACzB,OAAI,QAAQ,EAAE,UAAF,CAAR;;AACJ,gBAAa,KAAb;AAFyB,GAA1B;;;AA/C+B,MAqD3B,EAAE,WAAF,EAAe,MAAf,EAAuB;;AAC1B,OAAI,SAAS,EAAE,WAAF,CAAT;;AACJ,iBAAc,KAAd;AAF0B,GAA3B;;AAKA,MAAI,OAAO,KAAP;MACJ,cAAc,EAAE,MAAF,EAAU,KAAV,EAAd;;AACA,cAAY,EAAE,6EAAF,CAAZ;;AACA,WAAS,EAAE,WAAF,CAAT;;;AA7D+B,WAgEtB,UAAT,GAAsB;AACrB,OAAI,CAAC,SAAS,WAAT,IAAyB,OAAO,SAAS,WAAT,KAAyB,QAAhC,IAA4C,SAAS,WAAT,IAAwB,WAAxB,EAAsC;;AAC/G,WAAO,IAAP;AAD+G,KAE/G,CAAE,MAAF,EAAU,QAAV,CAAmB,SAAnB;AAF+G,QAG3G,SAAS,kBAAT,EAA6B,UAAU,WAAV,CAAsB,SAAtB,EAAjC;AAH+G,OAI/G;AAJ+G,IAAhH,MAKO,IAAI,OAAO,SAAS,WAAT,KAAyB,QAAhC,IAA4C,SAAS,WAAT,GAAuB,WAAvB,EAAoC;;AAC1F,YAAO,KAAP;AAD0F,MAE1F,CAAE,MAAF,EAAU,WAAV,CAAsB,SAAtB;AAF0F,SAGtF,SAAS,kBAAT,EAA6B,UAAU,QAAV,CAAmB,SAAnB,EAAjC;AAH0F,SAItF,cAAc,WAAd,EAA2B,QAA/B;AAJ0F,KAApF;GANR;AAaA;;;AA7E+B,WAgFtB,GAAT,GAAe;;AAEd,SAAM,GAAN,CAAU,WAAV,EAAuB,EAAvB;AAFc,QAGd,CAAM,GAAN,CAAU,WAAV,EAAuB,EAAE,MAAF,EAAU,MAAV,KAAqB,IAArB,CAAvB;;;AAHc,OAMV,UAAU,MAAM,QAAN,CAAe,eAAf,KAAmC,MAAM,QAAN,CAAe,kBAAf,CAAnC,CAAV,EAAkF,MAAM,GAAN,CAAU,YAAV,EAAwB,MAAM,MAAM,GAAN,CAAU,OAAV,CAAN,CAAxB,CAAtF;AACA,OAAI,WAAW,OAAO,QAAP,CAAgB,eAAhB,KAAoC,OAAO,QAAP,CAAgB,kBAAhB,CAApC,CAAX,EAAqF,OAAO,GAAP,CAAW,aAAX,EAA0B,MAAM,OAAO,GAAP,CAAW,OAAX,CAAN,CAA1B,CAAzF;;;AAPc,OAUV,SAAS,MAAM,QAAN,CAAe,iBAAf,CAAT,EAA4C,MAAM,GAAN,CAAU,OAAV,EAAmB,MAAM,IAAN,CAAW,eAAX,CAAnB,EAAhD;AAVc,OAWV,UAAU,OAAO,QAAP,CAAgB,iBAAhB,CAAV,EAA8C,OAAO,GAAP,CAAW,OAAX,EAAoB,OAAO,IAAP,CAAY,eAAZ,CAApB,EAAlD;;;AAXc,OAcV,SAAS,QAAT,EAAmB,EAAE,MAAF,EAAU,QAAV,CAAmB,SAAnB,EAAvB;GAdD;;;AAhF+B,GAkG/B,CAAE,MAAF,EAAU,MAAV,CAAiB,YAAW;AAC3B,OAAI,qBAAqB,EAAE,MAAF,EAAU,KAAV,EAArB;AADuB,OAEvB,QAAQ,gBAAgB,kBAAhB,EAAoC;;AAC/C,kBAAc,kBAAd;AAD+C,cAE/C;AAF+C,OAG/C;AAH+C,QAI3C,UAAJ,EAAgB,KAAK,MAAL,EAAhB;AAJ+C,QAK3C,WAAJ,EAAiB,KAAK,OAAL,EAAjB;AAL+C,IAAhD;GAFgB,CAAjB;;;;;;AAlG+B,MAiH3B,SAAJ;;;AAjH+B,MAoH3B,qBAAqB,gBAArB,EAAuC;;AAC1C,eAAY,WAAZ;AAD0C,OAEtC,WAAW,UAAU,GAAV,EAAe,YAAY,MAAZ,CAA9B;AAF0C,GAA3C,MAGO;AACN,gBAAY,QAAZ;AADM,IAHP;;;AApH+B,WA4HtB,OAAT,CAAiB,MAAjB,EAAyB,MAAzB,EAAiC,IAAjC,EAAuC;;AAEtC,OAAI,QAAJ,CAFsC;;AAItC,OAAI,OAAO,QAAP,CAAgB,eAAhB,CAAJ,EAAsC;AACrC,eAAW,MAAM,GAAN,CAAU,MAAV,EAAkB,GAAlB,CAAsB,MAAtB,CAAX;AADqC,IAAtC,MAEO,IAAI,OAAO,QAAP,CAAgB,kBAAhB,CAAJ,EAAyC;AAC/C,gBAAW,MAAX;AAD+C,KAAzC,MAEA;AACN,iBAAW,MAAM,GAAN,CAAU,MAAV,CAAX;AADM,MAFA;;;AAN+B,OAalC,cAAc,WAAd,EAA2B;AAC9B,aAAS,GAAT,CAAa,WAAb,EAA0B,eAAe,MAAf,GAAwB,GAAxB,CAA1B,CAD8B;IAA/B,MAEO,IAAI,cAAc,MAAd,EAAsB;AAChC,QAAI,OAAO,CAAP,MAAc,GAAd,EAAmB,SAAS,OAAO,MAAP,CAAc,CAAd,CAAT,CAAvB;AADgC,YAEhC,CAAS,GAAT,CAAa,IAAb,EAAmB,MAAnB,EAFgC;AAGhC,eAAW,YAAW;AACrB,SAAI,WAAW,KAAX,EAAkB;AACrB,eAAS,UAAT,CAAoB,OAApB,EADqB;AAErB,YAFqB;MAAtB;KADU,EAKR,GALH,EAHgC;IAA1B,MASA,IAAI,cAAc,QAAd,EAAwB;AAClC,QAAI,OAAO,CAAP,MAAc,GAAd,EAAmB,SAAS,OAAO,MAAP,CAAc,CAAd,CAAT,CAAvB;AADkC,QAE9B,aAAa,EAAb,CAF8B;AAGlC,eAAW,IAAX,IAAmB,MAAnB,CAHkC;AAIlC,aAAS,IAAT,GAAgB,OAAhB,CAAwB,UAAxB,EAAoC,GAApC;AAJkC,cAKlC,CAAW,YAAW;AACrB,SAAI,WAAW,KAAX,EAAkB;AACrB,eAAS,UAAT,CAAoB,OAApB,EADqB;AAErB,YAFqB;MAAtB;KADU,EAKR,GALH;AALkC,IAA5B;GAxBR;;;;;;AA5H+B,WAsKtB,IAAT,CAAc,IAAd,EAAoB;;AAEnB,OAAI,SAAS,MAAT,IAAmB,KAAnB,IAA4B,WAA5B,IAA2C,SAAS,OAAT,IAAoB,MAApB,IAA8B,UAA9B,EAA0C;;AACxF,YADwF;AAExF,eAAW,OAAX,EAAoB,GAApB,EAFwF;IAAzF,MAGO;;AACN,cADM;IAHP;;;AAFmB,YAUV,OAAT,GAAmB;AAClB,QAAI,QAAQ,SAAS,MAAT,IAAmB,KAA3B,EAAkC;;AACrC,OAAE,MAAF,EAAU,QAAV,CAAmB,0BAAnB;AADqC,UAErC,CAAM,QAAN,CAAe,WAAf,EAFqC;AAGrC,aAAQ,KAAR,EAAe,MAAM,GAAN,CAAU,OAAV,CAAf,EAAmC,MAAnC;AAHqC,eAIrC,CAAW,YAAW;AAAE,mBAAa,IAAb,CAAF;MAAX,EAAmC,GAA9C;AAJqC,KAAtC,MAKO,IAAI,QAAQ,SAAS,OAAT,IAAoB,MAA5B,EAAoC;;AAC9C,QAAE,MAAF,EAAU,QAAV,CAAmB,2BAAnB;AAD8C,YAE9C,CAAO,QAAP,CAAgB,WAAhB,EAF8C;AAG9C,cAAQ,MAAR,EAAgB,MAAM,OAAO,GAAP,CAAW,OAAX,CAAN,EAA2B,OAA3C;AAH8C,gBAI9C,CAAW,YAAW;AAAE,qBAAc,IAAd,CAAF;OAAX,EAAoC,GAA/C;AAJ8C,MAAxC;IANR;GAVD;;;AAtK+B,WAgMtB,KAAT,CAAe,IAAf,EAAqB;AACpB,OAAI,cAAc,WAAd,EAA2B;;AAC9B,QAAI,UAAJ,EAAgB;AACf,aAAQ,KAAR,EAAe,KAAf,EAAsB,MAAtB;AADe,eAEf,GAAa,KAAb,CAFe;KAAhB;AAIA,QAAI,WAAJ,EAAiB;AAChB,aAAQ,MAAR,EAAgB,KAAhB,EAAuB,OAAvB;AADgB,gBAEhB,GAAc,KAAd,CAFgB;KAAjB;;AAKA,eAAW,YAAW;;AACrB,OAAE,MAAF,EAAU,WAAV,CAAsB,0CAAtB;AADqB,SAEjB,KAAJ,EAAW,MAAM,WAAN,CAAkB,WAAlB,EAAX;AACA,SAAI,MAAJ,EAAY,OAAO,WAAP,CAAmB,WAAnB,EAAZ;AACA,SAAI,IAAJ,EAAU,OAAO,QAAP,GAAkB,IAAlB,CAAV;AAJqB,KAAX,EAKR,GALH,EAV8B;IAA/B;GADD;;;AAhM+B,WAqNtB,MAAT,CAAgB,IAAhB,EAAsB;AACrB,OAAI,SAAS,MAAT,IAAmB,KAAnB,EAA0B;;AAC7B,QAAI,CAAC,UAAD,EAAa;AAChB,UAAK,MAAL;AADgB,KAAjB,MAEO;AACN;AADM,MAFP;IADD;AAOA,OAAI,SAAS,OAAT,IAAoB,MAApB,EAA4B;;AAC/B,QAAI,CAAC,WAAD,EAAc;AACjB,UAAK,OAAL;AADiB,KAAlB,MAEO;AACN;AADM,MAFP;IADD;GARD;;;;;AArN+B,MAyO/B,CAAK,IAAL,GAAY,IAAZ;AAzO+B,MA0O/B,CAAK,KAAL,GAAa,KAAb;AA1O+B,MA2O/B,CAAK,MAAL,GAAc,MAAd;AA3O+B,MA4O/B,CAAK,IAAL,GAAY,YAAW;;AACtB,UAAO,IAAP,CADsB;GAAX,CA5OmB;AA+O/B,OAAK,MAAL,GAAc,UAAS,IAAT,EAAe;;AAC5B,OAAI,SAAS,MAAT,IAAmB,KAAnB,EAA0B,OAAO,UAAP,CAA9B;AACA,OAAI,SAAS,OAAT,IAAoB,MAApB,EAA4B,OAAO,WAAP,CAAhC;GAFa;;;;;AA/OiB,WAuPtB,YAAT,CAAsB,KAAtB,EAA6B,QAA7B,EAAuC;AACtC,SAAM,eAAN;AADsC,QAEtC,CAAM,cAAN;AAFsC,OAGlC,MAAM,IAAN,KAAe,UAAf,EAA2B,SAAS,GAAT,CAAa,OAAb,EAA/B;AAHsC,GAAvC;;;AAvP+B,GA8P/B,CAAE,iBAAF,EAAqB,EAArB,CAAwB,gBAAxB,EAA0C,UAAS,KAAT,EAAgB;AACzD,gBAAa,KAAb,EAAoB,EAAE,IAAF,CAApB;AADyD,SAEzD,CAAO,MAAP;AAFyD,GAAhB,CAA1C;;;AA9P+B,GAoQ/B,CAAE,kBAAF,EAAsB,EAAtB,CAAyB,gBAAzB,EAA2C,UAAS,KAAT,EAAgB;AAC1D,gBAAa,KAAb,EAAoB,EAAE,IAAF,CAApB;AAD0D,SAE1D,CAAO,OAAP;AAF0D,GAAhB,CAA3C;;;AApQ+B,GA0Q/B,CAAE,eAAF,EAAmB,EAAnB,CAAsB,gBAAtB,EAAwC,UAAS,KAAT,EAAgB;AACvD,gBAAa,KAAb,EAAoB,EAAE,IAAF,CAApB;AADuD,OAEvD,CAAK,MAAL;AAFuD,GAAhB,CAAxC;;;AA1Q+B,GAgR/B,CAAE,gBAAF,EAAoB,EAApB,CAAuB,gBAAvB,EAAyC,UAAS,KAAT,EAAgB;AACxD,gBAAa,KAAb,EAAoB,EAAE,IAAF,CAApB;AADwD,OAExD,CAAK,OAAL;AAFwD,GAAhB,CAAzC;;;AAhR+B,GAsR/B,CAAE,WAAF,EAAe,EAAf,CAAkB,gBAAlB,EAAoC,UAAS,KAAT,EAAgB;AACnD,gBAAa,KAAb,EAAoB,EAAE,IAAF,CAApB;AADmD,QAEnD;AAFmD,GAAhB,CAApC;;;;;;;;;;;;;;;EAtRa;AAAkB,CAFf,CAAlB;AAA6B","file":"/client/lib/compatibility/slicklab/js/slidebars.min.js.map","sourcesContent":["\n// -----------------------------------\n// Slidebars\n// Version 0.10 Development\n// http://plugins.adchsm.me/slidebars/\n//\n// Written by Adam Smith\n// http://www.adchsm.me/\n//\n// Released under MIT License\n// http://plugins.adchsm.me/slidebars/license.txt\n//\n// ---------------------\n// Index of Slidebars.js\n//\n// 001 - Default Settings\n// 002 - Feature Detection\n// 003 - User Agents\n// 004 - Setup\n// 005 - Animation\n// 006 - Operations\n// 007 - API\n// 008 - User Input\n\n$(document).ready(function() {\n\n\t$.slidebars = function(options) {\n\n\t\t// ----------------------\n\t\t// 001 - Default Settings\n\n\t\tvar settings = $.extend({\n\t\t\tsiteClose: true, // true or false - Enable closing of Slidebars by clicking on #sb-site.\n\t\t\tsiteLock: false, // true or false - Prevent scrolling of site when a Slidebar is open.\n\t\t\tdisableOver: false, // integer or false - Hide Slidebars over a specific width.\n\t\t\thideControlClasses: false // true or false - Hide controls at same width as disableOver.\n\t\t}, options);\n\n\t\t// -----------------------\n\t\t// 002 - Feature Detection\n\n\t\tvar test = document.createElement('div').style, // Create element to test on.\n\t\tsupportTransition = false, // Variable for testing transitions.\n\t\tsupportTransform = false; // variable for testing transforms.\n\n\t\t// Test for CSS Transitions\n\t\tif (test.MozTransition === '' || test.WebkitTransition === '' || test.OTransition === '' || test.transition === '') supportTransition = true;\n\n\t\t// Test for CSS Transforms\n\t\tif (test.MozTransform === '' || test.WebkitTransform === '' || test.OTransform === '' || test.transform === '') supportTransform = true;\n\n\t\t// -----------------\n\t\t// 003 - User Agents\n\n\t\tvar ua = navigator.userAgent, // Get user agent string.\n\t\tandroid = false, // Variable for storing android version.\n\t\tiOS = false; // Variable for storing iOS version.\n\t\t\n\t\tif (/Android/.test(ua)) { // Detect Android in user agent string.\n\t\t\tandroid = ua.substr(ua.indexOf('Android')+8, 3); // Set version of Android.\n\t\t} else if (/(iPhone|iPod|iPad)/.test(ua)) { // Detect iOS in user agent string.\n\t\t\tiOS = ua.substr(ua.indexOf('OS ')+3, 3).replace('_', '.'); // Set version of iOS.\n\t\t}\n\t\t\n\t\tif (android && android < 3 || iOS && iOS < 5) $('html').addClass('sb-static'); // Add helper class for older versions of Android & iOS.\n\n\t\t// -----------\n\t\t// 004 - Setup\n\n\t\t// Site Container\n\t\tvar $site = $('#sb-site, .sb-site'); // Cache the selector.\n\n\t\t// Left Slidebar\t\n\t\tif ($('.sb-left').length) { // Check if the left Slidebar exists.\n\t\t\tvar $left = $('.sb-left'), // Cache the selector.\n\t\t\tleftActive = false; // Used to check whether the left Slidebar is open or closed.\n\t\t}\n\n\t\t// Right Slidebar\n\t\tif ($('.sb-right').length) { // Check if the right Slidebar exists.\n\t\t\tvar $right = $('.sb-right'), // Cache the selector.\n\t\t\trightActive = false; // Used to check whether the right Slidebar is open or closed.\n\t\t}\n\t\t\t\t\n\t\tvar init = false,\n\t\twindowWidth = $(window).width(), // Get width of window.\n\t\t$controls = $('.sb-toggle-left, .sb-toggle-right, .sb-open-left, .sb-open-right, .sb-close'), // Cache the control classes.\n\t\t$slide = $('.sb-slide'); // Cache users elements to animate.\n\t\t\n\t\t// Initailise Slidebars\n\t\tfunction initialise() {\n\t\t\tif (!settings.disableOver || (typeof settings.disableOver === 'number' && settings.disableOver >= windowWidth)) { // False or larger than window size. \n\t\t\t\tinit = true; // true enabled Slidebars to open.\n\t\t\t\t$('html').addClass('sb-init'); // Add helper class.\n\t\t\t\tif (settings.hideControlClasses) $controls.removeClass('sb-hide'); // Remove class just incase Slidebars was originally disabled.\n\t\t\t\tcss(); // Set required inline styles.\n\t\t\t} else if (typeof settings.disableOver === 'number' && settings.disableOver < windowWidth) { // Less than window size.\n\t\t\t\tinit = false; // false stop Slidebars from opening.\n\t\t\t\t$('html').removeClass('sb-init'); // Remove helper class.\n\t\t\t\tif (settings.hideControlClasses) $controls.addClass('sb-hide'); // Hide controls\n\t\t\t\tif (leftActive || rightActive) close(); // Close Slidebars if open.\n\t\t\t}\n\t\t}\n\t\tinitialise();\n\t\t\n\t\t// Inline CSS\n\t\tfunction css() {\n\t\t\t// Set minimum height.\n\t\t\t$site.css('minHeight', ''); // Reset minimum height.\n\t\t\t$site.css('minHeight', $('body').height() + 'px'); // Set minimum height of the site to the minimum height of the body.\n\t\t\t\n\t\t\t// Set off-canvas margins for Slidebars with push and overlay animations.\n\t\t\tif ($left && ($left.hasClass('sb-style-push') || $left.hasClass('sb-style-overlay'))) $left.css('marginLeft', '-' + $left.css('width'));\n\t\t\tif ($right && ($right.hasClass('sb-style-push') || $right.hasClass('sb-style-overlay'))) $right.css('marginRight', '-' + $right.css('width'));\n\t\t\t\n\t\t\t// Custom Slidebar Widths\n\t\t\tif ($left && $left.hasClass('sb-width-custom')) $left.css('width', $left.attr('data-sb-width')); // Set user custom width.\n\t\t\tif ($right && $right.hasClass('sb-width-custom')) $right.css('width', $right.attr('data-sb-width')); // Set user custom width.\n\t\t\t\n\t\t\t// Site lock.\n\t\t\tif (settings.siteLock) $('html').addClass('sb-lock');\n\t\t}\n\t\t\n\t\t// Resize Functions\n\t\t$(window).resize(function() {\n\t\t\tvar resizedWindowWidth = $(window).width(); // Get resized window width.\n\t\t\tif (init && windowWidth !== resizedWindowWidth) { // Slidebars is running and window was actually resized.\n\t\t\t\twindowWidth = resizedWindowWidth; // Set the new window width.\n\t\t\t\tinitialise(); // Call initalise to see if Slidebars should still be running.\n\t\t\t\tcss(); // Reset minimum heights and negative margins.\n\t\t\t\tif (leftActive) open('left'); // If left Slidebar is open, calling open will ensure it is the correct size.\n\t\t\t\tif (rightActive) open('right'); // If right Slidebar is open, calling open will ensure it is the correct size.\n\t\t\t}\n\t\t});\n\t\t// I may include a height check along side a width check here in future.\n\n\t\t// ---------------\n\t\t// 005 - Animation\n\n\t\tvar animation; // Animation type.\n\n\t\t// Set Animation Type\n\t\tif (supportTransition && supportTransform) { // Browser supports css transitions and transforms.\n\t\t\tanimation = 'translate'; // Translate for browsers that support it.\n\t\t\tif (android && android < 4.4) animation = 'side'; // Android supports both, but can't translate any fixed positions, so use left instead.\n\t\t} else {\n\t\t\tanimation = 'jQuery'; // Browsers that don't support css transitions and transitions.\n\t\t}\n\n\t\t// Animate Mixin\n\t\tfunction animate(object, amount, side) {\n\t\t\t// Choose selectors depending on animation style.\n\t\t\tvar selector;\n\t\t\t\n\t\t\tif (object.hasClass('sb-style-push')) {\n\t\t\t\tselector = $site.add(object).add($slide); // Push - Animate site, Slidebar and user elements.\n\t\t\t} else if (object.hasClass('sb-style-overlay')) {\n\t\t\t\tselector = object; // Overlay - Animate Slidebar only.\n\t\t\t} else {\n\t\t\t\tselector = $site.add($slide); // Reveal - Animate site and user elements.\n\t\t\t}\n\t\t\t\n\t\t\t// Apply Animation\n\t\t\tif (animation === 'translate') {\n\t\t\t\tselector.css('transform', 'translate(' + amount + ')');\n\t\t\t} else if (animation === 'side') {\t\t\n\t\t\t\tif (amount[0] === '-') amount = amount.substr(1); // Remove the '-' from the passed amount for side animations.\n\t\t\t\tselector.css(side, amount);\n\t\t\t\tsetTimeout(function() {\n\t\t\t\t\tif (amount === '0px') {\n\t\t\t\t\t\tselector.removeAttr('style');\n\t\t\t\t\t\tcss();\n\t\t\t\t\t}\n\t\t\t\t}, 400);\n\t\t\t} else if (animation === 'jQuery') {\n\t\t\t\tif (amount[0] === '-') amount = amount.substr(1); // Remove the '-' from the passed amount for jQuery animations.\n\t\t\t\tvar properties = {};\n\t\t\t\tproperties[side] = amount;\n\t\t\t\tselector.stop().animate(properties, 400); // Stop any current jQuery animation before starting another.\n\t\t\t\tsetTimeout(function() {\n\t\t\t\t\tif (amount === '0px') {\n\t\t\t\t\t\tselector.removeAttr('style');\n\t\t\t\t\t\tcss();\n\t\t\t\t\t}\n\t\t\t\t}, 400); // If closed, remove the inline styling on completion of the animation.\t\n\t\t\t}\n\t\t}\n\n\t\t// ----------------\n\t\t// 006 - Operations\n\n\t\t// Open a Slidebar\n\t\tfunction open(side) {\n\t\t\t// Check to see if opposite Slidebar is open.\n\t\t\tif (side === 'left' && $left && rightActive || side === 'right' && $right && leftActive) { // It's open, close it, then continue.\n\t\t\t\tclose();\n\t\t\t\tsetTimeout(proceed, 400);\n\t\t\t} else { // Its not open, continue.\n\t\t\t\tproceed();\n\t\t\t}\n\n\t\t\t// Open\n\t\t\tfunction proceed() {\n\t\t\t\tif (init && side === 'left' && $left) { // Slidebars is initiated, left is in use and called to open.\n\t\t\t\t\t$('html').addClass('sb-active sb-active-left'); // Add active classes.\n\t\t\t\t\t$left.addClass('sb-active');\n\t\t\t\t\tanimate($left, $left.css('width'), 'left'); // Animation\n\t\t\t\t\tsetTimeout(function() { leftActive = true; }, 400); // Set active variables.\n\t\t\t\t} else if (init && side === 'right' && $right) { // Slidebars is initiated, right is in use and called to open.\n\t\t\t\t\t$('html').addClass('sb-active sb-active-right'); // Add active classes.\n\t\t\t\t\t$right.addClass('sb-active');\n\t\t\t\t\tanimate($right, '-' + $right.css('width'), 'right'); // Animation\n\t\t\t\t\tsetTimeout(function() { rightActive = true; }, 400); // Set active variables.\n\t\t\t\t}\n\t\t\t}\n\t\t}\n\t\t\t\n\t\t// Close either Slidebar\n\t\tfunction close(link) {\n\t\t\tif (leftActive || rightActive) { // If a Slidebar is open.\n\t\t\t\tif (leftActive) {\n\t\t\t\t\tanimate($left, '0px', 'left'); // Animation\n\t\t\t\t\tleftActive = false;\n\t\t\t\t}\n\t\t\t\tif (rightActive) {\n\t\t\t\t\tanimate($right, '0px', 'right'); // Animation\n\t\t\t\t\trightActive = false;\n\t\t\t\t}\n\t\t\t\n\t\t\t\tsetTimeout(function() { // Wait for closing animation to finish.\n\t\t\t\t\t$('html').removeClass('sb-active sb-active-left sb-active-right'); // Remove active classes.\n\t\t\t\t\tif ($left) $left.removeClass('sb-active');\n\t\t\t\t\tif ($right) $right.removeClass('sb-active');\n\t\t\t\t\tif (link) window.location = link; // If a link has been passed to the function, go to it.\n\t\t\t\t}, 400);\n\t\t\t}\n\t\t}\n\t\t\n\t\t// Toggle either Slidebar\n\t\tfunction toggle(side) {\n\t\t\tif (side === 'left' && $left) { // If left Slidebar is called and in use.\n\t\t\t\tif (!leftActive) {\n\t\t\t\t\topen('left'); // Slidebar is closed, open it.\n\t\t\t\t} else {\n\t\t\t\t\tclose(); // Slidebar is open, close it.\n\t\t\t\t}\n\t\t\t}\n\t\t\tif (side === 'right' && $right) { // If right Slidebar is called and in use.\n\t\t\t\tif (!rightActive) {\n\t\t\t\t\topen('right'); // Slidebar is closed, open it.\n\t\t\t\t} else {\n\t\t\t\t\tclose(); // Slidebar is open, close it.\n\t\t\t\t}\n\t\t\t}\n\t\t}\n\n\t\t// ---------\n\t\t// 007 - API\n\n\t\tthis.open = open; // Maps user variable name to the open method.\n\t\tthis.close = close; // Maps user variable name to the close method.\n\t\tthis.toggle = toggle; // Maps user variable name to the toggle method.\n\t\tthis.init = function() { // Returns true or false whether Slidebars are running or not.\n\t\t\treturn init;\n\t\t};\n\t\tthis.active = function(side) { // Returns true or false whether Slidebar is open or closed.\n\t\t\tif (side === 'left' && $left) return leftActive;\n\t\t\tif (side === 'right' && $right) return rightActive;\n\t\t};\n\n\t\t// ----------------\n\t\t// 008 - User Input\n\t\t\n\t\tfunction eventHandler(event, selector) {\n\t\t\tevent.stopPropagation(); // Stop event bubbling.\n\t\t\tevent.preventDefault(); // Prevent default behaviour\n\t\t\tif (event.type === 'touchend') selector.off('click'); // If event type was touch turn off clicks to prevent phantom clicks.\n\t\t}\n\t\t\n\t\t// Toggle Left Slidebar\n\t\t$('.sb-toggle-left').on('touchend click', function(event) {\n\t\t\teventHandler(event, $(this)); // Handle the event.\n\t\t\ttoggle('left'); // Toggle the left Slidbar.\n\t\t});\n\t\t\n\t\t// Toggle Right Slidebar\n\t\t$('.sb-toggle-right').on('touchend click', function(event) {\n\t\t\teventHandler(event, $(this)); // Handle the event.\n\t\t\ttoggle('right'); // Toggle the right Slidbar.\n\t\t});\n\t\t\n\t\t// Open Left Slidebar\n\t\t$('.sb-open-left').on('touchend click', function(event) {\n\t\t\teventHandler(event, $(this)); // Handle the event.\n\t\t\topen('left'); // Open the left Slidebar.\n\t\t});\n\t\t\n\t\t// Open Right Slidebar\n\t\t$('.sb-open-right').on('touchend click', function(event) {\n\t\t\teventHandler(event, $(this)); // Handle the event.\n\t\t\topen('right'); // Open the right Slidebar.\n\t\t});\n\t\t\n\t\t// Close a Slidebar\n\t\t$('.sb-close').on('touchend click', function(event) {\n\t\t\teventHandler(event, $(this)); // Handle the event.\n\t\t\tclose(); // Close either Slidebar.\n\t\t});\n\t\t\n//\t\tClose Slidebar via Link\n//\t\t$('.sb-slidebar a').not('.sb-disable-close').on('click', function(event) {\n//\t\t\teventHandler(event, $(this)); // Handle the event.\n//\t\t\tclose( $(this).attr('href') ); // Close the Slidebar and pass link.\n//\t\t});\n\t\t\n\t\t// Close Slidebar via Site\n//\t\t$site.on('touchend click', function(event) {\n//\t\t\tif (settings.siteClose && (leftActive || rightActive)) { // If settings permit closing by site and left or right Slidebar is open.\n//\t\t\t\teventHandler(event, $(this)); // Handle the event.\n//\t\t\t\tclose(); // Close it.\n//\t\t\t}\n//\t\t});\n\t\t\n\t}; // End slidebars function.\n\n});"]},"hash":"1231aa14906f0e363a02c2e8e29f5afff33fc9c6"}
