{"metadata":{"usedHelpers":[],"marked":[],"modules":{"imports":[],"exports":{"exported":[],"specifiers":[]}}},"options":{"filename":"/client/lib/compatibility/slicklab/js/chartJs-init.js","filenameRelative":"/client/lib/compatibility/slicklab/js/chartJs-init.js","env":{},"retainLines":false,"highlightCode":true,"suppressDeprecationMessages":false,"presets":[],"plugins":[[[],null],[[],null],[[],null],[[],null],[[],null],[[],null],[[],null],[[],{"polyfill":false}],[[],null],[[],null],[[],null],[[],null],[[],null],[[],null],[[],null],[[],null],[[],{"loose":true}],[[],{"loose":true}],[[],null],[[],{"loose":true}],[[],null],[[],null],[[],{"allowTopLevelThis":true,"strict":false,"loose":true}],[[],null],[[],null],[[],null],[[],null],[[],null],[[],{"loose":true}],[[],null],[[],null],[[],null],[[],null],[[],null],[[],null],[[],null],[[],null]],"ignore":[],"code":true,"metadata":true,"ast":false,"comments":true,"compact":false,"minified":false,"sourceMap":true,"sourceMaps":true,"sourceMapTarget":"/client/lib/compatibility/slicklab/js/chartJs-init.js.map","sourceFileName":"/client/lib/compatibility/slicklab/js/chartJs-init.js","babelrc":false,"sourceType":"module","moduleIds":false,"passPerPreset":false,"basename":"chartJs-init"},"ignored":false,"code":"\n(function () {\n    var t;\n    function size(animate) {\n        if (animate == undefined) {\n            animate = false;\n        }\n        clearTimeout(t);\n        t = setTimeout(function () {\n            $(\"canvas\").each(function (i, el) {\n                $(el).attr({\n                    \"width\": $(el).parent().width(),\n                    \"height\": $(el).parent().outerHeight()\n                });\n            });\n            redraw(animate);\n            var m = 0;\n            $(\".chartJS\").height(\"\");\n            $(\".chartJS\").each(function (i, el) {\n                m = Math.max(m, $(el).height());\n            });\n            $(\".chartJS\").height(m);\n        }, 30);\n    }\n    $(window).on('resize', function () {\n        size(false);\n    });\n\n    function redraw(animation) {\n        var options = {};\n        if (!animation) {\n            options.animation = false;\n        } else {\n            options.animation = true;\n        }\n\n        var barChartData = {\n            labels: [\"January\", \"February\", \"March\", \"April\", \"May\", \"June\", \"July\"],\n            datasets: [{\n                fillColor: \"#4EC9B4\",\n                strokeColor: \"#4EC9B4\",\n                data: [43, 54, 95, 71, 66, 45, 70]\n            }, {\n                fillColor: \"#868BB8\",\n                strokeColor: \"#868BB8\",\n                data: [38, 80, 50, 29, 96, 37, 100]\n            }]\n\n        };\n\n        var myLine = new Chart(document.getElementById(\"bar-chart-js\").getContext(\"2d\")).Bar(barChartData);\n\n        var Linedata = {\n            labels: [\"January\", \"February\", \"March\", \"April\", \"May\", \"June\", \"July\"],\n            datasets: [{\n                fillColor: \"#4EC9B4\",\n                strokeColor: \"#4EC9B4\",\n                pointColor: \"#4EC9B4\",\n                pointStrokeColor: \"#fff\",\n                data: [150, 119, 190, 281, 156, 55, 140]\n            }, {\n                fillColor: \"#81CDEA\",\n                strokeColor: \"#81CDEA\",\n                pointColor: \"#81CDEA\",\n                pointStrokeColor: \"#fff\",\n                data: [165, 59, 90, 181, 56, 155, 40]\n            }, {\n                fillColor: \"#ffea80\",\n                strokeColor: \"#ffea80\",\n                pointColor: \"#ffea80\",\n                pointStrokeColor: \"#fff\",\n                data: [28, 148, 40, 19, 96, 27, 100]\n            }]\n        };\n        var myLineChart = new Chart(document.getElementById(\"line-chart-js\").getContext(\"2d\")).Line(Linedata);\n\n        var pieData = [{\n            value: 44,\n            color: \"#4EC9B4\"\n        }, {\n            value: 70,\n            color: \"#FF834D\"\n        }, {\n            value: 100,\n            color: \"#868BB8\"\n        }];\n\n        var myPie = new Chart(document.getElementById(\"pie-chart-js\").getContext(\"2d\")).Pie(pieData);\n\n        var donutData = [{\n            value: 40,\n            color: \"#4EC9B4\"\n        }, {\n            value: 60,\n            color: \"#FF834D\"\n        }, {\n            value: 130,\n            color: \"#868BB8\"\n        }, {\n            value: 70,\n            color: \"#81CDEA\"\n        }, {\n            value: 80,\n            color: \"#ffd200\"\n        }];\n        var myDonut = new Chart(document.getElementById(\"donut-chart-js\").getContext(\"2d\")).Doughnut(donutData);\n    }\n\n    size(true);\n})();","ast":null,"map":{"version":3,"sources":["/client/lib/compatibility/slicklab/js/chartJs-init.js"],"names":[],"mappings":";AACA,CAAC,YAAU;AACP,QAAI,CAAJ,CADO;AAEP,aAAS,IAAT,CAAc,OAAd,EAAsB;AAClB,YAAI,WAAW,SAAX,EAAqB;AACrB,sBAAU,KAAV,CADqB;SAAzB;AAGA,qBAAa,CAAb,EAJkB;AAKlB,YAAI,WAAW,YAAU;AACrB,cAAE,QAAF,EAAY,IAAZ,CAAiB,UAAS,CAAT,EAAW,EAAX,EAAc;AAC3B,kBAAE,EAAF,EAAM,IAAN,CAAW;AACP,6BAAQ,EAAE,EAAF,EAAM,MAAN,GAAe,KAAf,EAAR;AACA,8BAAS,EAAE,EAAF,EAAM,MAAN,GAAe,WAAf,EAAT;iBAFJ,EAD2B;aAAd,CAAjB,CADqB;AAOrB,mBAAO,OAAP,EAPqB;AAQrB,gBAAI,IAAI,CAAJ,CARiB;AASrB,cAAE,UAAF,EAAc,MAAd,CAAqB,EAArB,EATqB;AAUrB,cAAE,UAAF,EAAc,IAAd,CAAmB,UAAS,CAAT,EAAW,EAAX,EAAc;AAAE,oBAAI,KAAK,GAAL,CAAS,CAAT,EAAW,EAAE,EAAF,EAAM,MAAN,EAAX,CAAJ,CAAF;aAAd,CAAnB,CAVqB;AAWrB,cAAE,UAAF,EAAc,MAAd,CAAqB,CAArB,EAXqB;SAAV,EAYZ,EAZC,CAAJ,CALkB;KAAtB;AAmBA,MAAE,MAAF,EAAU,EAAV,CAAa,QAAb,EAAuB,YAAU;AAAE,aAAK,KAAL,EAAF;KAAV,CAAvB,CArBO;;AAwBP,aAAS,MAAT,CAAgB,SAAhB,EAA0B;AACtB,YAAI,UAAU,EAAV,CADkB;AAEtB,YAAI,CAAC,SAAD,EAAW;AACX,oBAAQ,SAAR,GAAoB,KAApB,CADW;SAAf,MAEO;AACH,oBAAQ,SAAR,GAAoB,IAApB,CADG;SAFP;;AAOA,YAAI,eAAe;AACf,oBAAS,CAAC,SAAD,EAAW,UAAX,EAAsB,OAAtB,EAA8B,OAA9B,EAAsC,KAAtC,EAA4C,MAA5C,EAAmD,MAAnD,CAAT;AACA,sBAAW,CACP;AACI,2BAAY,SAAZ;AACA,6BAAc,SAAd;AACA,sBAAO,CAAC,EAAD,EAAI,EAAJ,EAAO,EAAP,EAAU,EAAV,EAAa,EAAb,EAAgB,EAAhB,EAAmB,EAAnB,CAAP;aAJG,EAMP;AACI,2BAAY,SAAZ;AACA,6BAAc,SAAd;AACA,sBAAO,CAAC,EAAD,EAAI,EAAJ,EAAO,EAAP,EAAU,EAAV,EAAa,EAAb,EAAgB,EAAhB,EAAmB,GAAnB,CAAP;aATG,CAAX;;SAFA,CATkB;;AA0BtB,YAAI,SAAS,IAAI,KAAJ,CAAU,SAAS,cAAT,CAAwB,cAAxB,EAAwC,UAAxC,CAAmD,IAAnD,CAAV,EAAoE,GAApE,CAAwE,YAAxE,CAAT,CA1BkB;;AA6BtB,YAAI,WAAW;AACX,oBAAS,CAAC,SAAD,EAAW,UAAX,EAAsB,OAAtB,EAA8B,OAA9B,EAAsC,KAAtC,EAA4C,MAA5C,EAAmD,MAAnD,CAAT;AACA,sBAAW,CACP;AACI,2BAAY,SAAZ;AACA,6BAAc,SAAd;AACA,4BAAa,SAAb;AACA,kCAAmB,MAAnB;AACA,sBAAO,CAAC,GAAD,EAAK,GAAL,EAAS,GAAT,EAAa,GAAb,EAAiB,GAAjB,EAAqB,EAArB,EAAwB,GAAxB,CAAP;aANG,EAQP;AACI,2BAAY,SAAZ;AACA,6BAAc,SAAd;AACA,4BAAa,SAAb;AACA,kCAAmB,MAAnB;AACA,sBAAO,CAAC,GAAD,EAAK,EAAL,EAAQ,EAAR,EAAW,GAAX,EAAe,EAAf,EAAkB,GAAlB,EAAsB,EAAtB,CAAP;aAbG,EAeP;AACI,2BAAY,SAAZ;AACA,6BAAc,SAAd;AACA,4BAAa,SAAb;AACA,kCAAmB,MAAnB;AACA,sBAAO,CAAC,EAAD,EAAI,GAAJ,EAAQ,EAAR,EAAW,EAAX,EAAc,EAAd,EAAiB,EAAjB,EAAoB,GAApB,CAAP;aApBG,CAAX;SAFA,CA7BkB;AAwDtB,YAAI,cAAc,IAAI,KAAJ,CAAU,SAAS,cAAT,CAAwB,eAAxB,EAAyC,UAAzC,CAAoD,IAApD,CAAV,EAAqE,IAArE,CAA0E,QAA1E,CAAd,CAxDkB;;AA2DtB,YAAI,UAAU,CACV;AACI,mBAAO,EAAP;AACA,mBAAM,SAAN;SAHM,EAKV;AACI,mBAAQ,EAAR;AACA,mBAAQ,SAAR;SAPM,EASV;AACI,mBAAQ,GAAR;AACA,mBAAQ,SAAR;SAXM,CAAV,CA3DkB;;AA2EtB,YAAI,QAAQ,IAAI,KAAJ,CAAU,SAAS,cAAT,CAAwB,cAAxB,EAAwC,UAAxC,CAAmD,IAAnD,CAAV,EAAoE,GAApE,CAAwE,OAAxE,CAAR,CA3EkB;;AA+EtB,YAAI,YAAY,CACZ;AACI,mBAAO,EAAP;AACA,mBAAM,SAAN;SAHQ,EAKZ;AACI,mBAAQ,EAAR;AACA,mBAAQ,SAAR;SAPQ,EASZ;AACI,mBAAQ,GAAR;AACA,mBAAQ,SAAR;SAXQ,EAaZ;AACI,mBAAQ,EAAR;AACA,mBAAQ,SAAR;SAfQ,EAiBZ;AACI,mBAAQ,EAAR;AACA,mBAAQ,SAAR;SAnBQ,CAAZ,CA/EkB;AAsGtB,YAAI,UAAU,IAAI,KAAJ,CAAU,SAAS,cAAT,CAAwB,gBAAxB,EAA0C,UAA1C,CAAqD,IAArD,CAAV,EAAsE,QAAtE,CAA+E,SAA/E,CAAV,CAtGkB;KAA1B;;AA0GA,SAAK,IAAL,EAlIO;CAAV,GAAD","file":"/client/lib/compatibility/slicklab/js/chartJs-init.js.map","sourcesContent":["\n(function(){\n    var t;\n    function size(animate){\n        if (animate == undefined){\n            animate = false;\n        }\n        clearTimeout(t);\n        t = setTimeout(function(){\n            $(\"canvas\").each(function(i,el){\n                $(el).attr({\n                    \"width\":$(el).parent().width(),\n                    \"height\":$(el).parent().outerHeight()\n                });\n            });\n            redraw(animate);\n            var m = 0;\n            $(\".chartJS\").height(\"\");\n            $(\".chartJS\").each(function(i,el){ m = Math.max(m,$(el).height()); });\n            $(\".chartJS\").height(m);\n        }, 30);\n    }\n    $(window).on('resize', function(){ size(false); });\n\n\n    function redraw(animation){\n        var options = {};\n        if (!animation){\n            options.animation = false;\n        } else {\n            options.animation = true;\n        }\n\n\n        var barChartData = {\n            labels : [\"January\",\"February\",\"March\",\"April\",\"May\",\"June\",\"July\"],\n            datasets : [\n                {\n                    fillColor : \"#4EC9B4\",\n                    strokeColor : \"#4EC9B4\",\n                    data : [43,54,95,71,66,45,70]\n                },\n                {\n                    fillColor : \"#868BB8\",\n                    strokeColor : \"#868BB8\",\n                    data : [38,80,50,29,96,37,100]\n                }\n            ]\n\n        }\n\n        var myLine = new Chart(document.getElementById(\"bar-chart-js\").getContext(\"2d\")).Bar(barChartData);\n\n\n        var Linedata = {\n            labels : [\"January\",\"February\",\"March\",\"April\",\"May\",\"June\",\"July\"],\n            datasets : [\n                {\n                    fillColor : \"#4EC9B4\",\n                    strokeColor : \"#4EC9B4\",\n                    pointColor : \"#4EC9B4\",\n                    pointStrokeColor : \"#fff\",\n                    data : [150,119,190,281,156,55,140]\n                },\n                {\n                    fillColor : \"#81CDEA\",\n                    strokeColor : \"#81CDEA\",\n                    pointColor : \"#81CDEA\",\n                    pointStrokeColor : \"#fff\",\n                    data : [165,59,90,181,56,155,40]\n                },\n                {\n                    fillColor : \"#ffea80\",\n                    strokeColor : \"#ffea80\",\n                    pointColor : \"#ffea80\",\n                    pointStrokeColor : \"#fff\",\n                    data : [28,148,40,19,96,27,100]\n                }\n\n            ]\n        }\n        var myLineChart = new Chart(document.getElementById(\"line-chart-js\").getContext(\"2d\")).Line(Linedata);\n\n\n        var pieData = [\n            {\n                value: 44,\n                color:\"#4EC9B4\"\n            },\n            {\n                value : 70,\n                color : \"#FF834D\"\n            },\n            {\n                value : 100,\n                color : \"#868BB8\"\n            }\n\n        ];\n\n        var myPie = new Chart(document.getElementById(\"pie-chart-js\").getContext(\"2d\")).Pie(pieData);\n\n\n\n        var donutData = [\n            {\n                value: 40,\n                color:\"#4EC9B4\"\n            },\n            {\n                value : 60,\n                color : \"#FF834D\"\n            },\n            {\n                value : 130,\n                color : \"#868BB8\"\n            },\n            {\n                value : 70,\n                color : \"#81CDEA\"\n            },\n            {\n                value : 80,\n                color : \"#ffd200\"\n            }\n\n        ]\n        var myDonut = new Chart(document.getElementById(\"donut-chart-js\").getContext(\"2d\")).Doughnut(donutData);\n    }\n\n\n    size(true);\n\n}());\n"]},"hash":"1c57b208ca6e3fbbd0c19b53c4851dc1c3579c79"}
