{"metadata":{"usedHelpers":[],"marked":[],"modules":{"imports":[],"exports":{"exported":[],"specifiers":[]}}},"options":{"filename":"/client/lib/compatibility/slicklab/js/dashboard-vmap-init.js","filenameRelative":"/client/lib/compatibility/slicklab/js/dashboard-vmap-init.js","env":{},"retainLines":false,"highlightCode":true,"suppressDeprecationMessages":false,"presets":[],"plugins":[[[],null],[[],null],[[],null],[[],null],[[],null],[[],null],[[],null],[[],{"polyfill":false}],[[],null],[[],null],[[],null],[[],null],[[],null],[[],null],[[],null],[[],null],[[],{"loose":true}],[[],{"loose":true}],[[],null],[[],{"loose":true}],[[],null],[[],null],[[],{"allowTopLevelThis":true,"strict":false,"loose":true}],[[],null],[[],null],[[],null],[[],null],[[],null],[[],{"loose":true}],[[],null],[[],null],[[],null],[[],null],[[],null],[[],null],[[],null],[[],null]],"ignore":[],"code":true,"metadata":true,"ast":false,"comments":true,"compact":false,"minified":false,"sourceMap":true,"sourceMaps":true,"sourceMapTarget":"/client/lib/compatibility/slicklab/js/dashboard-vmap-init.js.map","sourceFileName":"/client/lib/compatibility/slicklab/js/dashboard-vmap-init.js","babelrc":false,"sourceType":"module","moduleIds":false,"passPerPreset":false,"basename":"dashboard-vmap-init"},"ignored":false,"code":"/**\n * Created by mosaddek on 2/27/15.\n */\n\nvar cityAreaData = [500.70, 410.16, 210.69, 120.17, 64.31, 150.35, 130.22, 120.71, 300.32];\n$('#world-map').vectorMap({\n    map: 'world_mill_en',\n    scaleColors: ['#C8EEFF', '#0071A4'],\n    normalizeFunction: 'polynomial',\n    focusOn: {\n        x: 5,\n        y: 1,\n        scale: .85\n    },\n    zoomOnScroll: false,\n    zoomMin: 0.65,\n    hoverColor: false,\n    regionStyle: {\n        initial: {\n            fill: '#dddddd',\n            \"fill-opacity\": 1,\n            stroke: '#dddddd',\n            \"stroke-width\": 0,\n            \"stroke-opacity\": 0\n        },\n        hover: {\n            \"fill-opacity\": 0.6\n        }\n    },\n    markerStyle: {\n        initial: {\n            fill: '#a38cd2 ',\n            stroke: 'rgba(212,204,227,.8)',\n            \"fill-opacity\": 1,\n            \"stroke-width\": 8,\n            \"stroke-opacity\": 0.8,\n            r: 3\n        },\n        hover: {\n            stroke: 'rgba(212,204,227,1)',\n            \"stroke-width\": 10\n        },\n        selected: {\n            fill: 'blue'\n        },\n        selectedHover: {}\n    },\n    backgroundColor: '#ffffff',\n    markers: [{\n        latLng: [54.525961, 15.255119],\n        name: 'Europe'\n    }, {\n        latLng: [-25.274398, 133.775136],\n        name: 'Australia'\n    }, {\n        latLng: [-4.442038, -61.326854],\n        name: 'Latin America'\n    }],\n    series: {\n        markers: [{\n            attribute: 'r',\n            scale: [3, 7],\n            values: cityAreaData\n        }]\n    }\n});","ast":null,"map":{"version":3,"sources":["/client/lib/compatibility/slicklab/js/dashboard-vmap-init.js"],"names":[],"mappings":";;;;AAIA,IAAI,eAAe,CACf,MADe,EAEf,MAFe,EAGf,MAHe,EAIf,MAJe,EAKf,KALe,EAMf,MANe,EAOf,MAPe,EAQf,MARe,EASf,MATe,CAAf;AAWJ,EAAE,YAAF,EAAgB,SAAhB,CAA0B;AACtB,SAAK,eAAL;AACA,iBAAa,CAAC,SAAD,EAAY,SAAZ,CAAb;AACA,uBAAmB,YAAnB;AACA,aAAS;AACL,WAAG,CAAH;AACA,WAAG,CAAH;AACA,eAAM,GAAN;KAHJ;AAKA,kBAAc,KAAd;AACA,aAAS,IAAT;AACA,gBAAY,KAAZ;AACA,iBAAa;AACT,iBAAS;AACL,kBAAM,SAAN;AACA,4BAAgB,CAAhB;AACA,oBAAQ,SAAR;AACA,4BAAgB,CAAhB;AACA,8BAAkB,CAAlB;SALJ;AAOA,eAAO;AACH,4BAAgB,GAAhB;SADJ;KARJ;AAYA,iBAAa;AACT,iBAAS;AACL,kBAAM,UAAN;AACA,oBAAQ,sBAAR;AACA,4BAAgB,CAAhB;AACA,4BAAgB,CAAhB;AACA,8BAAkB,GAAlB;AACA,eAAG,CAAH;SANJ;AAQA,eAAO;AACH,oBAAQ,qBAAR;AACA,4BAAgB,EAAhB;SAFJ;AAIA,kBAAU;AACN,kBAAM,MAAN;SADJ;AAGA,uBAAe,EAAf;KAhBJ;AAkBA,qBAAiB,SAAjB;AACA,aAAS,CAEL;AACI,gBAAQ,CAAC,SAAD,EAAY,SAAZ,CAAR;AACA,cAAM,QAAN;KAJC,EAKF;AACC,gBAAQ,CAAC,CAAC,SAAD,EAAY,UAAb,CAAR;AACA,cAAM,WAAN;KAPC,EAQF;AACC,gBAAQ,CAAC,CAAC,QAAD,EAAW,CAAC,SAAD,CAApB;AACA,cAAM,eAAN;KAVC,CAAT;AAcA,YAAQ;AACJ,iBAAS,CAAC;AACN,uBAAW,GAAX;AACA,mBAAO,CAAC,CAAD,EAAI,CAAJ,CAAP;AACA,oBAAQ,YAAR;SAHK,CAAT;KADJ;CAzDJ","file":"/client/lib/compatibility/slicklab/js/dashboard-vmap-init.js.map","sourcesContent":["/**\n * Created by mosaddek on 2/27/15.\n */\n\nvar cityAreaData = [\n    500.70,\n    410.16,\n    210.69,\n    120.17,\n    64.31,\n    150.35,\n    130.22,\n    120.71,\n    300.32\n]\n$('#world-map').vectorMap({\n    map: 'world_mill_en',\n    scaleColors: ['#C8EEFF', '#0071A4'],\n    normalizeFunction: 'polynomial',\n    focusOn: {\n        x: 5,\n        y: 1,\n        scale:.85\n    },\n    zoomOnScroll: false,\n    zoomMin: 0.65,\n    hoverColor: false,\n    regionStyle: {\n        initial: {\n            fill: '#dddddd',\n            \"fill-opacity\": 1,\n            stroke: '#dddddd',\n            \"stroke-width\": 0,\n            \"stroke-opacity\": 0\n        },\n        hover: {\n            \"fill-opacity\": 0.6\n        }\n    },\n    markerStyle: {\n        initial: {\n            fill: '#a38cd2 ',\n            stroke: 'rgba(212,204,227,.8)',\n            \"fill-opacity\": 1,\n            \"stroke-width\": 8,\n            \"stroke-opacity\": 0.8,\n            r: 3\n        },\n        hover: {\n            stroke: 'rgba(212,204,227,1)',\n            \"stroke-width\": 10\n        },\n        selected: {\n            fill: 'blue'\n        },\n        selectedHover: {}\n    },\n    backgroundColor: '#ffffff',\n    markers: [\n\n        {\n            latLng: [54.525961, 15.255119],\n            name: 'Europe'\n        }, {\n            latLng: [-25.274398, 133.775136],\n            name: 'Australia'\n        }, {\n            latLng: [-4.442038, -61.326854],\n            name: 'Latin America'\n        }\n\n    ],\n    series: {\n        markers: [{\n            attribute: 'r',\n            scale: [3, 7],\n            values: cityAreaData\n        }]\n    }\n});"]},"hash":"1cfb86984ec6caa01d1547a235a7d6aecc5de219"}
