{"metadata":{"usedHelpers":[],"marked":[],"modules":{"imports":[],"exports":{"exported":[],"specifiers":[]}}},"options":{"filename":"/client/lib/compatibility/slicklab/js/jquery.cookies.js","filenameRelative":"/client/lib/compatibility/slicklab/js/jquery.cookies.js","env":{},"retainLines":false,"highlightCode":true,"suppressDeprecationMessages":false,"presets":[],"plugins":[[[],null],[[],null],[[],null],[[],null],[[],null],[[],null],[[],null],[[],{"polyfill":false}],[[],null],[[],null],[[],null],[[],null],[[],null],[[],null],[[],null],[[],null],[[],{"loose":true}],[[],{"loose":true}],[[],null],[[],{"loose":true}],[[],null],[[],null],[[],{"allowTopLevelThis":true,"strict":false,"loose":true}],[[],null],[[],null],[[],null],[[],null],[[],null],[[],{"loose":true}],[[],null],[[],null],[[],null],[[],null],[[],null],[[],null],[[],null],[[],null]],"ignore":[],"code":true,"metadata":true,"ast":false,"comments":true,"compact":false,"minified":false,"sourceMap":true,"sourceMaps":true,"sourceMapTarget":"/client/lib/compatibility/slicklab/js/jquery.cookies.js.map","sourceFileName":"/client/lib/compatibility/slicklab/js/jquery.cookies.js","babelrc":false,"sourceType":"module","moduleIds":false,"passPerPreset":false,"basename":"jquery.cookies"},"ignored":false,"code":"/*jshint eqnull:true */\n/*!\n * jQuery Cookie Plugin v1.1\n * https://github.com/carhartl/jquery-cookie\n *\n * Copyright 2011, Klaus Hartl\n * Dual licensed under the MIT or GPL Version 2 licenses.\n * http://www.opensource.org/licenses/mit-license.php\n * http://www.opensource.org/licenses/GPL-2.0\n */\n(function ($, document) {\n\n\tvar pluses = /\\+/g;\n\tfunction raw(s) {\n\t\treturn s;\n\t}\n\tfunction decoded(s) {\n\t\treturn decodeURIComponent(s.replace(pluses, ' '));\n\t}\n\n\t$.cookie = function (key, value, options) {\n\n\t\t// key and at least value given, set cookie...\n\t\tif (arguments.length > 1 && (!/Object/.test(Object.prototype.toString.call(value)) || value == null)) {\n\t\t\toptions = $.extend({}, $.cookie.defaults, options);\n\n\t\t\tif (value == null) {\n\t\t\t\toptions.expires = -1;\n\t\t\t}\n\n\t\t\tif (typeof options.expires === 'number') {\n\t\t\t\tvar days = options.expires,\n\t\t\t\t    t = options.expires = new Date();\n\t\t\t\tt.setDate(t.getDate() + days);\n\t\t\t}\n\n\t\t\tvalue = String(value);\n\n\t\t\treturn document.cookie = [encodeURIComponent(key), '=', options.raw ? value : encodeURIComponent(value), options.expires ? '; expires=' + options.expires.toUTCString() : '', // use expires attribute, max-age is not supported by IE\n\t\t\toptions.path ? '; path=' + options.path : '', options.domain ? '; domain=' + options.domain : '', options.secure ? '; secure' : ''].join('');\n\t\t}\n\n\t\t// key and possibly options given, get cookie...\n\t\toptions = value || $.cookie.defaults || {};\n\t\tvar decode = options.raw ? raw : decoded;\n\t\tvar cookies = document.cookie.split('; ');\n\t\tfor (var i = 0, parts; parts = cookies[i] && cookies[i].split('='); i++) {\n\t\t\tif (decode(parts.shift()) === key) {\n\t\t\t\treturn decode(parts.join('='));\n\t\t\t}\n\t\t}\n\t\treturn null;\n\t};\n\n\t$.cookie.defaults = {};\n\n\t$.removeCookie = function (key, options) {\n\t\tif ($.cookie(key) !== undefined) {\n\t\t\t// Must not alter options, thus extending a fresh object...\n\t\t\t$.cookie(key, '', $.extend({}, options, { expires: -1 }));\n\t\t\treturn true;\n\t\t}\n\t\treturn false;\n\t};\n})(jQuery, document);","ast":null,"map":{"version":3,"sources":["/client/lib/compatibility/slicklab/js/jquery.cookies.js"],"names":[],"mappings":";;;;;;;;;;AAUA,CAAC,UAAS,CAAT,EAAY,QAAZ,EAAsB;;AAEtB,KAAI,SAAS,KAAT,CAFkB;AAGtB,UAAS,GAAT,CAAa,CAAb,EAAgB;AACf,SAAO,CAAP,CADe;EAAhB;AAGA,UAAS,OAAT,CAAiB,CAAjB,EAAoB;AACnB,SAAO,mBAAmB,EAAE,OAAF,CAAU,MAAV,EAAkB,GAAlB,CAAnB,CAAP,CADmB;EAApB;;AAIA,GAAE,MAAF,GAAW,UAAS,GAAT,EAAc,KAAd,EAAqB,OAArB,EAA8B;;;AAGxC,MAAI,UAAU,MAAV,GAAmB,CAAnB,KAAyB,CAAC,SAAS,IAAT,CAAc,OAAO,SAAP,CAAiB,QAAjB,CAA0B,IAA1B,CAA+B,KAA/B,CAAd,CAAD,IAAyD,SAAS,IAAT,CAAlF,EAAkG;AACrG,aAAU,EAAE,MAAF,CAAS,EAAT,EAAa,EAAE,MAAF,CAAS,QAAT,EAAmB,OAAhC,CAAV,CADqG;;AAGrG,OAAI,SAAS,IAAT,EAAe;AAClB,YAAQ,OAAR,GAAkB,CAAC,CAAD,CADA;IAAnB;;AAIA,OAAI,OAAO,QAAQ,OAAR,KAAoB,QAA3B,EAAqC;AACxC,QAAI,OAAO,QAAQ,OAAR;QAAiB,IAAI,QAAQ,OAAR,GAAkB,IAAI,IAAJ,EAAlB,CADQ;AAExC,MAAE,OAAF,CAAU,EAAE,OAAF,KAAc,IAAd,CAAV,CAFwC;IAAzC;;AAKA,WAAQ,OAAO,KAAP,CAAR,CAZqG;;AAcrG,UAAQ,SAAS,MAAT,GAAkB,CACzB,mBAAmB,GAAnB,CADyB,EACA,GADA,EACK,QAAQ,GAAR,GAAc,KAAd,GAAsB,mBAAmB,KAAnB,CAAtB,EAC9B,QAAQ,OAAR,GAAkB,eAAe,QAAQ,OAAR,CAAgB,WAAhB,EAAf,GAA+C,EAAjE;AACA,WAAQ,IAAR,GAAkB,YAAY,QAAQ,IAAR,GAAe,EAA7C,EACA,QAAQ,MAAR,GAAkB,cAAc,QAAQ,MAAR,GAAiB,EAAjD,EACA,QAAQ,MAAR,GAAkB,UAAlB,GAA+B,EAA/B,CALyB,CAMxB,IANwB,CAMnB,EANmB,CAAlB,CAd6F;GAAtG;;;AAHwC,SA2BxC,GAAU,SAAS,EAAE,MAAF,CAAS,QAAT,IAAqB,EAA9B,CA3B8B;AA4BxC,MAAI,SAAS,QAAQ,GAAR,GAAc,GAAd,GAAoB,OAApB,CA5B2B;AA6BxC,MAAI,UAAU,SAAS,MAAT,CAAgB,KAAhB,CAAsB,IAAtB,CAAV,CA7BoC;AA8BxC,OAAK,IAAI,IAAI,CAAJ,EAAO,KAAX,EAAmB,QAAQ,QAAQ,CAAR,KAAc,QAAQ,CAAR,EAAW,KAAX,CAAiB,GAAjB,CAAd,EAAsC,GAAtE,EAA2E;AAC1E,OAAI,OAAO,MAAM,KAAN,EAAP,MAA0B,GAA1B,EAA+B;AAClC,WAAO,OAAO,MAAM,IAAN,CAAW,GAAX,CAAP,CAAP,CADkC;IAAnC;GADD;AAKA,SAAO,IAAP,CAnCwC;EAA9B,CAVW;;AAgDtB,GAAE,MAAF,CAAS,QAAT,GAAoB,EAApB,CAhDsB;;AAkDtB,GAAE,YAAF,GAAiB,UAAU,GAAV,EAAe,OAAf,EAAwB;AACxC,MAAI,EAAE,MAAF,CAAS,GAAT,MAAkB,SAAlB,EAA6B;;AAEhC,KAAE,MAAF,CAAS,GAAT,EAAc,EAAd,EAAkB,EAAE,MAAF,CAAS,EAAT,EAAa,OAAb,EAAsB,EAAE,SAAS,CAAC,CAAD,EAAjC,CAAlB,EAFgC;AAGhC,UAAO,IAAP,CAHgC;GAAjC;AAKA,SAAO,KAAP,CANwC;EAAxB,CAlDK;CAAtB,CAAD,CA2DG,MA3DH,EA2DW,QA3DX","file":"/client/lib/compatibility/slicklab/js/jquery.cookies.js.map","sourcesContent":["/*jshint eqnull:true */\n/*!\n * jQuery Cookie Plugin v1.1\n * https://github.com/carhartl/jquery-cookie\n *\n * Copyright 2011, Klaus Hartl\n * Dual licensed under the MIT or GPL Version 2 licenses.\n * http://www.opensource.org/licenses/mit-license.php\n * http://www.opensource.org/licenses/GPL-2.0\n */\n(function($, document) {\n\n\tvar pluses = /\\+/g;\n\tfunction raw(s) {\n\t\treturn s;\n\t}\n\tfunction decoded(s) {\n\t\treturn decodeURIComponent(s.replace(pluses, ' '));\n\t}\n\n\t$.cookie = function(key, value, options) {\n\n\t\t// key and at least value given, set cookie...\n\t\tif (arguments.length > 1 && (!/Object/.test(Object.prototype.toString.call(value)) || value == null)) {\n\t\t\toptions = $.extend({}, $.cookie.defaults, options);\n\n\t\t\tif (value == null) {\n\t\t\t\toptions.expires = -1;\n\t\t\t}\n\n\t\t\tif (typeof options.expires === 'number') {\n\t\t\t\tvar days = options.expires, t = options.expires = new Date();\n\t\t\t\tt.setDate(t.getDate() + days);\n\t\t\t}\n\n\t\t\tvalue = String(value);\n\n\t\t\treturn (document.cookie = [\n\t\t\t\tencodeURIComponent(key), '=', options.raw ? value : encodeURIComponent(value),\n\t\t\t\toptions.expires ? '; expires=' + options.expires.toUTCString() : '', // use expires attribute, max-age is not supported by IE\n\t\t\t\toptions.path    ? '; path=' + options.path : '',\n\t\t\t\toptions.domain  ? '; domain=' + options.domain : '',\n\t\t\t\toptions.secure  ? '; secure' : ''\n\t\t\t].join(''));\n\t\t}\n\n\t\t// key and possibly options given, get cookie...\n\t\toptions = value || $.cookie.defaults || {};\n\t\tvar decode = options.raw ? raw : decoded;\n\t\tvar cookies = document.cookie.split('; ');\n\t\tfor (var i = 0, parts; (parts = cookies[i] && cookies[i].split('=')); i++) {\n\t\t\tif (decode(parts.shift()) === key) {\n\t\t\t\treturn decode(parts.join('='));\n\t\t\t}\n\t\t}\n\t\treturn null;\n\t};\n\n\t$.cookie.defaults = {};\n\t\n\t$.removeCookie = function (key, options) {\n\t\tif ($.cookie(key) !== undefined) {\n\t\t\t// Must not alter options, thus extending a fresh object...\n\t\t\t$.cookie(key, '', $.extend({}, options, { expires: -1 }));\n\t\t\treturn true;\n\t\t}\n\t\treturn false;\n\t};\n\n})(jQuery, document);\n"]},"hash":"21dfc1e8e86b4549d9de097c1dfeefbd41a0c49a"}
