{"metadata":{"usedHelpers":[],"marked":[],"modules":{"imports":[],"exports":{"exported":[],"specifiers":[]}}},"options":{"filename":"/client/lib/compatibility/slicklab/js/wizard-init.js","filenameRelative":"/client/lib/compatibility/slicklab/js/wizard-init.js","env":{},"retainLines":false,"highlightCode":true,"suppressDeprecationMessages":false,"presets":[],"plugins":[[[],null],[[],null],[[],null],[[],null],[[],null],[[],null],[[],null],[[],{"polyfill":false}],[[],null],[[],null],[[],null],[[],null],[[],null],[[],null],[[],null],[[],null],[[],{"loose":true}],[[],{"loose":true}],[[],null],[[],{"loose":true}],[[],null],[[],null],[[],{"allowTopLevelThis":true,"strict":false,"loose":true}],[[],null],[[],null],[[],null],[[],null],[[],null],[[],{"loose":true}],[[],null],[[],null],[[],null],[[],null],[[],null],[[],null],[[],null],[[],null]],"ignore":[],"code":true,"metadata":true,"ast":false,"comments":true,"compact":false,"minified":false,"sourceMap":true,"sourceMaps":true,"sourceMapTarget":"/client/lib/compatibility/slicklab/js/wizard-init.js.map","sourceFileName":"/client/lib/compatibility/slicklab/js/wizard-init.js","babelrc":false,"sourceType":"module","moduleIds":false,"passPerPreset":false,"basename":"wizard-init"},"ignored":false,"code":"/**\n * Created by mosaddek on 3/5/15.\n */\n\n$(document).ready(function () {\n\n    var formB = $(\"#basic-form\");\n    formB.children(\"div\").steps({\n        headerTag: \"h3\",\n        bodyTag: \"section\",\n        transitionEffect: \"slideLeft\"\n\n    });\n\n    var form = $(\"#wizard-validation-form\");\n    form.validate({\n        errorPlacement: function () {\n            function errorPlacement(error, element) {\n                element.after(error);\n            }\n\n            return errorPlacement;\n        }()\n    });\n    form.children(\"div\").steps({\n        headerTag: \"h3\",\n        bodyTag: \"section\",\n        transitionEffect: \"slideLeft\",\n        onStepChanging: function () {\n            function onStepChanging(event, currentIndex, newIndex) {\n                form.validate().settings.ignore = \":disabled,:hidden\";\n                return form.valid();\n            }\n\n            return onStepChanging;\n        }(),\n        onFinishing: function () {\n            function onFinishing(event, currentIndex) {\n                form.validate().settings.ignore = \":disabled\";\n                return form.valid();\n            }\n\n            return onFinishing;\n        }(),\n        onFinished: function () {\n            function onFinished(event, currentIndex) {\n                alert(\"Submitted!\");\n            }\n\n            return onFinished;\n        }()\n    });\n});","ast":null,"map":{"version":3,"sources":["/client/lib/compatibility/slicklab/js/wizard-init.js"],"names":[],"mappings":";;;;AAIA,EAAE,QAAF,EAAY,KAAZ,CAAkB,YAAY;;AAE1B,QAAI,QAAQ,EAAE,aAAF,CAAR,CAFsB;AAG1B,UAAM,QAAN,CAAe,KAAf,EAAsB,KAAtB,CAA4B;AACxB,mBAAW,IAAX;AACA,iBAAS,SAAT;AACA,0BAAkB,WAAlB;;KAHJ,EAH0B;;AAW1B,QAAI,OAAO,EAAE,yBAAF,CAAP,CAXsB;AAY1B,SAAK,QAAL,CAAc;AACV;AAAgB,qBAAS,cAAT,CAAwB,KAAxB,EAA+B,OAA/B,EAAwC;AACpD,wBAAQ,KAAR,CAAc,KAAd,EADoD;aAAxC;;mBAAS;WAAzB;KADJ,EAZ0B;AAiB1B,SAAK,QAAL,CAAc,KAAd,EAAqB,KAArB,CAA2B;AACvB,mBAAW,IAAX;AACA,iBAAS,SAAT;AACA,0BAAkB,WAAlB;AACA;AAAgB,oCAAU,KAAV,EAAiB,YAAjB,EAA+B,QAA/B,EAAyC;AACrD,qBAAK,QAAL,GAAgB,QAAhB,CAAyB,MAAzB,GAAkC,mBAAlC,CADqD;AAErD,uBAAO,KAAK,KAAL,EAAP,CAFqD;aAAzC;;;WAAhB;AAIA;AAAa,iCAAU,KAAV,EAAiB,YAAjB,EAA+B;AACxC,qBAAK,QAAL,GAAgB,QAAhB,CAAyB,MAAzB,GAAkC,WAAlC,CADwC;AAExC,uBAAO,KAAK,KAAL,EAAP,CAFwC;aAA/B;;;WAAb;AAIA;AAAY,gCAAU,KAAV,EAAiB,YAAjB,EAA+B;AACvC,sBAAM,YAAN,EADuC;aAA/B;;;WAAZ;KAZJ,EAjB0B;CAAZ,CAAlB","file":"/client/lib/compatibility/slicklab/js/wizard-init.js.map","sourcesContent":["/**\n * Created by mosaddek on 3/5/15.\n */\n\n$(document).ready(function () {\n\n    var formB = $(\"#basic-form\");\n    formB.children(\"div\").steps({\n        headerTag: \"h3\",\n        bodyTag: \"section\",\n        transitionEffect: \"slideLeft\"\n\n    });\n\n\n    var form = $(\"#wizard-validation-form\");\n    form.validate({\n        errorPlacement: function errorPlacement(error, element) {\n            element.after(error);\n        }\n    });\n    form.children(\"div\").steps({\n        headerTag: \"h3\",\n        bodyTag: \"section\",\n        transitionEffect: \"slideLeft\",\n        onStepChanging: function (event, currentIndex, newIndex) {\n            form.validate().settings.ignore = \":disabled,:hidden\";\n            return form.valid();\n        },\n        onFinishing: function (event, currentIndex) {\n            form.validate().settings.ignore = \":disabled\";\n            return form.valid();\n        },\n        onFinished: function (event, currentIndex) {\n            alert(\"Submitted!\");\n        }\n    });\n\n\n});"]},"hash":"26f9d5bb5eb5881f21bb1180edfdc74b512580b3"}
