{"metadata":{"usedHelpers":[],"marked":[],"modules":{"imports":[],"exports":{"exported":[],"specifiers":[]}}},"options":{"filename":"/client/lib/compatibility/slicklab/js/switchery/switchery-init.js","filenameRelative":"/client/lib/compatibility/slicklab/js/switchery/switchery-init.js","env":{},"retainLines":false,"highlightCode":true,"suppressDeprecationMessages":false,"presets":[],"plugins":[[[],null],[[],null],[[],null],[[],null],[[],null],[[],null],[[],null],[[],{"polyfill":false}],[[],null],[[],null],[[],null],[[],null],[[],null],[[],null],[[],null],[[],null],[[],{"loose":true}],[[],{"loose":true}],[[],null],[[],{"loose":true}],[[],null],[[],null],[[],{"allowTopLevelThis":true,"strict":false,"loose":true}],[[],null],[[],null],[[],null],[[],null],[[],null],[[],{"loose":true}],[[],null],[[],null],[[],null],[[],null],[[],null],[[],null],[[],null],[[],null]],"ignore":[],"code":true,"metadata":true,"ast":false,"comments":true,"compact":false,"minified":false,"sourceMap":true,"sourceMaps":true,"sourceMapTarget":"/client/lib/compatibility/slicklab/js/switchery/switchery-init.js.map","sourceFileName":"/client/lib/compatibility/slicklab/js/switchery/switchery-init.js","babelrc":false,"sourceType":"module","moduleIds":false,"passPerPreset":false,"basename":"switchery-init"},"ignored":false,"code":"/**\n * Created by mosaddek on 12/25/14.\n */\n\n// Default\n// if-else statement used only for fixing <IE9 issues\nif (Array.prototype.forEach) {\n    var elems = Array.prototype.slice.call(document.querySelectorAll('.js-switch'));\n\n    elems.forEach(function (html) {\n        var switchery = new Switchery(html);\n    });\n} else {\n    var elems = document.querySelectorAll('.js-switch');\n\n    for (var i = 0; i < elems.length; i++) {\n        var switchery = new Switchery(elems[i]);\n    }\n}\n\n// Disabled switch\nvar disabled = document.querySelector('.js-switch-disabled');\nvar switchery = new Switchery(disabled, { disabled: true });\n\nvar disabledOpacity = document.querySelector('.js-switch-disabled-opacity');\nvar switchery = new Switchery(disabledOpacity, { disabled: true, disabledOpacity: 0.75 });\n\n// Colored switches\nvar blue = document.querySelector('.js-switch-blue');\nvar switchery = new Switchery(blue, { color: '#41b7f1' });\n\nvar pink = document.querySelector('.js-switch-pink');\nvar switchery = new Switchery(pink, { color: '#ff7791' });\n\nvar teal = document.querySelector('.js-switch-teal');\nvar switchery = new Switchery(teal, { color: '#3cc8ad' });\n\nvar red = document.querySelector('.js-switch-red');\nvar switchery = new Switchery(red, { color: '#db5554' });\n\nvar secondary = document.querySelector('.js-switch-secondary');\nvar switchery = new Switchery(secondary, { color: '#fec200', secondaryColor: '#ff8787' });\n\n// Colored jack\nvar jack = document.querySelector('.js-switch-jack-color');\nvar switchery = new Switchery(jack, { jackColor: '#fffc00' });\n\n// Switch sizes\nvar small = document.querySelector('.js-switch-small');\nvar switchery = new Switchery(small, { size: 'small', color: '#79d4a7', secondaryColor: '#e8e8e8' });\n\nvar small = document.querySelector('.js-switch-small2');\nvar switchery = new Switchery(small, { size: 'small', color: '#79d4a7', secondaryColor: '#e8e8e8' });\n\nvar small = document.querySelector('.js-switch-small3');\nvar switchery = new Switchery(small, { size: 'small', color: '#79d4a7', secondaryColor: '#e8e8e8' });\n\nvar small = document.querySelector('.js-switch-small4');\nvar switchery = new Switchery(small, { size: 'small', color: '#79d4a7', secondaryColor: '#e8e8e8' });\n\nvar small = document.querySelector('.js-switch-small5');\nvar switchery = new Switchery(small, { size: 'small', color: '#79d4a7', secondaryColor: '#e8e8e8' });\n\nvar small = document.querySelector('.js-switch-small6');\nvar switchery = new Switchery(small, { size: 'small', color: '#79d4a7', secondaryColor: '#e8e8e8' });\n\nvar small = document.querySelector('.js-switch-small-red');\nvar switchery = new Switchery(small, { size: 'small', color: '#e55957', secondaryColor: '#e8e8e8' });\n\nvar small = document.querySelector('.js-switch-small-green');\nvar switchery = new Switchery(small, { size: 'small', color: '#79d4a7', secondaryColor: '#e8e8e8' });\n\nvar small = document.querySelector('.js-switch-small-blue');\nvar switchery = new Switchery(small, { size: 'small', color: '#119dc9', secondaryColor: '#e8e8e8' });\n\nvar small = document.querySelector('.js-switch-small-yellow');\nvar switchery = new Switchery(small, { size: 'small', color: '#ffd200', secondaryColor: '#e8e8e8' });\n\nvar small = document.querySelector('.js-switch-small-purple');\nvar switchery = new Switchery(small, { size: 'small', color: '#8f67b1', secondaryColor: '#e8e8e8' });\n\nvar large = document.querySelector('.js-switch-large');\nvar switchery = new Switchery(large, { size: 'large' });","ast":null,"map":{"version":3,"sources":["/client/lib/compatibility/slicklab/js/switchery/switchery-init.js"],"names":[],"mappings":";;;;;;AAOA,IAAI,MAAM,SAAN,CAAgB,OAAhB,EAAyB;AACzB,QAAI,QAAQ,MAAM,SAAN,CAAgB,KAAhB,CAAsB,IAAtB,CAA2B,SAAS,gBAAT,CAA0B,YAA1B,CAA3B,CAAR,CADqB;;AAGzB,UAAM,OAAN,CAAc,UAAS,IAAT,EAAe;AACzB,YAAI,YAAY,IAAI,SAAJ,CAAc,IAAd,CAAZ,CADqB;KAAf,CAAd,CAHyB;CAA7B,MAMO;AACH,QAAI,QAAQ,SAAS,gBAAT,CAA0B,YAA1B,CAAR,CADD;;AAGH,SAAK,IAAI,IAAI,CAAJ,EAAO,IAAI,MAAM,MAAN,EAAc,GAAlC,EAAuC;AACnC,YAAI,YAAY,IAAI,SAAJ,CAAc,MAAM,CAAN,CAAd,CAAZ,CAD+B;KAAvC;CATJ;;;AAeA,IAAI,WAAW,SAAS,aAAT,CAAuB,qBAAvB,CAAX;AACJ,IAAI,YAAY,IAAI,SAAJ,CAAc,QAAd,EAAwB,EAAE,UAAU,IAAV,EAA1B,CAAZ;;AAEJ,IAAI,kBAAkB,SAAS,aAAT,CAAuB,6BAAvB,CAAlB;AACJ,IAAI,YAAY,IAAI,SAAJ,CAAc,eAAd,EAA+B,EAAE,UAAU,IAAV,EAAgB,iBAAiB,IAAjB,EAAjD,CAAZ;;;AAGJ,IAAI,OAAO,SAAS,aAAT,CAAuB,iBAAvB,CAAP;AACJ,IAAI,YAAY,IAAI,SAAJ,CAAc,IAAd,EAAoB,EAAE,OAAO,SAAP,EAAtB,CAAZ;;AAEJ,IAAI,OAAO,SAAS,aAAT,CAAuB,iBAAvB,CAAP;AACJ,IAAI,YAAY,IAAI,SAAJ,CAAc,IAAd,EAAoB,EAAE,OAAO,SAAP,EAAtB,CAAZ;;AAEJ,IAAI,OAAO,SAAS,aAAT,CAAuB,iBAAvB,CAAP;AACJ,IAAI,YAAY,IAAI,SAAJ,CAAc,IAAd,EAAoB,EAAE,OAAO,SAAP,EAAtB,CAAZ;;AAEJ,IAAI,MAAM,SAAS,aAAT,CAAuB,gBAAvB,CAAN;AACJ,IAAI,YAAY,IAAI,SAAJ,CAAc,GAAd,EAAmB,EAAE,OAAO,SAAP,EAArB,CAAZ;;AAEJ,IAAI,YAAY,SAAS,aAAT,CAAuB,sBAAvB,CAAZ;AACJ,IAAI,YAAY,IAAI,SAAJ,CAAc,SAAd,EAAyB,EAAE,OAAO,SAAP,EAAkB,gBAAgB,SAAhB,EAA7C,CAAZ;;;AAGJ,IAAI,OAAO,SAAS,aAAT,CAAuB,uBAAvB,CAAP;AACJ,IAAI,YAAY,IAAI,SAAJ,CAAc,IAAd,EAAoB,EAAE,WAAW,SAAX,EAAtB,CAAZ;;;AAGJ,IAAI,QAAQ,SAAS,aAAT,CAAuB,kBAAvB,CAAR;AACJ,IAAI,YAAY,IAAI,SAAJ,CAAc,KAAd,EAAqB,EAAE,MAAM,OAAN,EAAe,OAAO,SAAP,EAAkB,gBAAgB,SAAhB,EAAxD,CAAZ;;AAEJ,IAAI,QAAQ,SAAS,aAAT,CAAuB,mBAAvB,CAAR;AACJ,IAAI,YAAY,IAAI,SAAJ,CAAc,KAAd,EAAqB,EAAE,MAAM,OAAN,EAAe,OAAO,SAAP,EAAkB,gBAAgB,SAAhB,EAAxD,CAAZ;;AAEJ,IAAI,QAAQ,SAAS,aAAT,CAAuB,mBAAvB,CAAR;AACJ,IAAI,YAAY,IAAI,SAAJ,CAAc,KAAd,EAAqB,EAAE,MAAM,OAAN,EAAe,OAAO,SAAP,EAAkB,gBAAgB,SAAhB,EAAxD,CAAZ;;AAEJ,IAAI,QAAQ,SAAS,aAAT,CAAuB,mBAAvB,CAAR;AACJ,IAAI,YAAY,IAAI,SAAJ,CAAc,KAAd,EAAqB,EAAE,MAAM,OAAN,EAAe,OAAO,SAAP,EAAkB,gBAAgB,SAAhB,EAAxD,CAAZ;;AAEJ,IAAI,QAAQ,SAAS,aAAT,CAAuB,mBAAvB,CAAR;AACJ,IAAI,YAAY,IAAI,SAAJ,CAAc,KAAd,EAAqB,EAAE,MAAM,OAAN,EAAe,OAAO,SAAP,EAAkB,gBAAgB,SAAhB,EAAxD,CAAZ;;AAEJ,IAAI,QAAQ,SAAS,aAAT,CAAuB,mBAAvB,CAAR;AACJ,IAAI,YAAY,IAAI,SAAJ,CAAc,KAAd,EAAqB,EAAE,MAAM,OAAN,EAAe,OAAO,SAAP,EAAkB,gBAAgB,SAAhB,EAAxD,CAAZ;;AAGJ,IAAI,QAAQ,SAAS,aAAT,CAAuB,sBAAvB,CAAR;AACJ,IAAI,YAAY,IAAI,SAAJ,CAAc,KAAd,EAAqB,EAAE,MAAM,OAAN,EAAe,OAAO,SAAP,EAAkB,gBAAgB,SAAhB,EAAxD,CAAZ;;AAGJ,IAAI,QAAQ,SAAS,aAAT,CAAuB,wBAAvB,CAAR;AACJ,IAAI,YAAY,IAAI,SAAJ,CAAc,KAAd,EAAqB,EAAE,MAAM,OAAN,EAAe,OAAO,SAAP,EAAkB,gBAAgB,SAAhB,EAAxD,CAAZ;;AAGJ,IAAI,QAAQ,SAAS,aAAT,CAAuB,uBAAvB,CAAR;AACJ,IAAI,YAAY,IAAI,SAAJ,CAAc,KAAd,EAAqB,EAAE,MAAM,OAAN,EAAe,OAAO,SAAP,EAAkB,gBAAgB,SAAhB,EAAxD,CAAZ;;AAGJ,IAAI,QAAQ,SAAS,aAAT,CAAuB,yBAAvB,CAAR;AACJ,IAAI,YAAY,IAAI,SAAJ,CAAc,KAAd,EAAqB,EAAE,MAAM,OAAN,EAAe,OAAO,SAAP,EAAkB,gBAAgB,SAAhB,EAAxD,CAAZ;;AAGJ,IAAI,QAAQ,SAAS,aAAT,CAAuB,yBAAvB,CAAR;AACJ,IAAI,YAAY,IAAI,SAAJ,CAAc,KAAd,EAAqB,EAAE,MAAM,OAAN,EAAe,OAAO,SAAP,EAAkB,gBAAgB,SAAhB,EAAxD,CAAZ;;AAGJ,IAAI,QAAQ,SAAS,aAAT,CAAuB,kBAAvB,CAAR;AACJ,IAAI,YAAY,IAAI,SAAJ,CAAc,KAAd,EAAqB,EAAE,MAAM,OAAN,EAAvB,CAAZ","file":"/client/lib/compatibility/slicklab/js/switchery/switchery-init.js.map","sourcesContent":["/**\n * Created by mosaddek on 12/25/14.\n */\n\n\n// Default\n// if-else statement used only for fixing <IE9 issues\nif (Array.prototype.forEach) {\n    var elems = Array.prototype.slice.call(document.querySelectorAll('.js-switch'));\n\n    elems.forEach(function(html) {\n        var switchery = new Switchery(html);\n    });\n} else {\n    var elems = document.querySelectorAll('.js-switch');\n\n    for (var i = 0; i < elems.length; i++) {\n        var switchery = new Switchery(elems[i]);\n    }\n}\n\n// Disabled switch\nvar disabled = document.querySelector('.js-switch-disabled');\nvar switchery = new Switchery(disabled, { disabled: true });\n\nvar disabledOpacity = document.querySelector('.js-switch-disabled-opacity');\nvar switchery = new Switchery(disabledOpacity, { disabled: true, disabledOpacity: 0.75 });\n\n// Colored switches\nvar blue = document.querySelector('.js-switch-blue');\nvar switchery = new Switchery(blue, { color: '#41b7f1' });\n\nvar pink = document.querySelector('.js-switch-pink');\nvar switchery = new Switchery(pink, { color: '#ff7791' });\n\nvar teal = document.querySelector('.js-switch-teal');\nvar switchery = new Switchery(teal, { color: '#3cc8ad' });\n\nvar red = document.querySelector('.js-switch-red');\nvar switchery = new Switchery(red, { color: '#db5554' });\n\nvar secondary = document.querySelector('.js-switch-secondary');\nvar switchery = new Switchery(secondary, { color: '#fec200', secondaryColor: '#ff8787' });\n\n// Colored jack\nvar jack = document.querySelector('.js-switch-jack-color');\nvar switchery = new Switchery(jack, { jackColor: '#fffc00' });\n\n// Switch sizes\nvar small = document.querySelector('.js-switch-small');\nvar switchery = new Switchery(small, { size: 'small', color: '#79d4a7', secondaryColor: '#e8e8e8' });\n\nvar small = document.querySelector('.js-switch-small2');\nvar switchery = new Switchery(small, { size: 'small', color: '#79d4a7', secondaryColor: '#e8e8e8' });\n\nvar small = document.querySelector('.js-switch-small3');\nvar switchery = new Switchery(small, { size: 'small', color: '#79d4a7', secondaryColor: '#e8e8e8' });\n\nvar small = document.querySelector('.js-switch-small4');\nvar switchery = new Switchery(small, { size: 'small', color: '#79d4a7', secondaryColor: '#e8e8e8' });\n\nvar small = document.querySelector('.js-switch-small5');\nvar switchery = new Switchery(small, { size: 'small', color: '#79d4a7', secondaryColor: '#e8e8e8' });\n\nvar small = document.querySelector('.js-switch-small6');\nvar switchery = new Switchery(small, { size: 'small', color: '#79d4a7', secondaryColor: '#e8e8e8' });\n\n\nvar small = document.querySelector('.js-switch-small-red');\nvar switchery = new Switchery(small, { size: 'small', color: '#e55957', secondaryColor: '#e8e8e8' });\n\n\nvar small = document.querySelector('.js-switch-small-green');\nvar switchery = new Switchery(small, { size: 'small', color: '#79d4a7', secondaryColor: '#e8e8e8' });\n\n\nvar small = document.querySelector('.js-switch-small-blue');\nvar switchery = new Switchery(small, { size: 'small', color: '#119dc9', secondaryColor: '#e8e8e8' });\n\n\nvar small = document.querySelector('.js-switch-small-yellow');\nvar switchery = new Switchery(small, { size: 'small', color: '#ffd200', secondaryColor: '#e8e8e8' });\n\n\nvar small = document.querySelector('.js-switch-small-purple');\nvar switchery = new Switchery(small, { size: 'small', color: '#8f67b1', secondaryColor: '#e8e8e8' });\n\n\nvar large = document.querySelector('.js-switch-large');\nvar switchery = new Switchery(large, { size: 'large' });\n\n"]},"hash":"293c1bd758b96c05d5e6dd097c8a64b67cf2515f"}
