{"metadata":{"usedHelpers":[],"marked":[],"modules":{"imports":[],"exports":{"exported":[],"specifiers":[]}}},"options":{"filename":"/client/template/dashboard.js","filenameRelative":"/client/template/dashboard.js","env":{},"retainLines":false,"highlightCode":true,"suppressDeprecationMessages":false,"presets":[],"plugins":[[[],null],[[],null],[[],null],[[],null],[[],null],[[],null],[[],null],[[],{"polyfill":false}],[[],null],[[],null],[[],null],[[],null],[[],null],[[],null],[[],null],[[],null],[[],{"loose":true}],[[],{"loose":true}],[[],null],[[],{"loose":true}],[[],null],[[],null],[[],{"allowTopLevelThis":true,"strict":false,"loose":true}],[[],null],[[],null],[[],null],[[],null],[[],null],[[],{"loose":true}],[[],null],[[],null],[[],null],[[],null],[[],null],[[],null],[[],null],[[],null]],"ignore":[],"code":true,"metadata":true,"ast":false,"comments":true,"compact":false,"minified":false,"sourceMap":true,"sourceMaps":true,"sourceMapTarget":"/client/template/dashboard.js.map","sourceFileName":"/client/template/dashboard.js","babelrc":false,"sourceType":"module","moduleIds":false,"passPerPreset":false,"basename":"dashboard"},"ignored":false,"code":"","ast":null,"map":{"version":3,"sources":[],"names":[],"mappings":"","file":"/client/template/dashboard.js.map","sourcesContent":[]},"hash":"2eb1c8c71150951b68dc04b8f8397032d5d89b9a"}
