{"metadata":{"usedHelpers":[],"marked":[],"modules":{"imports":[],"exports":{"exported":[],"specifiers":[]}}},"options":{"filename":"/client/lib/compatibility/slicklab/js/spinner-init.js","filenameRelative":"/client/lib/compatibility/slicklab/js/spinner-init.js","env":{},"retainLines":false,"highlightCode":true,"suppressDeprecationMessages":false,"presets":[],"plugins":[[[],null],[[],null],[[],null],[[],null],[[],null],[[],null],[[],null],[[],{"polyfill":false}],[[],null],[[],null],[[],null],[[],null],[[],null],[[],null],[[],null],[[],null],[[],{"loose":true}],[[],{"loose":true}],[[],null],[[],{"loose":true}],[[],null],[[],null],[[],{"allowTopLevelThis":true,"strict":false,"loose":true}],[[],null],[[],null],[[],null],[[],null],[[],null],[[],{"loose":true}],[[],null],[[],null],[[],null],[[],null],[[],null],[[],null],[[],null],[[],null]],"ignore":[],"code":true,"metadata":true,"ast":false,"comments":true,"compact":false,"minified":false,"sourceMap":true,"sourceMaps":true,"sourceMapTarget":"/client/lib/compatibility/slicklab/js/spinner-init.js.map","sourceFileName":"/client/lib/compatibility/slicklab/js/spinner-init.js","babelrc":false,"sourceType":"module","moduleIds":false,"passPerPreset":false,"basename":"spinner-init"},"ignored":false,"code":"/**\n * Created by mosaddek on 3/9/15.\n */\n\n// Spinner\n\n$(\"input[name='demo_vertical2']\").TouchSpin({\n    verticalbuttons: true,\n    verticalupclass: 'glyphicon glyphicon-plus',\n    verticaldownclass: 'glyphicon glyphicon-minus'\n});\n$(\"input[name='demo1']\").TouchSpin({\n    min: 0,\n    max: 100,\n    step: 0.1,\n    decimals: 2,\n    boostat: 5,\n    maxboostedstep: 10,\n    postfix: '%'\n});\n$(\"input[name='demo2']\").TouchSpin({\n    min: -1000000000,\n    max: 1000000000,\n    stepinterval: 50,\n    maxboostedstep: 10000000,\n    prefix: '$'\n});\n$(\"input[name='demo3']\").TouchSpin();\n$(\"input[name='demo3_21']\").TouchSpin({\n    initval: 40\n});\n$(\"input[name='demo3_22']\").TouchSpin({\n    initval: 40\n});\n$(\"input[name='demo4']\").TouchSpin({\n    postfix: \"a button\",\n    postfix_extraclass: \"btn btn-default\"\n});\n$(\"input[name='demo5']\").TouchSpin({\n    prefix: \"pre\",\n    postfix: \"post\"\n});\n$(\"input[name='demo0']\").TouchSpin({});","ast":null,"map":{"version":3,"sources":["/client/lib/compatibility/slicklab/js/spinner-init.js"],"names":[],"mappings":";;;;;;AAMA,EAAE,8BAAF,EAAkC,SAAlC,CAA4C;AACxC,qBAAiB,IAAjB;AACA,qBAAiB,0BAAjB;AACA,uBAAmB,2BAAnB;CAHJ;AAKA,EAAE,qBAAF,EAAyB,SAAzB,CAAmC;AAC/B,SAAK,CAAL;AACA,SAAK,GAAL;AACA,UAAM,GAAN;AACA,cAAU,CAAV;AACA,aAAS,CAAT;AACA,oBAAgB,EAAhB;AACA,aAAS,GAAT;CAPJ;AASA,EAAE,qBAAF,EAAyB,SAAzB,CAAmC;AAC/B,SAAK,CAAC,UAAD;AACL,SAAK,UAAL;AACA,kBAAc,EAAd;AACA,oBAAgB,QAAhB;AACA,YAAQ,GAAR;CALJ;AAOA,EAAE,qBAAF,EAAyB,SAAzB;AACA,EAAE,wBAAF,EAA4B,SAA5B,CAAsC;AAClC,aAAS,EAAT;CADJ;AAGA,EAAE,wBAAF,EAA4B,SAA5B,CAAsC;AAClC,aAAS,EAAT;CADJ;AAGA,EAAE,qBAAF,EAAyB,SAAzB,CAAmC;AAC/B,aAAS,UAAT;AACA,wBAAoB,iBAApB;CAFJ;AAIA,EAAE,qBAAF,EAAyB,SAAzB,CAAmC;AAC/B,YAAQ,KAAR;AACA,aAAS,MAAT;CAFJ;AAIA,EAAE,qBAAF,EAAyB,SAAzB,CAAmC,EAAnC","file":"/client/lib/compatibility/slicklab/js/spinner-init.js.map","sourcesContent":["/**\n * Created by mosaddek on 3/9/15.\n */\n\n// Spinner\n\n$(\"input[name='demo_vertical2']\").TouchSpin({\n    verticalbuttons: true,\n    verticalupclass: 'glyphicon glyphicon-plus',\n    verticaldownclass: 'glyphicon glyphicon-minus'\n});\n$(\"input[name='demo1']\").TouchSpin({\n    min: 0,\n    max: 100,\n    step: 0.1,\n    decimals: 2,\n    boostat: 5,\n    maxboostedstep: 10,\n    postfix: '%'\n});\n$(\"input[name='demo2']\").TouchSpin({\n    min: -1000000000,\n    max: 1000000000,\n    stepinterval: 50,\n    maxboostedstep: 10000000,\n    prefix: '$'\n});\n$(\"input[name='demo3']\").TouchSpin();\n$(\"input[name='demo3_21']\").TouchSpin({\n    initval: 40\n});\n$(\"input[name='demo3_22']\").TouchSpin({\n    initval: 40\n});\n$(\"input[name='demo4']\").TouchSpin({\n    postfix: \"a button\",\n    postfix_extraclass: \"btn btn-default\"\n});\n$(\"input[name='demo5']\").TouchSpin({\n    prefix: \"pre\",\n    postfix: \"post\"\n});\n$(\"input[name='demo0']\").TouchSpin({});\n"]},"hash":"2fbbc33ddd91c6798adc68d16db1344991f917eb"}
