{"metadata":{"usedHelpers":[],"marked":[],"modules":{"imports":[],"exports":{"exported":[],"specifiers":[]}}},"options":{"filename":"/client/lib/compatibility/slicklab/js/earning-chart-init.js","filenameRelative":"/client/lib/compatibility/slicklab/js/earning-chart-init.js","env":{},"retainLines":false,"highlightCode":true,"suppressDeprecationMessages":false,"presets":[],"plugins":[[[],null],[[],null],[[],null],[[],null],[[],null],[[],null],[[],null],[[],{"polyfill":false}],[[],null],[[],null],[[],null],[[],null],[[],null],[[],null],[[],null],[[],null],[[],{"loose":true}],[[],{"loose":true}],[[],null],[[],{"loose":true}],[[],null],[[],null],[[],{"allowTopLevelThis":true,"strict":false,"loose":true}],[[],null],[[],null],[[],null],[[],null],[[],null],[[],{"loose":true}],[[],null],[[],null],[[],null],[[],null],[[],null],[[],null],[[],null],[[],null]],"ignore":[],"code":true,"metadata":true,"ast":false,"comments":true,"compact":false,"minified":false,"sourceMap":true,"sourceMaps":true,"sourceMapTarget":"/client/lib/compatibility/slicklab/js/earning-chart-init.js.map","sourceFileName":"/client/lib/compatibility/slicklab/js/earning-chart-init.js","babelrc":false,"sourceType":"module","moduleIds":false,"passPerPreset":false,"basename":"earning-chart-init"},"ignored":false,"code":"/**\n * Created by mosaddek on 3/2/15.\n */\n\n$(document).ready(function () {\n\n    var data1 = [[0, 1], [1, 6], [2, 19], [3, 0], [4, 10], [5, 3], [6, 1], [7, 5], [8, 39], [9, 3], [10, 9], [11, 3], [12, 10], [13, 6], [14, 17], [15, 10], [16, 0]];\n    var data2 = [[0, 8], [1, 18], [2, 5], [3, 10], [4, 53], [5, 11], [6, 5], [7, 16], [8, 6], [9, 11], [10, 28], [11, 10], [12, 13], [13, 4], [14, 3], [15, 9], [16, 26]];\n\n    $(\"#dashboard-earning-chart\").length && $.plot($(\"#dashboard-earning-chart\"), [data1, data2], {\n        series: {\n            lines: {\n                show: false,\n                fill: true\n            },\n            splines: {\n                show: true,\n                tension: 0.4,\n                lineWidth: 0.5,\n                fill: 0.4\n            },\n            points: {\n                radius: 0,\n                show: true\n            },\n            shadowSize: 2\n        },\n        grid: {\n            hoverable: true,\n            clickable: true,\n            tickColor: \"#f9f9f9\",\n            borderWidth: 1,\n            color: '#d5d5d5',\n            borderColor: \"#f3f3f3\"\n        },\n        colors: [\"#5FD18A\", \"#76B6D0\"],\n        xaxis: {},\n        yaxis: {\n            ticks: 4\n        },\n        tooltip: true,\n        tooltipOpts: {\n            defaultTheme: false\n        }\n\n    });\n});","ast":null,"map":{"version":3,"sources":["/client/lib/compatibility/slicklab/js/earning-chart-init.js"],"names":[],"mappings":";;;;AAIA,EAAE,QAAF,EAAY,KAAZ,CAAkB,YAAW;;AAEzB,QAAI,QAAQ,CACR,CAAC,CAAD,EAAG,CAAH,CADQ,EACF,CAAC,CAAD,EAAG,CAAH,CADE,EACI,CAAC,CAAD,EAAG,EAAH,CADJ,EACW,CAAC,CAAD,EAAG,CAAH,CADX,EACiB,CAAC,CAAD,EAAG,EAAH,CADjB,EACwB,CAAC,CAAD,EAAG,CAAH,CADxB,EAC8B,CAAC,CAAD,EAAG,CAAH,CAD9B,EACoC,CAAC,CAAD,EAAG,CAAH,CADpC,EAC0C,CAAC,CAAD,EAAG,EAAH,CAD1C,EACiD,CAAC,CAAD,EAAG,CAAH,CADjD,EACuD,CAAC,EAAD,EAAI,CAAJ,CADvD,EAC8D,CAAC,EAAD,EAAI,CAAJ,CAD9D,EACqE,CAAC,EAAD,EAAI,EAAJ,CADrE,EAC6E,CAAC,EAAD,EAAI,CAAJ,CAD7E,EACoF,CAAC,EAAD,EAAI,EAAJ,CADpF,EAC4F,CAAC,EAAD,EAAI,EAAJ,CAD5F,EACoG,CAAC,EAAD,EAAI,CAAJ,CADpG,CAAR,CAFqB;AAMzB,QAAI,QAAQ,CACR,CAAC,CAAD,EAAG,CAAH,CADQ,EACF,CAAC,CAAD,EAAG,EAAH,CADE,EACK,CAAC,CAAD,EAAG,CAAH,CADL,EACW,CAAC,CAAD,EAAG,EAAH,CADX,EACkB,CAAC,CAAD,EAAG,EAAH,CADlB,EACyB,CAAC,CAAD,EAAG,EAAH,CADzB,EACgC,CAAC,CAAD,EAAG,CAAH,CADhC,EACsC,CAAC,CAAD,EAAG,EAAH,CADtC,EAC6C,CAAC,CAAD,EAAG,CAAH,CAD7C,EACmD,CAAC,CAAD,EAAG,EAAH,CADnD,EAC0D,CAAC,EAAD,EAAI,EAAJ,CAD1D,EACkE,CAAC,EAAD,EAAI,EAAJ,CADlE,EAC0E,CAAC,EAAD,EAAI,EAAJ,CAD1E,EACkF,CAAC,EAAD,EAAI,CAAJ,CADlF,EACyF,CAAC,EAAD,EAAI,CAAJ,CADzF,EACgG,CAAC,EAAD,EAAI,CAAJ,CADhG,EACuG,CAAC,EAAD,EAAI,EAAJ,CADvG,CAAR,CANqB;;AAUzB,MAAE,0BAAF,EAA8B,MAA9B,IAAwC,EAAE,IAAF,CAAO,EAAE,0BAAF,CAAP,EAAsC,CAC1E,KAD0E,EACnE,KADmE,CAAtC,EAGpC;AACI,gBAAQ;AACJ,mBAAO;AACH,sBAAM,KAAN;AACA,sBAAM,IAAN;aAFJ;AAIA,qBAAS;AACL,sBAAM,IAAN;AACA,yBAAS,GAAT;AACA,2BAAW,GAAX;AACA,sBAAM,GAAN;aAJJ;AAMA,oBAAQ;AACJ,wBAAQ,CAAR;AACA,sBAAM,IAAN;aAFJ;AAIA,wBAAY,CAAZ;SAfJ;AAiBA,cAAM;AACF,uBAAW,IAAX;AACA,uBAAW,IAAX;AACA,uBAAW,SAAX;AACA,yBAAa,CAAb;AACA,mBAAO,SAAP;AACA,yBAAa,SAAb;SANJ;AAQA,gBAAQ,CAAC,SAAD,EAAY,SAAZ,CAAR;AACA,eAAM,EAAN;AAEA,eAAO;AACH,mBAAO,CAAP;SADJ;AAGA,iBAAS,IAAT;AACA,qBAAa;AACT,0BAAc,KAAd;SADJ;;KApCgC,CAAxC,CAVyB;CAAX,CAAlB","file":"/client/lib/compatibility/slicklab/js/earning-chart-init.js.map","sourcesContent":["/**\n * Created by mosaddek on 3/2/15.\n */\n\n$(document).ready(function() {\n\n    var data1 = [\n        [0,1],[1,6],[2,19],[3,0],[4,10],[5,3],[6,1],[7,5],[8,39],[9,3],[10,9],[11,3],[12,10],[13,6],[14,17],[15,10],[16,0]\n\n    ];\n    var data2 = [\n        [0,8],[1,18],[2,5],[3,10],[4,53],[5,11],[6,5],[7,16],[8,6],[9,11],[10,28],[11,10],[12,13],[13,4],[14,3],[15,9],[16,26]\n    ];\n\n    $(\"#dashboard-earning-chart\").length && $.plot($(\"#dashboard-earning-chart\"), [\n        data1, data2\n    ],\n        {\n            series: {\n                lines: {\n                    show: false,\n                    fill: true\n                },\n                splines: {\n                    show: true,\n                    tension: 0.4,\n                    lineWidth: 0.5,\n                    fill: 0.4\n                },\n                points: {\n                    radius: 0,\n                    show: true\n                },\n                shadowSize: 2\n            },\n            grid: {\n                hoverable: true,\n                clickable: true,\n                tickColor: \"#f9f9f9\",\n                borderWidth: 1,\n                color: '#d5d5d5',\n                borderColor: \"#f3f3f3\"\n            },\n            colors: [\"#5FD18A\", \"#76B6D0\"],\n            xaxis:{\n            },\n            yaxis: {\n                ticks: 4\n            },\n            tooltip: true,\n            tooltipOpts: {\n                defaultTheme: false\n            }\n\n        }\n    );\n\n\n});"]},"hash":"380f6c853fd01880786857b82d561548b939922f"}
