{"metadata":{"usedHelpers":[],"marked":[],"modules":{"imports":[],"exports":{"exported":[],"specifiers":[]}}},"options":{"filename":"/client/lib/compatibility/slicklab/js/tags-input-init.js","filenameRelative":"/client/lib/compatibility/slicklab/js/tags-input-init.js","env":{},"retainLines":false,"highlightCode":true,"suppressDeprecationMessages":false,"presets":[],"plugins":[[[],null],[[],null],[[],null],[[],null],[[],null],[[],null],[[],null],[[],{"polyfill":false}],[[],null],[[],null],[[],null],[[],null],[[],null],[[],null],[[],null],[[],null],[[],{"loose":true}],[[],{"loose":true}],[[],null],[[],{"loose":true}],[[],null],[[],null],[[],{"allowTopLevelThis":true,"strict":false,"loose":true}],[[],null],[[],null],[[],null],[[],null],[[],null],[[],{"loose":true}],[[],null],[[],null],[[],null],[[],null],[[],null],[[],null],[[],null],[[],null]],"ignore":[],"code":true,"metadata":true,"ast":false,"comments":true,"compact":false,"minified":false,"sourceMap":true,"sourceMaps":true,"sourceMapTarget":"/client/lib/compatibility/slicklab/js/tags-input-init.js.map","sourceFileName":"/client/lib/compatibility/slicklab/js/tags-input-init.js","babelrc":false,"sourceType":"module","moduleIds":false,"passPerPreset":false,"basename":"tags-input-init"},"ignored":false,"code":"/**\n * Created by mosaddek on 3/9/15.\n */\n\n//tags input\n\n$('.tags-input').each(function () {\n    var tagsType = $(this).data('type');\n    var highlightColor = $(this).data('highlight-color');\n    if (tagsType === 'tags') {\n        $(this).tagsInput({\n            width: 'auto'\n        });\n    }\n    if (tagsType === 'highlighted-tags') {\n        $(this).tagsInput({\n            width: 'auto',\n            onChange: function () {\n                function onChange(elem, elem_tags) {\n                    var languages = ['php', 'ruby', 'javascript'];\n                    $('.tag', elem_tags).each(function () {\n                        if ($(this).text().search(new RegExp('\\\\b(' + languages.join('|') + ')\\\\b')) >= 0) $(this).css('background-color', highlightColor);\n                    });\n                }\n\n                return onChange;\n            }()\n        });\n    }\n    if (tagsType === 'autocomplete-tags') {\n        $(this).tagsInput({\n            width: 'auto',\n            //autocomplete_url:'test/fake_plaintext_endpoint.html' //jquery.autocomplete (not jquery ui)\n            autocomplete_url: 'data/fake_json_endpoint.html' // jquery ui autocomplete requires a json endpoint\n        });\n    }\n});","ast":null,"map":{"version":3,"sources":["/client/lib/compatibility/slicklab/js/tags-input-init.js"],"names":[],"mappings":";;;;;;AAMA,EAAE,aAAF,EAAiB,IAAjB,CAAsB,YAAW;AAC7B,QAAI,WAAW,EAAE,IAAF,EAAQ,IAAR,CAAa,MAAb,CAAX,CADyB;AAE7B,QAAI,iBAAiB,EAAE,IAAF,EAAQ,IAAR,CAAa,iBAAb,CAAjB,CAFyB;AAG7B,QAAI,aAAa,MAAb,EAAqB;AACrB,UAAE,IAAF,EAAQ,SAAR,CAAkB;AACd,mBAAO,MAAP;SADJ,EADqB;KAAzB;AAKA,QAAI,aAAa,kBAAb,EAAiC;AACjC,UAAE,IAAF,EAAQ,SAAR,CAAkB;AACd,mBAAO,MAAP;AACA;AAAU,kCAAS,IAAT,EAAe,SAAf,EAA0B;AAChC,wBAAI,YAAY,CAAC,KAAD,EAAQ,MAAR,EAAgB,YAAhB,CAAZ,CAD4B;AAEhC,sBAAE,MAAF,EAAU,SAAV,EAAqB,IAArB,CAA0B,YAAW;AACjC,4BAAI,EAAE,IAAF,EAAQ,IAAR,GAAe,MAAf,CAAsB,IAAI,MAAJ,CAAW,SAAS,UAAU,IAAV,CAAe,GAAf,CAAT,GAA+B,MAA/B,CAAjC,KAA4E,CAA5E,EAA+E,EAAE,IAAF,EAAQ,GAAR,CAAY,kBAAZ,EAAgC,cAAhC,EAAnF;qBADsB,CAA1B,CAFgC;iBAA1B;;;eAAV;SAFJ,EADiC;KAArC;AAWA,QAAI,aAAa,mBAAb,EAAkC;AAClC,UAAE,IAAF,EAAQ,SAAR,CAAkB;AACd,mBAAO,MAAP;;AAEA,8BAAkB,8BAAlB;AAHc,SAAlB,EADkC;KAAtC;CAnBkB,CAAtB","file":"/client/lib/compatibility/slicklab/js/tags-input-init.js.map","sourcesContent":["/**\n * Created by mosaddek on 3/9/15.\n */\n\n//tags input\n\n$('.tags-input').each(function() {\n    var tagsType = $(this).data('type')\n    var highlightColor = $(this).data('highlight-color')\n    if (tagsType === 'tags') {\n        $(this).tagsInput({\n            width: 'auto'\n        });\n    }\n    if (tagsType === 'highlighted-tags') {\n        $(this).tagsInput({\n            width: 'auto',\n            onChange: function(elem, elem_tags) {\n                var languages = ['php', 'ruby', 'javascript'];\n                $('.tag', elem_tags).each(function() {\n                    if ($(this).text().search(new RegExp('\\\\b(' + languages.join('|') + ')\\\\b')) >= 0) $(this).css('background-color', highlightColor);\n                });\n            }\n        });\n    }\n    if (tagsType === 'autocomplete-tags') {\n        $(this).tagsInput({\n            width: 'auto',\n            //autocomplete_url:'test/fake_plaintext_endpoint.html' //jquery.autocomplete (not jquery ui)\n            autocomplete_url: 'data/fake_json_endpoint.html' // jquery ui autocomplete requires a json endpoint\n        });\n    }\n});\n\n"]},"hash":"4f9ab425d6e9aaeb60f0e32c8844d91ceb7d230a"}
