{"metadata":{"usedHelpers":[],"marked":[],"modules":{"imports":[],"exports":{"exported":[],"specifiers":[]}}},"options":{"filename":"/client/lib/compatibility/slicklab/js/dragging-calendar-event-init.js","filenameRelative":"/client/lib/compatibility/slicklab/js/dragging-calendar-event-init.js","env":{},"retainLines":false,"highlightCode":true,"suppressDeprecationMessages":false,"presets":[],"plugins":[[[],null],[[],null],[[],null],[[],null],[[],null],[[],null],[[],null],[[],{"polyfill":false}],[[],null],[[],null],[[],null],[[],null],[[],null],[[],null],[[],null],[[],null],[[],{"loose":true}],[[],{"loose":true}],[[],null],[[],{"loose":true}],[[],null],[[],null],[[],{"allowTopLevelThis":true,"strict":false,"loose":true}],[[],null],[[],null],[[],null],[[],null],[[],null],[[],{"loose":true}],[[],null],[[],null],[[],null],[[],null],[[],null],[[],null],[[],null],[[],null]],"ignore":[],"code":true,"metadata":true,"ast":false,"comments":true,"compact":false,"minified":false,"sourceMap":true,"sourceMaps":true,"sourceMapTarget":"/client/lib/compatibility/slicklab/js/dragging-calendar-event-init.js.map","sourceFileName":"/client/lib/compatibility/slicklab/js/dragging-calendar-event-init.js","babelrc":false,"sourceType":"module","moduleIds":false,"passPerPreset":false,"basename":"dragging-calendar-event-init"},"ignored":false,"code":"var Script = function () {\n\n    /* initialize the external events\r\n     -----------------------------------------------------------------*/\n\n    $('#external-events div.external-event').each(function () {\n\n        // create an Event Object (http://arshaw.com/fullcalendar/docs/event_data/Event_Object/)\n        // it doesn't need to have a start or end\n        var eventObject = {\n            title: $.trim($(this).text()) // use the element's text as the event title\n        };\n\n        // store the Event Object in the DOM element so we can get to it later\n        $(this).data('eventObject', eventObject);\n\n        // make the event draggable using jQuery UI\n        $(this).draggable({\n            zIndex: 999,\n            revert: true, // will cause the event to go back to its\n            revertDuration: 0 //  original position after the drag\n        });\n    });\n\n    /* initialize the calendar\r\n     -----------------------------------------------------------------*/\n\n    var date = new Date();\n    var d = date.getDate();\n    var m = date.getMonth();\n    var y = date.getFullYear();\n\n    $('#calendar').fullCalendar({\n        header: {\n            left: 'prev,next today',\n            center: 'title',\n            right: 'month,basicWeek,basicDay'\n        },\n        editable: true,\n        droppable: true, // this allows things to be dropped onto the calendar !!!\n        drop: function () {\n            function drop(date, allDay) {\n                // this function is called when something is dropped\n\n                // retrieve the dropped element's stored Event Object\n                var originalEventObject = $(this).data('eventObject');\n\n                // we need to copy it, so that multiple events don't have a reference to the same object\n                var copiedEventObject = $.extend({}, originalEventObject);\n\n                // assign it the date that was reported\n                copiedEventObject.start = date;\n                copiedEventObject.allDay = allDay;\n\n                // render the event on the calendar\n                // the last `true` argument determines if the event \"sticks\" (http://arshaw.com/fullcalendar/docs/event_rendering/renderEvent/)\n                $('#calendar').fullCalendar('renderEvent', copiedEventObject, true);\n\n                // is the \"remove after drop\" checkbox checked?\n                if ($('#drop-remove').is(':checked')) {\n                    // if so, remove the element from the \"Draggable Events\" list\n                    $(this).remove();\n                }\n            }\n\n            return drop;\n        }(),\n        events: [{\n            title: 'All Day Event',\n            start: new Date(y, m, 1)\n        }, {\n            title: 'Long Event',\n            start: new Date(y, m, d - 5),\n            end: new Date(y, m, d - 2)\n        }, {\n            id: 999,\n            title: 'Repeating Event',\n            start: new Date(y, m, d - 3, 16, 0),\n            allDay: false\n        }, {\n            id: 999,\n            title: 'Repeating Event',\n            start: new Date(y, m, d + 4, 16, 0),\n            allDay: false\n        }, {\n            title: 'Meeting',\n            start: new Date(y, m, d, 10, 30),\n            allDay: false\n        }, {\n            title: 'Lunch',\n            start: new Date(y, m, d, 12, 0),\n            end: new Date(y, m, d, 14, 0),\n            allDay: false\n        }, {\n            title: 'Birthday Party',\n            start: new Date(y, m, d + 1, 19, 0),\n            end: new Date(y, m, d + 1, 22, 30),\n            allDay: false\n        }, {\n            title: 'Click for Google',\n            start: new Date(y, m, 28),\n            end: new Date(y, m, 29),\n            url: 'http://google.com/'\n        }]\n    });\n}();","ast":null,"map":{"version":3,"sources":["/client/lib/compatibility/slicklab/js/dragging-calendar-event-init.js"],"names":[],"mappings":"AAAA,IAAI,SAAS,YAAY;;;;;AAMrB,MAAE,qCAAF,EAAyC,IAAzC,CAA8C,YAAW;;;;AAIrD,YAAI,cAAc;AACd,mBAAO,EAAE,IAAF,CAAO,EAAE,IAAF,EAAQ,IAAR,EAAP,CAAP;AADc,SAAd;;;AAJiD,SASrD,CAAE,IAAF,EAAQ,IAAR,CAAa,aAAb,EAA4B,WAA5B;;;AATqD,SAYrD,CAAE,IAAF,EAAQ,SAAR,CAAkB;AACd,oBAAQ,GAAR;AACA,oBAAQ,IAAR;AACA,4BAAgB,CAAhB;AAHc,SAAlB,EAZqD;KAAX,CAA9C;;;;;AANqB,QA8BjB,OAAO,IAAI,IAAJ,EAAP,CA9BiB;AA+BrB,QAAI,IAAI,KAAK,OAAL,EAAJ,CA/BiB;AAgCrB,QAAI,IAAI,KAAK,QAAL,EAAJ,CAhCiB;AAiCrB,QAAI,IAAI,KAAK,WAAL,EAAJ,CAjCiB;;AAmCrB,MAAE,WAAF,EAAe,YAAf,CAA4B;AACxB,gBAAQ;AACJ,kBAAM,iBAAN;AACA,oBAAQ,OAAR;AACA,mBAAO,0BAAP;SAHJ;AAKA,kBAAU,IAAV;AACA,mBAAW,IAAX;AACA;AAAM,0BAAS,IAAT,EAAe,MAAf,EAAuB;;;;AAGzB,oBAAI,sBAAsB,EAAE,IAAF,EAAQ,IAAR,CAAa,aAAb,CAAtB;;;AAHqB,oBAMrB,oBAAoB,EAAE,MAAF,CAAS,EAAT,EAAa,mBAAb,CAApB;;;AANqB,iCASzB,CAAkB,KAAlB,GAA0B,IAA1B,CATyB;AAUzB,kCAAkB,MAAlB,GAA2B,MAA3B;;;;AAVyB,iBAczB,CAAE,WAAF,EAAe,YAAf,CAA4B,aAA5B,EAA2C,iBAA3C,EAA8D,IAA9D;;;AAdyB,oBAiBrB,EAAE,cAAF,EAAkB,EAAlB,CAAqB,UAArB,CAAJ,EAAsC;;AAElC,sBAAE,IAAF,EAAQ,MAAR,GAFkC;iBAAtC;aAjBE;;;WAAN;AAuBA,gBAAQ,CACJ;AACI,mBAAO,eAAP;AACA,mBAAO,IAAI,IAAJ,CAAS,CAAT,EAAY,CAAZ,EAAe,CAAf,CAAP;SAHA,EAKJ;AACI,mBAAO,YAAP;AACA,mBAAO,IAAI,IAAJ,CAAS,CAAT,EAAY,CAAZ,EAAe,IAAE,CAAF,CAAtB;AACA,iBAAK,IAAI,IAAJ,CAAS,CAAT,EAAY,CAAZ,EAAe,IAAE,CAAF,CAApB;SARA,EAUJ;AACI,gBAAI,GAAJ;AACA,mBAAO,iBAAP;AACA,mBAAO,IAAI,IAAJ,CAAS,CAAT,EAAY,CAAZ,EAAe,IAAE,CAAF,EAAK,EAApB,EAAwB,CAAxB,CAAP;AACA,oBAAQ,KAAR;SAdA,EAgBJ;AACI,gBAAI,GAAJ;AACA,mBAAO,iBAAP;AACA,mBAAO,IAAI,IAAJ,CAAS,CAAT,EAAY,CAAZ,EAAe,IAAE,CAAF,EAAK,EAApB,EAAwB,CAAxB,CAAP;AACA,oBAAQ,KAAR;SApBA,EAsBJ;AACI,mBAAO,SAAP;AACA,mBAAO,IAAI,IAAJ,CAAS,CAAT,EAAY,CAAZ,EAAe,CAAf,EAAkB,EAAlB,EAAsB,EAAtB,CAAP;AACA,oBAAQ,KAAR;SAzBA,EA2BJ;AACI,mBAAO,OAAP;AACA,mBAAO,IAAI,IAAJ,CAAS,CAAT,EAAY,CAAZ,EAAe,CAAf,EAAkB,EAAlB,EAAsB,CAAtB,CAAP;AACA,iBAAK,IAAI,IAAJ,CAAS,CAAT,EAAY,CAAZ,EAAe,CAAf,EAAkB,EAAlB,EAAsB,CAAtB,CAAL;AACA,oBAAQ,KAAR;SA/BA,EAiCJ;AACI,mBAAO,gBAAP;AACA,mBAAO,IAAI,IAAJ,CAAS,CAAT,EAAY,CAAZ,EAAe,IAAE,CAAF,EAAK,EAApB,EAAwB,CAAxB,CAAP;AACA,iBAAK,IAAI,IAAJ,CAAS,CAAT,EAAY,CAAZ,EAAe,IAAE,CAAF,EAAK,EAApB,EAAwB,EAAxB,CAAL;AACA,oBAAQ,KAAR;SArCA,EAuCJ;AACI,mBAAO,kBAAP;AACA,mBAAO,IAAI,IAAJ,CAAS,CAAT,EAAY,CAAZ,EAAe,EAAf,CAAP;AACA,iBAAK,IAAI,IAAJ,CAAS,CAAT,EAAY,CAAZ,EAAe,EAAf,CAAL;AACA,iBAAK,oBAAL;SA3CA,CAAR;KA/BJ,EAnCqB;CAAZ,EAAT","file":"/client/lib/compatibility/slicklab/js/dragging-calendar-event-init.js.map","sourcesContent":["var Script = function () {\r\n\r\n\r\n    /* initialize the external events\r\n     -----------------------------------------------------------------*/\r\n\r\n    $('#external-events div.external-event').each(function() {\r\n\r\n        // create an Event Object (http://arshaw.com/fullcalendar/docs/event_data/Event_Object/)\r\n        // it doesn't need to have a start or end\r\n        var eventObject = {\r\n            title: $.trim($(this).text()) // use the element's text as the event title\r\n        };\r\n\r\n        // store the Event Object in the DOM element so we can get to it later\r\n        $(this).data('eventObject', eventObject);\r\n\r\n        // make the event draggable using jQuery UI\r\n        $(this).draggable({\r\n            zIndex: 999,\r\n            revert: true,      // will cause the event to go back to its\r\n            revertDuration: 0  //  original position after the drag\r\n        });\r\n\r\n    });\r\n\r\n\r\n    /* initialize the calendar\r\n     -----------------------------------------------------------------*/\r\n\r\n    var date = new Date();\r\n    var d = date.getDate();\r\n    var m = date.getMonth();\r\n    var y = date.getFullYear();\r\n\r\n    $('#calendar').fullCalendar({\r\n        header: {\r\n            left: 'prev,next today',\r\n            center: 'title',\r\n            right: 'month,basicWeek,basicDay'\r\n        },\r\n        editable: true,\r\n        droppable: true, // this allows things to be dropped onto the calendar !!!\r\n        drop: function(date, allDay) { // this function is called when something is dropped\r\n\r\n            // retrieve the dropped element's stored Event Object\r\n            var originalEventObject = $(this).data('eventObject');\r\n\r\n            // we need to copy it, so that multiple events don't have a reference to the same object\r\n            var copiedEventObject = $.extend({}, originalEventObject);\r\n\r\n            // assign it the date that was reported\r\n            copiedEventObject.start = date;\r\n            copiedEventObject.allDay = allDay;\r\n\r\n            // render the event on the calendar\r\n            // the last `true` argument determines if the event \"sticks\" (http://arshaw.com/fullcalendar/docs/event_rendering/renderEvent/)\r\n            $('#calendar').fullCalendar('renderEvent', copiedEventObject, true);\r\n\r\n            // is the \"remove after drop\" checkbox checked?\r\n            if ($('#drop-remove').is(':checked')) {\r\n                // if so, remove the element from the \"Draggable Events\" list\r\n                $(this).remove();\r\n            }\r\n\r\n        },\r\n        events: [\r\n            {\r\n                title: 'All Day Event',\r\n                start: new Date(y, m, 1)\r\n            },\r\n            {\r\n                title: 'Long Event',\r\n                start: new Date(y, m, d-5),\r\n                end: new Date(y, m, d-2)\r\n            },\r\n            {\r\n                id: 999,\r\n                title: 'Repeating Event',\r\n                start: new Date(y, m, d-3, 16, 0),\r\n                allDay: false\r\n            },\r\n            {\r\n                id: 999,\r\n                title: 'Repeating Event',\r\n                start: new Date(y, m, d+4, 16, 0),\r\n                allDay: false\r\n            },\r\n            {\r\n                title: 'Meeting',\r\n                start: new Date(y, m, d, 10, 30),\r\n                allDay: false\r\n            },\r\n            {\r\n                title: 'Lunch',\r\n                start: new Date(y, m, d, 12, 0),\r\n                end: new Date(y, m, d, 14, 0),\r\n                allDay: false\r\n            },\r\n            {\r\n                title: 'Birthday Party',\r\n                start: new Date(y, m, d+1, 19, 0),\r\n                end: new Date(y, m, d+1, 22, 30),\r\n                allDay: false\r\n            },\r\n            {\r\n                title: 'Click for Google',\r\n                start: new Date(y, m, 28),\r\n                end: new Date(y, m, 29),\r\n                url: 'http://google.com/'\r\n            }\r\n        ]\r\n    });\r\n\r\n\r\n}();"]},"hash":"54815ecc762a885c3f7a616cff6ded64a860c55b"}
