{"metadata":{"usedHelpers":[],"marked":[],"modules":{"imports":[],"exports":{"exported":[],"specifiers":[]}}},"options":{"filename":"/client/lib/compatibility/slicklab/js/data-table-init.js","filenameRelative":"/client/lib/compatibility/slicklab/js/data-table-init.js","env":{},"retainLines":false,"highlightCode":true,"suppressDeprecationMessages":false,"presets":[],"plugins":[[[],null],[[],null],[[],null],[[],null],[[],null],[[],null],[[],null],[[],{"polyfill":false}],[[],null],[[],null],[[],null],[[],null],[[],null],[[],null],[[],null],[[],null],[[],{"loose":true}],[[],{"loose":true}],[[],null],[[],{"loose":true}],[[],null],[[],null],[[],{"allowTopLevelThis":true,"strict":false,"loose":true}],[[],null],[[],null],[[],null],[[],null],[[],null],[[],{"loose":true}],[[],null],[[],null],[[],null],[[],null],[[],null],[[],null],[[],null],[[],null]],"ignore":[],"code":true,"metadata":true,"ast":false,"comments":true,"compact":false,"minified":false,"sourceMap":true,"sourceMaps":true,"sourceMapTarget":"/client/lib/compatibility/slicklab/js/data-table-init.js.map","sourceFileName":"/client/lib/compatibility/slicklab/js/data-table-init.js","babelrc":false,"sourceType":"module","moduleIds":false,"passPerPreset":false,"basename":"data-table-init"},"ignored":false,"code":"/**\n * Created by mosaddek on 3/4/15.\n */\n\nfunction format(d) {\n    // `d` is the original data object for the row\n    return '<table cellpadding=\"5\" cellspacing=\"0\" border=\"0\" style=\"padding-left:50px;\">' + '<tr>' + '<td>Full name:</td>' + '<td>' + d.name + '</td>' + '</tr>' + '<tr>' + '<td>Extension number:</td>' + '<td>' + d.extn + '</td>' + '</tr>' + '<tr>' + '<td>Extra info:</td>' + '<td>And any further details here (images etc)...</td>' + '</tr>' + '</table>';\n}\n\n// Data Table\n\n$('.convert-data-table').DataTable({\n    \"PaginationType\": \"bootstrap\",\n    dom: '<\"tbl-head clearfix\"T>,<\"tbl-top clearfix\"lfr>,t,<\"tbl-footer clearfix\"<\"tbl-info pull-left\"i><\"tbl-pagin pull-right\"p>>',\n    tableTools: {\n        \"sSwfPath\": \"swf/copy_csv_xls_pdf.swf\"\n    }\n});\n\n$('.colvis-data-table').DataTable({\n    \"PaginationType\": \"bootstrap\",\n    dom: '<\"tbl-head clearfix\"C>,<\"tbl-top clearfix\"lfr>,t,<\"tbl-footer clearfix\"<\"tbl-info pull-left\"i><\"tbl-pagin pull-right\"p>>'\n\n});\n\n$('.responsive-data-table').DataTable({\n    \"PaginationType\": \"bootstrap\",\n    responsive: true,\n    dom: '<\"tbl-top clearfix\"lfr>,t,<\"tbl-footer clearfix\"<\"tbl-info pull-left\"i><\"tbl-pagin pull-right\"p>>'\n});\n\n//\n//\n//$('.scrolling-table').DataTable({\n//    \"PaginationType\": \"bootstrap\",\n//    \"ajax\": \"data/2500.txt\",\n//    \"scrollY\": \"200px\",\n//    dom: '<\"tbl-top clearfix\"fr>,t,<\"tbl-footer clearfix\"<\"tbl-info-large pull-left\"i><\"tbl-pagin pull-right\"S>>',\n//\n//    \"deferRender\": true\n//\n//\n//});\n\n$(function () {\n    var table = $('.row-details-data-table').DataTable({\n        \"ajax\": \"data/objects.txt\",\n        dom: '<\"tbl-top clearfix\"lfr>,t,<\"tbl-footer clearfix\"<\"tbl-info pull-left\"i><\"tbl-pagin pull-right\"p>>',\n        \"columns\": [{\n            \"class\": 'details-control',\n            \"orderable\": false,\n            \"data\": null,\n            \"defaultContent\": ''\n        }, {\n            \"data\": \"name\"\n        }, {\n            \"data\": \"position\"\n        }, {\n            \"data\": \"office\"\n        }, {\n            \"data\": \"salary\"\n        }],\n        \"order\": [[1, 'asc']]\n    });\n\n    // Add event listener for opening and closing details\n    $('.row-details-data-table tbody').on('click', 'td.details-control', function () {\n        var tr = $(this).closest('tr');\n        var row = table.row(tr);\n\n        if (row.child.isShown()) {\n            // This row is already open - close it\n            row.child.hide();\n            tr.removeClass('shown');\n        } else {\n            // Open this row\n            row.child(format(row.data())).show();\n            tr.addClass('shown');\n        }\n    });\n});","ast":null,"map":{"version":3,"sources":["/client/lib/compatibility/slicklab/js/data-table-init.js"],"names":[],"mappings":";;;;AAIA,SAAS,MAAT,CAAgB,CAAhB,EAAmB;;AAEf,WAAO,kFACH,MADG,GAEH,qBAFG,GAGH,MAHG,GAGM,EAAE,IAAF,GAAS,OAHf,GAIH,OAJG,GAKH,MALG,GAMH,4BANG,GAOH,MAPG,GAOM,EAAE,IAAF,GAAS,OAPf,GAQH,OARG,GASH,MATG,GAUH,sBAVG,GAWH,uDAXG,GAYH,OAZG,GAaH,UAbG,CAFQ;CAAnB;;;;AAqBA,EAAE,qBAAF,EAAyB,SAAzB,CAAmC;AAC/B,sBAAkB,WAAlB;AACA,SAAK,0HAAL;AACA,gBAAY;AACR,oBAAY,0BAAZ;KADJ;CAHJ;;AAWA,EAAE,oBAAF,EAAwB,SAAxB,CAAkC;AAC9B,sBAAkB,WAAlB;AACA,SAAK,0HAAL;;CAFJ;;AAQA,EAAE,wBAAF,EAA4B,SAA5B,CAAsC;AAClC,sBAAkB,WAAlB;AACA,gBAAY,IAAZ;AACA,SAAK,mGAAL;CAHJ;;;;;;;;;;;;;;;AAoBA,EAAE,YAAW;AACT,QAAI,QAAQ,EAAE,yBAAF,EAA6B,SAA7B,CAAuC;AAC/C,gBAAQ,kBAAR;AACA,aAAK,mGAAL;AACA,mBAAW,CAAC;AACR,qBAAS,iBAAT;AACA,yBAAa,KAAb;AACA,oBAAQ,IAAR;AACA,8BAAkB,EAAlB;SAJO,EAKR;AACC,oBAAQ,MAAR;SANO,EAOR;AACC,oBAAQ,UAAR;SARO,EASR;AACC,oBAAQ,QAAR;SAVO,EAWR;AACC,oBAAQ,QAAR;SAZO,CAAX;AAcA,iBAAS,CACL,CAAC,CAAD,EAAI,KAAJ,CADK,CAAT;KAjBQ,CAAR;;;AADK,KAwBT,CAAE,+BAAF,EAAmC,EAAnC,CAAsC,OAAtC,EAA+C,oBAA/C,EAAqE,YAAW;AAC5E,YAAI,KAAK,EAAE,IAAF,EAAQ,OAAR,CAAgB,IAAhB,CAAL,CADwE;AAE5E,YAAI,MAAM,MAAM,GAAN,CAAU,EAAV,CAAN,CAFwE;;AAI5E,YAAI,IAAI,KAAJ,CAAU,OAAV,EAAJ,EAAyB;;AAErB,gBAAI,KAAJ,CAAU,IAAV,GAFqB;AAGrB,eAAG,WAAH,CAAe,OAAf,EAHqB;SAAzB,MAIO;;AAEH,gBAAI,KAAJ,CAAU,OAAO,IAAI,IAAJ,EAAP,CAAV,EAA8B,IAA9B,GAFG;AAGH,eAAG,QAAH,CAAY,OAAZ,EAHG;SAJP;KAJiE,CAArE,CAxBS;CAAX,CAAF","file":"/client/lib/compatibility/slicklab/js/data-table-init.js.map","sourcesContent":["/**\n * Created by mosaddek on 3/4/15.\n */\n\nfunction format(d) {\n    // `d` is the original data object for the row\n    return '<table cellpadding=\"5\" cellspacing=\"0\" border=\"0\" style=\"padding-left:50px;\">' +\n        '<tr>' +\n        '<td>Full name:</td>' +\n        '<td>' + d.name + '</td>' +\n        '</tr>' +\n        '<tr>' +\n        '<td>Extension number:</td>' +\n        '<td>' + d.extn + '</td>' +\n        '</tr>' +\n        '<tr>' +\n        '<td>Extra info:</td>' +\n        '<td>And any further details here (images etc)...</td>' +\n        '</tr>' +\n        '</table>';\n}\n\n\n// Data Table\n\n$('.convert-data-table').DataTable({\n    \"PaginationType\": \"bootstrap\",\n    dom: '<\"tbl-head clearfix\"T>,<\"tbl-top clearfix\"lfr>,t,<\"tbl-footer clearfix\"<\"tbl-info pull-left\"i><\"tbl-pagin pull-right\"p>>',\n    tableTools: {\n        \"sSwfPath\": \"swf/copy_csv_xls_pdf.swf\"\n    }\n});\n\n\n\n\n$('.colvis-data-table').DataTable({\n    \"PaginationType\": \"bootstrap\",\n    dom: '<\"tbl-head clearfix\"C>,<\"tbl-top clearfix\"lfr>,t,<\"tbl-footer clearfix\"<\"tbl-info pull-left\"i><\"tbl-pagin pull-right\"p>>'\n\n\n});\n\n\n$('.responsive-data-table').DataTable({\n    \"PaginationType\": \"bootstrap\",\n    responsive: true,\n    dom: '<\"tbl-top clearfix\"lfr>,t,<\"tbl-footer clearfix\"<\"tbl-info pull-left\"i><\"tbl-pagin pull-right\"p>>'\n});\n\n//\n//\n//$('.scrolling-table').DataTable({\n//    \"PaginationType\": \"bootstrap\",\n//    \"ajax\": \"data/2500.txt\",\n//    \"scrollY\": \"200px\",\n//    dom: '<\"tbl-top clearfix\"fr>,t,<\"tbl-footer clearfix\"<\"tbl-info-large pull-left\"i><\"tbl-pagin pull-right\"S>>',\n//\n//    \"deferRender\": true\n//\n//\n//});\n\n\n$(function() {\n    var table = $('.row-details-data-table').DataTable({\n        \"ajax\": \"data/objects.txt\",\n        dom: '<\"tbl-top clearfix\"lfr>,t,<\"tbl-footer clearfix\"<\"tbl-info pull-left\"i><\"tbl-pagin pull-right\"p>>',\n        \"columns\": [{\n            \"class\": 'details-control',\n            \"orderable\": false,\n            \"data\": null,\n            \"defaultContent\": ''\n        }, {\n            \"data\": \"name\"\n        }, {\n            \"data\": \"position\"\n        }, {\n            \"data\": \"office\"\n        }, {\n            \"data\": \"salary\"\n        }],\n        \"order\": [\n            [1, 'asc']\n        ]\n    });\n\n    // Add event listener for opening and closing details\n    $('.row-details-data-table tbody').on('click', 'td.details-control', function() {\n        var tr = $(this).closest('tr');\n        var row = table.row(tr);\n\n        if (row.child.isShown()) {\n            // This row is already open - close it\n            row.child.hide();\n            tr.removeClass('shown');\n        } else {\n            // Open this row\n            row.child(format(row.data())).show();\n            tr.addClass('shown');\n        }\n    });\n});"]},"hash":"5629ae4577588fc1727662939e2d285be29c8f65"}
