{"metadata":{"usedHelpers":[],"marked":[],"modules":{"imports":[],"exports":{"exported":[],"specifiers":[]}}},"options":{"filename":"/client/router/router.js","filenameRelative":"/client/router/router.js","env":{},"retainLines":false,"highlightCode":true,"suppressDeprecationMessages":false,"presets":[],"plugins":[[[],null],[[],null],[[],null],[[],null],[[],null],[[],null],[[],null],[[],{"polyfill":false}],[[],null],[[],null],[[],null],[[],null],[[],null],[[],null],[[],null],[[],null],[[],{"loose":true}],[[],{"loose":true}],[[],null],[[],{"loose":true}],[[],null],[[],null],[[],{"allowTopLevelThis":true,"strict":false,"loose":true}],[[],null],[[],null],[[],null],[[],null],[[],null],[[],{"loose":true}],[[],null],[[],null],[[],null],[[],null],[[],null],[[],null],[[],null],[[],null]],"ignore":[],"code":true,"metadata":true,"ast":false,"comments":true,"compact":false,"minified":false,"sourceMap":true,"sourceMaps":true,"sourceMapTarget":"/client/router/router.js.map","sourceFileName":"/client/router/router.js","babelrc":false,"sourceType":"module","moduleIds":false,"passPerPreset":false,"basename":"router"},"ignored":false,"code":"// Configure the router here\nRouter.configure({\n  layoutTemplate: 'applicationLayout'\n});\n\n// Here we defined the default route of the application\nRouter.route('/login', function () {\n  this.render(\"login\", { to: 'content' });\n}, { name: 'login' });\n\n// Here we defined the default route of the application\nRouter.route('/home', function () {\n  this.render(\"dashboard\", { to: 'content' });\n}, { name: 'default' });\n\n// Here we defined the default route of the application\nRouter.route('/page1', function () {\n  this.render(\"page1\", { to: 'content' });\n}, { name: 'page1' });\n\n// Here we defined the default route of the application\nRouter.route('/page2', function () {\n  this.render(\"page1\", { to: 'content' });\n}, { name: 'page2' });\n\ncheckUserLoggedIn = function checkUserLoggedIn() {\n  if (!Meteor.loggingIn() && !Meteor.user()) {\n    Router.go('/login');\n  } else {\n    this.next();\n  }\n};\n\nuserAuthenticated = function userAuthenticated() {\n  if (!Meteor.loggingIn() && Meteor.user()) {\n    Router.go('/home');\n  } else {\n    this.next();\n    $('html,body').scrollTop(0);\n  }\n};\n\nRouter.onBeforeAction(checkUserLoggedIn, {\n  except: ['login']\n});\n\nRouter.onBeforeAction(userAuthenticated, {\n  only: ['login']\n});","ast":null,"map":{"version":3,"sources":["/client/router/router.js"],"names":[],"mappings":";AACA,OAAO,SAAP,CAAiB;AACf,kBAAgB,mBAAhB;CADF;;;AAKA,OAAO,KAAP,CAAa,QAAb,EAAuB,YAAU;AAC7B,OAAK,MAAL,CAAY,OAAZ,EAAqB,EAAC,IAAI,SAAJ,EAAtB,EAD6B;CAAV,EAErB,EAAC,MAAK,OAAL,EAFH;;;AAKA,OAAO,KAAP,CAAa,OAAb,EAAsB,YAAU;AAC5B,OAAK,MAAL,CAAY,WAAZ,EAAyB,EAAC,IAAI,SAAJ,EAA1B,EAD4B;CAAV,EAEpB,EAAC,MAAK,SAAL,EAFH;;;AAKA,OAAO,KAAP,CAAa,QAAb,EAAuB,YAAU;AAC7B,OAAK,MAAL,CAAY,OAAZ,EAAqB,EAAC,IAAI,SAAJ,EAAtB,EAD6B;CAAV,EAErB,EAAC,MAAK,OAAL,EAFH;;;AAKA,OAAO,KAAP,CAAa,QAAb,EAAuB,YAAU;AAC7B,OAAK,MAAL,CAAY,OAAZ,EAAqB,EAAC,IAAI,SAAJ,EAAtB,EAD6B;CAAV,EAErB,EAAC,MAAK,OAAL,EAFH;;AAKA,oBAAoB,6BAAU;AAC5B,MAAI,CAAC,OAAO,SAAP,EAAD,IAAuB,CAAC,OAAO,IAAP,EAAD,EAAiB;AAC1C,WAAO,EAAP,CAAU,QAAV,EAD0C;GAA5C,MAEO;AACL,SAAK,IAAL,GADK;GAFP;CADkB;;AAQpB,oBAAoB,6BAAU;AAC5B,MAAI,CAAC,OAAO,SAAP,EAAD,IAAuB,OAAO,IAAP,EAAvB,EAAsC;AACxC,WAAO,EAAP,CAAU,OAAV,EADwC;GAA1C,MAEO;AACL,SAAK,IAAL,GADK;AAEH,MAAE,WAAF,EAAe,SAAf,CAAyB,CAAzB,EAFG;GAFP;CADkB;;AASpB,OAAO,cAAP,CAAsB,iBAAtB,EAAyC;AACvC,UAAQ,CACN,OADM,CAAR;CADF;;AAMA,OAAO,cAAP,CAAsB,iBAAtB,EAAyC;AACvC,QAAM,CACH,OADG,CAAN;CADF","file":"/client/router/router.js.map","sourcesContent":["// Configure the router here\r\nRouter.configure({\r\n  layoutTemplate: 'applicationLayout'\r\n});\r\n\r\n// Here we defined the default route of the application\r\nRouter.route('/login', function(){\r\n    this.render(\"login\", {to: 'content'});\r\n},{name:'login'});\r\n\r\n// Here we defined the default route of the application\r\nRouter.route('/home', function(){\r\n    this.render(\"dashboard\", {to: 'content'});\r\n},{name:'default'});\r\n\r\n// Here we defined the default route of the application\r\nRouter.route('/page1', function(){\r\n    this.render(\"page1\", {to: 'content'});\r\n},{name:'page1'});\r\n\r\n// Here we defined the default route of the application\r\nRouter.route('/page2', function(){\r\n    this.render(\"page1\", {to: 'content'});\r\n},{name:'page2'});\r\n\r\n\r\ncheckUserLoggedIn = function(){\r\n  if( !Meteor.loggingIn() && !Meteor.user() ) {\r\n    Router.go('/login');\r\n  } else {\r\n    this.next();\r\n  }\r\n}\r\n\r\nuserAuthenticated = function(){\r\n  if( !Meteor.loggingIn() && Meteor.user() ){\r\n    Router.go('/home');\r\n  } else {\r\n    this.next();\r\n      $('html,body').scrollTop(0);\r\n  }\r\n}\r\n\r\nRouter.onBeforeAction(checkUserLoggedIn, {\r\n  except: [\r\n    'login'\r\n  ]\r\n});\r\n\r\nRouter.onBeforeAction(userAuthenticated, {\r\n  only: [\r\n     'login',\r\n   ]\r\n});\r\n"]},"hash":"5694c741e5b3d3b95ce2b91ccbc967b14e863185"}
