{"metadata":{"usedHelpers":[],"marked":[],"modules":{"imports":[],"exports":{"exported":[],"specifiers":[]}}},"options":{"filename":"/client/template/page1.js","filenameRelative":"/client/template/page1.js","env":{},"retainLines":false,"highlightCode":true,"suppressDeprecationMessages":false,"presets":[],"plugins":[[[],null],[[],null],[[],null],[[],null],[[],null],[[],null],[[],null],[[],{"polyfill":false}],[[],null],[[],null],[[],null],[[],null],[[],null],[[],null],[[],null],[[],null],[[],{"loose":true}],[[],{"loose":true}],[[],null],[[],{"loose":true}],[[],null],[[],null],[[],{"allowTopLevelThis":true,"strict":false,"loose":true}],[[],null],[[],null],[[],null],[[],null],[[],null],[[],{"loose":true}],[[],null],[[],null],[[],null],[[],null],[[],null],[[],null],[[],null],[[],null]],"ignore":[],"code":true,"metadata":true,"ast":false,"comments":true,"compact":false,"minified":false,"sourceMap":true,"sourceMaps":true,"sourceMapTarget":"/client/template/page1.js.map","sourceFileName":"/client/template/page1.js","babelrc":false,"sourceType":"module","moduleIds":false,"passPerPreset":false,"basename":"page1"},"ignored":false,"code":"Template.page1.onRendered(function () {\n  alert('Page1');\n});","ast":null,"map":{"version":3,"sources":["/client/template/page1.js"],"names":[],"mappings":"AAAA,SAAS,KAAT,CAAe,UAAf,CAA0B,YAAU;AAClC,QAAM,OAAN,EADkC;CAAV,CAA1B","file":"/client/template/page1.js.map","sourcesContent":["Template.page1.onRendered(function(){\r\n  alert('Page1');\r\n})\r\n"]},"hash":"5c00b1064e32c924cb7544fb4211215aed5ed815"}
