{"metadata":{"usedHelpers":["typeof","interopRequireDefault"],"marked":[],"modules":{"imports":[],"exports":{"exported":[],"specifiers":[]}}},"options":{"filename":"/client/lib/compatibility/slicklab/js/jquery.validate.min.js","filenameRelative":"/client/lib/compatibility/slicklab/js/jquery.validate.min.js","env":{},"retainLines":false,"highlightCode":true,"suppressDeprecationMessages":false,"presets":[],"plugins":[[[],null],[[],null],[[],null],[[],null],[[],null],[[],null],[[],null],[[],{"polyfill":false}],[[],null],[[],null],[[],null],[[],null],[[],null],[[],null],[[],null],[[],null],[[],{"loose":true}],[[],{"loose":true}],[[],null],[[],{"loose":true}],[[],null],[[],null],[[],{"allowTopLevelThis":true,"strict":false,"loose":true}],[[],null],[[],null],[[],null],[[],null],[[],null],[[],{"loose":true}],[[],null],[[],null],[[],null],[[],null],[[],null],[[],null],[[],null],[[],null]],"ignore":[],"code":true,"metadata":true,"ast":false,"comments":true,"compact":false,"minified":false,"sourceMap":true,"sourceMaps":true,"sourceMapTarget":"/client/lib/compatibility/slicklab/js/jquery.validate.min.js.map","sourceFileName":"/client/lib/compatibility/slicklab/js/jquery.validate.min.js","babelrc":false,"sourceType":"module","moduleIds":false,"passPerPreset":false,"basename":"jquery.validate.min"},"ignored":false,"code":"var _typeof2 = require(\"babel-runtime/helpers/typeof\");\n\nvar _typeof3 = _interopRequireDefault(_typeof2);\n\nfunction _interopRequireDefault(obj) { return obj && obj.__esModule ? obj : { \"default\": obj }; }\n\n/*! jQuery Validation Plugin - v1.13.1 - 10/14/2014\n * http://jqueryvalidation.org/\n * Copyright (c) 2014 Jörn Zaefferer; Licensed MIT */\n!function (a) {\n  \"function\" == typeof define && define.amd ? define([\"jquery\"], a) : a(jQuery);\n}(function (a) {\n  a.extend(a.fn, { validate: function () {\n      function validate(b) {\n        if (!this.length) return void (b && b.debug && window.console && console.warn(\"Nothing selected, can't validate, returning nothing.\"));var c = a.data(this[0], \"validator\");return c ? c : (this.attr(\"novalidate\", \"novalidate\"), c = new a.validator(b, this[0]), a.data(this[0], \"validator\", c), c.settings.onsubmit && (this.validateDelegate(\":submit\", \"click\", function (b) {\n          c.settings.submitHandler && (c.submitButton = b.target), a(b.target).hasClass(\"cancel\") && (c.cancelSubmit = !0), void 0 !== a(b.target).attr(\"formnovalidate\") && (c.cancelSubmit = !0);\n        }), this.submit(function (b) {\n          function d() {\n            var d, e;return c.settings.submitHandler ? (c.submitButton && (d = a(\"<input type='hidden'/>\").attr(\"name\", c.submitButton.name).val(a(c.submitButton).val()).appendTo(c.currentForm)), e = c.settings.submitHandler.call(c, c.currentForm, b), c.submitButton && d.remove(), void 0 !== e ? e : !1) : !0;\n          }return c.settings.debug && b.preventDefault(), c.cancelSubmit ? (c.cancelSubmit = !1, d()) : c.form() ? c.pendingRequest ? (c.formSubmitted = !0, !1) : d() : (c.focusInvalid(), !1);\n        })), c);\n      }\n\n      return validate;\n    }(), valid: function () {\n      function valid() {\n        var b, c;return a(this[0]).is(\"form\") ? b = this.validate().form() : (b = !0, c = a(this[0].form).validate(), this.each(function () {\n          b = c.element(this) && b;\n        })), b;\n      }\n\n      return valid;\n    }(), removeAttrs: function () {\n      function removeAttrs(b) {\n        var c = {},\n            d = this;return a.each(b.split(/\\s/), function (a, b) {\n          c[b] = d.attr(b), d.removeAttr(b);\n        }), c;\n      }\n\n      return removeAttrs;\n    }(), rules: function () {\n      function rules(b, c) {\n        var d,\n            e,\n            f,\n            g,\n            h,\n            i,\n            j = this[0];if (b) switch (d = a.data(j.form, \"validator\").settings, e = d.rules, f = a.validator.staticRules(j), b) {case \"add\":\n            a.extend(f, a.validator.normalizeRule(c)), delete f.messages, e[j.name] = f, c.messages && (d.messages[j.name] = a.extend(d.messages[j.name], c.messages));break;case \"remove\":\n            return c ? (i = {}, a.each(c.split(/\\s/), function (b, c) {\n              i[c] = f[c], delete f[c], \"required\" === c && a(j).removeAttr(\"aria-required\");\n            }), i) : (delete e[j.name], f);}return g = a.validator.normalizeRules(a.extend({}, a.validator.classRules(j), a.validator.attributeRules(j), a.validator.dataRules(j), a.validator.staticRules(j)), j), g.required && (h = g.required, delete g.required, g = a.extend({ required: h }, g), a(j).attr(\"aria-required\", \"true\")), g.remote && (h = g.remote, delete g.remote, g = a.extend(g, { remote: h })), g;\n      }\n\n      return rules;\n    }() }), a.extend(a.expr[\":\"], { blank: function () {\n      function blank(b) {\n        return !a.trim(\"\" + a(b).val());\n      }\n\n      return blank;\n    }(), filled: function () {\n      function filled(b) {\n        return !!a.trim(\"\" + a(b).val());\n      }\n\n      return filled;\n    }(), unchecked: function () {\n      function unchecked(b) {\n        return !a(b).prop(\"checked\");\n      }\n\n      return unchecked;\n    }() }), a.validator = function (b, c) {\n    this.settings = a.extend(!0, {}, a.validator.defaults, b), this.currentForm = c, this.init();\n  }, a.validator.format = function (b, c) {\n    return 1 === arguments.length ? function () {\n      var c = a.makeArray(arguments);return c.unshift(b), a.validator.format.apply(this, c);\n    } : (arguments.length > 2 && c.constructor !== Array && (c = a.makeArray(arguments).slice(1)), c.constructor !== Array && (c = [c]), a.each(c, function (a, c) {\n      b = b.replace(new RegExp(\"\\\\{\" + a + \"\\\\}\", \"g\"), function () {\n        return c;\n      });\n    }), b);\n  }, a.extend(a.validator, { defaults: { messages: {}, groups: {}, rules: {}, errorClass: \"error\", validClass: \"valid\", errorElement: \"label\", focusCleanup: !1, focusInvalid: !0, errorContainer: a([]), errorLabelContainer: a([]), onsubmit: !0, ignore: \":hidden\", ignoreTitle: !1, onfocusin: function () {\n        function onfocusin(a) {\n          this.lastActive = a, this.settings.focusCleanup && (this.settings.unhighlight && this.settings.unhighlight.call(this, a, this.settings.errorClass, this.settings.validClass), this.hideThese(this.errorsFor(a)));\n        }\n\n        return onfocusin;\n      }(), onfocusout: function () {\n        function onfocusout(a) {\n          this.checkable(a) || !(a.name in this.submitted) && this.optional(a) || this.element(a);\n        }\n\n        return onfocusout;\n      }(), onkeyup: function () {\n        function onkeyup(a, b) {\n          (9 !== b.which || \"\" !== this.elementValue(a)) && (a.name in this.submitted || a === this.lastElement) && this.element(a);\n        }\n\n        return onkeyup;\n      }(), onclick: function () {\n        function onclick(a) {\n          a.name in this.submitted ? this.element(a) : a.parentNode.name in this.submitted && this.element(a.parentNode);\n        }\n\n        return onclick;\n      }(), highlight: function () {\n        function highlight(b, c, d) {\n          \"radio\" === b.type ? this.findByName(b.name).addClass(c).removeClass(d) : a(b).addClass(c).removeClass(d);\n        }\n\n        return highlight;\n      }(), unhighlight: function () {\n        function unhighlight(b, c, d) {\n          \"radio\" === b.type ? this.findByName(b.name).removeClass(c).addClass(d) : a(b).removeClass(c).addClass(d);\n        }\n\n        return unhighlight;\n      }() }, setDefaults: function () {\n      function setDefaults(b) {\n        a.extend(a.validator.defaults, b);\n      }\n\n      return setDefaults;\n    }(), messages: { required: \"This field is required.\", remote: \"Please fix this field.\", email: \"Please enter a valid email address.\", url: \"Please enter a valid URL.\", date: \"Please enter a valid date.\", dateISO: \"Please enter a valid date ( ISO ).\", number: \"Please enter a valid number.\", digits: \"Please enter only digits.\", creditcard: \"Please enter a valid credit card number.\", equalTo: \"Please enter the same value again.\", maxlength: a.validator.format(\"Please enter no more than {0} characters.\"), minlength: a.validator.format(\"Please enter at least {0} characters.\"), rangelength: a.validator.format(\"Please enter a value between {0} and {1} characters long.\"), range: a.validator.format(\"Please enter a value between {0} and {1}.\"), max: a.validator.format(\"Please enter a value less than or equal to {0}.\"), min: a.validator.format(\"Please enter a value greater than or equal to {0}.\") }, autoCreateRanges: !1, prototype: { init: function () {\n        function init() {\n          function b(b) {\n            var c = a.data(this[0].form, \"validator\"),\n                d = \"on\" + b.type.replace(/^validate/, \"\"),\n                e = c.settings;e[d] && !this.is(e.ignore) && e[d].call(c, this[0], b);\n          }this.labelContainer = a(this.settings.errorLabelContainer), this.errorContext = this.labelContainer.length && this.labelContainer || a(this.currentForm), this.containers = a(this.settings.errorContainer).add(this.settings.errorLabelContainer), this.submitted = {}, this.valueCache = {}, this.pendingRequest = 0, this.pending = {}, this.invalid = {}, this.reset();var c,\n              d = this.groups = {};a.each(this.settings.groups, function (b, c) {\n            \"string\" == typeof c && (c = c.split(/\\s/)), a.each(c, function (a, c) {\n              d[c] = b;\n            });\n          }), c = this.settings.rules, a.each(c, function (b, d) {\n            c[b] = a.validator.normalizeRule(d);\n          }), a(this.currentForm).validateDelegate(\":text, [type='password'], [type='file'], select, textarea, [type='number'], [type='search'] ,[type='tel'], [type='url'], [type='email'], [type='datetime'], [type='date'], [type='month'], [type='week'], [type='time'], [type='datetime-local'], [type='range'], [type='color'], [type='radio'], [type='checkbox']\", \"focusin focusout keyup\", b).validateDelegate(\"select, option, [type='radio'], [type='checkbox']\", \"click\", b), this.settings.invalidHandler && a(this.currentForm).bind(\"invalid-form.validate\", this.settings.invalidHandler), a(this.currentForm).find(\"[required], [data-rule-required], .required\").attr(\"aria-required\", \"true\");\n        }\n\n        return init;\n      }(), form: function () {\n        function form() {\n          return this.checkForm(), a.extend(this.submitted, this.errorMap), this.invalid = a.extend({}, this.errorMap), this.valid() || a(this.currentForm).triggerHandler(\"invalid-form\", [this]), this.showErrors(), this.valid();\n        }\n\n        return form;\n      }(), checkForm: function () {\n        function checkForm() {\n          this.prepareForm();for (var a = 0, b = this.currentElements = this.elements(); b[a]; a++) {\n            this.check(b[a]);\n          }return this.valid();\n        }\n\n        return checkForm;\n      }(), element: function () {\n        function element(b) {\n          var c = this.clean(b),\n              d = this.validationTargetFor(c),\n              e = !0;return this.lastElement = d, void 0 === d ? delete this.invalid[c.name] : (this.prepareElement(d), this.currentElements = a(d), e = this.check(d) !== !1, e ? delete this.invalid[d.name] : this.invalid[d.name] = !0), a(b).attr(\"aria-invalid\", !e), this.numberOfInvalids() || (this.toHide = this.toHide.add(this.containers)), this.showErrors(), e;\n        }\n\n        return element;\n      }(), showErrors: function () {\n        function showErrors(b) {\n          if (b) {\n            a.extend(this.errorMap, b), this.errorList = [];for (var c in meteorBabelHelpers.sanitizeForInObject(b)) {\n              this.errorList.push({ message: b[c], element: this.findByName(c)[0] });\n            }this.successList = a.grep(this.successList, function (a) {\n              return !(a.name in b);\n            });\n          }this.settings.showErrors ? this.settings.showErrors.call(this, this.errorMap, this.errorList) : this.defaultShowErrors();\n        }\n\n        return showErrors;\n      }(), resetForm: function () {\n        function resetForm() {\n          a.fn.resetForm && a(this.currentForm).resetForm(), this.submitted = {}, this.lastElement = null, this.prepareForm(), this.hideErrors(), this.elements().removeClass(this.settings.errorClass).removeData(\"previousValue\").removeAttr(\"aria-invalid\");\n        }\n\n        return resetForm;\n      }(), numberOfInvalids: function () {\n        function numberOfInvalids() {\n          return this.objectLength(this.invalid);\n        }\n\n        return numberOfInvalids;\n      }(), objectLength: function () {\n        function objectLength(a) {\n          var b,\n              c = 0;for (b in meteorBabelHelpers.sanitizeForInObject(a)) {\n            c++;\n          }return c;\n        }\n\n        return objectLength;\n      }(), hideErrors: function () {\n        function hideErrors() {\n          this.hideThese(this.toHide);\n        }\n\n        return hideErrors;\n      }(), hideThese: function () {\n        function hideThese(a) {\n          a.not(this.containers).text(\"\"), this.addWrapper(a).hide();\n        }\n\n        return hideThese;\n      }(), valid: function () {\n        function valid() {\n          return 0 === this.size();\n        }\n\n        return valid;\n      }(), size: function () {\n        function size() {\n          return this.errorList.length;\n        }\n\n        return size;\n      }(), focusInvalid: function () {\n        function focusInvalid() {\n          if (this.settings.focusInvalid) try {\n            a(this.findLastActive() || this.errorList.length && this.errorList[0].element || []).filter(\":visible\").focus().trigger(\"focusin\");\n          } catch (b) {}\n        }\n\n        return focusInvalid;\n      }(), findLastActive: function () {\n        function findLastActive() {\n          var b = this.lastActive;return b && 1 === a.grep(this.errorList, function (a) {\n            return a.element.name === b.name;\n          }).length && b;\n        }\n\n        return findLastActive;\n      }(), elements: function () {\n        function elements() {\n          var b = this,\n              c = {};return a(this.currentForm).find(\"input, select, textarea\").not(\":submit, :reset, :image, [disabled], [readonly]\").not(this.settings.ignore).filter(function () {\n            return !this.name && b.settings.debug && window.console && console.error(\"%o has no name assigned\", this), this.name in c || !b.objectLength(a(this).rules()) ? !1 : (c[this.name] = !0, !0);\n          });\n        }\n\n        return elements;\n      }(), clean: function () {\n        function clean(b) {\n          return a(b)[0];\n        }\n\n        return clean;\n      }(), errors: function () {\n        function errors() {\n          var b = this.settings.errorClass.split(\" \").join(\".\");return a(this.settings.errorElement + \".\" + b, this.errorContext);\n        }\n\n        return errors;\n      }(), reset: function () {\n        function reset() {\n          this.successList = [], this.errorList = [], this.errorMap = {}, this.toShow = a([]), this.toHide = a([]), this.currentElements = a([]);\n        }\n\n        return reset;\n      }(), prepareForm: function () {\n        function prepareForm() {\n          this.reset(), this.toHide = this.errors().add(this.containers);\n        }\n\n        return prepareForm;\n      }(), prepareElement: function () {\n        function prepareElement(a) {\n          this.reset(), this.toHide = this.errorsFor(a);\n        }\n\n        return prepareElement;\n      }(), elementValue: function () {\n        function elementValue(b) {\n          var c,\n              d = a(b),\n              e = b.type;return \"radio\" === e || \"checkbox\" === e ? a(\"input[name='\" + b.name + \"']:checked\").val() : \"number\" === e && \"undefined\" != typeof b.validity ? b.validity.badInput ? !1 : d.val() : (c = d.val(), \"string\" == typeof c ? c.replace(/\\r/g, \"\") : c);\n        }\n\n        return elementValue;\n      }(), check: function () {\n        function check(b) {\n          b = this.validationTargetFor(this.clean(b));var c,\n              d,\n              e,\n              f = a(b).rules(),\n              g = a.map(f, function (a, b) {\n            return b;\n          }).length,\n              h = !1,\n              i = this.elementValue(b);for (d in meteorBabelHelpers.sanitizeForInObject(f)) {\n            e = { method: d, parameters: f[d] };try {\n              if (c = a.validator.methods[d].call(this, i, b, e.parameters), \"dependency-mismatch\" === c && 1 === g) {\n                h = !0;continue;\n              }if (h = !1, \"pending\" === c) return void (this.toHide = this.toHide.not(this.errorsFor(b)));if (!c) return this.formatAndAdd(b, e), !1;\n            } catch (j) {\n              throw this.settings.debug && window.console && console.log(\"Exception occurred when checking element \" + b.id + \", check the '\" + e.method + \"' method.\", j), j;\n            }\n          }if (!h) return this.objectLength(f) && this.successList.push(b), !0;\n        }\n\n        return check;\n      }(), customDataMessage: function () {\n        function customDataMessage(b, c) {\n          return a(b).data(\"msg\" + c.charAt(0).toUpperCase() + c.substring(1).toLowerCase()) || a(b).data(\"msg\");\n        }\n\n        return customDataMessage;\n      }(), customMessage: function () {\n        function customMessage(a, b) {\n          var c = this.settings.messages[a];return c && (c.constructor === String ? c : c[b]);\n        }\n\n        return customMessage;\n      }(), findDefined: function () {\n        function findDefined() {\n          for (var a = 0; a < arguments.length; a++) {\n            if (void 0 !== arguments[a]) return arguments[a];\n          }return void 0;\n        }\n\n        return findDefined;\n      }(), defaultMessage: function () {\n        function defaultMessage(b, c) {\n          return this.findDefined(this.customMessage(b.name, c), this.customDataMessage(b, c), !this.settings.ignoreTitle && b.title || void 0, a.validator.messages[c], \"<strong>Warning: No message defined for \" + b.name + \"</strong>\");\n        }\n\n        return defaultMessage;\n      }(), formatAndAdd: function () {\n        function formatAndAdd(b, c) {\n          var d = this.defaultMessage(b, c.method),\n              e = /\\$?\\{(\\d+)\\}/g;\"function\" == typeof d ? d = d.call(this, c.parameters, b) : e.test(d) && (d = a.validator.format(d.replace(e, \"{$1}\"), c.parameters)), this.errorList.push({ message: d, element: b, method: c.method }), this.errorMap[b.name] = d, this.submitted[b.name] = d;\n        }\n\n        return formatAndAdd;\n      }(), addWrapper: function () {\n        function addWrapper(a) {\n          return this.settings.wrapper && (a = a.add(a.parent(this.settings.wrapper))), a;\n        }\n\n        return addWrapper;\n      }(), defaultShowErrors: function () {\n        function defaultShowErrors() {\n          var a, b, c;for (a = 0; this.errorList[a]; a++) {\n            c = this.errorList[a], this.settings.highlight && this.settings.highlight.call(this, c.element, this.settings.errorClass, this.settings.validClass), this.showLabel(c.element, c.message);\n          }if (this.errorList.length && (this.toShow = this.toShow.add(this.containers)), this.settings.success) for (a = 0; this.successList[a]; a++) {\n            this.showLabel(this.successList[a]);\n          }if (this.settings.unhighlight) for (a = 0, b = this.validElements(); b[a]; a++) {\n            this.settings.unhighlight.call(this, b[a], this.settings.errorClass, this.settings.validClass);\n          }this.toHide = this.toHide.not(this.toShow), this.hideErrors(), this.addWrapper(this.toShow).show();\n        }\n\n        return defaultShowErrors;\n      }(), validElements: function () {\n        function validElements() {\n          return this.currentElements.not(this.invalidElements());\n        }\n\n        return validElements;\n      }(), invalidElements: function () {\n        function invalidElements() {\n          return a(this.errorList).map(function () {\n            return this.element;\n          });\n        }\n\n        return invalidElements;\n      }(), showLabel: function () {\n        function showLabel(b, c) {\n          var d,\n              e,\n              f,\n              g = this.errorsFor(b),\n              h = this.idOrName(b),\n              i = a(b).attr(\"aria-describedby\");g.length ? (g.removeClass(this.settings.validClass).addClass(this.settings.errorClass), g.html(c)) : (g = a(\"<\" + this.settings.errorElement + \">\").attr(\"id\", h + \"-error\").addClass(this.settings.errorClass).html(c || \"\"), d = g, this.settings.wrapper && (d = g.hide().show().wrap(\"<\" + this.settings.wrapper + \"/>\").parent()), this.labelContainer.length ? this.labelContainer.append(d) : this.settings.errorPlacement ? this.settings.errorPlacement(d, a(b)) : d.insertAfter(b), g.is(\"label\") ? g.attr(\"for\", h) : 0 === g.parents(\"label[for='\" + h + \"']\").length && (f = g.attr(\"id\").replace(/(:|\\.|\\[|\\])/g, \"\\\\$1\"), i ? i.match(new RegExp(\"\\\\b\" + f + \"\\\\b\")) || (i += \" \" + f) : i = f, a(b).attr(\"aria-describedby\", i), e = this.groups[b.name], e && a.each(this.groups, function (b, c) {\n            c === e && a(\"[name='\" + b + \"']\", this.currentForm).attr(\"aria-describedby\", g.attr(\"id\"));\n          }))), !c && this.settings.success && (g.text(\"\"), \"string\" == typeof this.settings.success ? g.addClass(this.settings.success) : this.settings.success(g, b)), this.toShow = this.toShow.add(g);\n        }\n\n        return showLabel;\n      }(), errorsFor: function () {\n        function errorsFor(b) {\n          var c = this.idOrName(b),\n              d = a(b).attr(\"aria-describedby\"),\n              e = \"label[for='\" + c + \"'], label[for='\" + c + \"'] *\";return d && (e = e + \", #\" + d.replace(/\\s+/g, \", #\")), this.errors().filter(e);\n        }\n\n        return errorsFor;\n      }(), idOrName: function () {\n        function idOrName(a) {\n          return this.groups[a.name] || (this.checkable(a) ? a.name : a.id || a.name);\n        }\n\n        return idOrName;\n      }(), validationTargetFor: function () {\n        function validationTargetFor(b) {\n          return this.checkable(b) && (b = this.findByName(b.name)), a(b).not(this.settings.ignore)[0];\n        }\n\n        return validationTargetFor;\n      }(), checkable: function () {\n        function checkable(a) {\n          return (/radio|checkbox/i.test(a.type)\n          );\n        }\n\n        return checkable;\n      }(), findByName: function () {\n        function findByName(b) {\n          return a(this.currentForm).find(\"[name='\" + b + \"']\");\n        }\n\n        return findByName;\n      }(), getLength: function () {\n        function getLength(b, c) {\n          switch (c.nodeName.toLowerCase()) {case \"select\":\n              return a(\"option:selected\", c).length;case \"input\":\n              if (this.checkable(c)) return this.findByName(c.name).filter(\":checked\").length;}return b.length;\n        }\n\n        return getLength;\n      }(), depend: function () {\n        function depend(a, b) {\n          return this.dependTypes[typeof a === \"undefined\" ? \"undefined\" : (0, _typeof3[\"default\"])(a)] ? this.dependTypes[typeof a === \"undefined\" ? \"undefined\" : (0, _typeof3[\"default\"])(a)](a, b) : !0;\n        }\n\n        return depend;\n      }(), dependTypes: { \"boolean\": function () {\n          function boolean(a) {\n            return a;\n          }\n\n          return boolean;\n        }(), string: function () {\n          function string(b, c) {\n            return !!a(b, c.form).length;\n          }\n\n          return string;\n        }(), \"function\": function () {\n          function _function(a, b) {\n            return a(b);\n          }\n\n          return _function;\n        }() }, optional: function () {\n        function optional(b) {\n          var c = this.elementValue(b);return !a.validator.methods.required.call(this, c, b) && \"dependency-mismatch\";\n        }\n\n        return optional;\n      }(), startRequest: function () {\n        function startRequest(a) {\n          this.pending[a.name] || (this.pendingRequest++, this.pending[a.name] = !0);\n        }\n\n        return startRequest;\n      }(), stopRequest: function () {\n        function stopRequest(b, c) {\n          this.pendingRequest--, this.pendingRequest < 0 && (this.pendingRequest = 0), delete this.pending[b.name], c && 0 === this.pendingRequest && this.formSubmitted && this.form() ? (a(this.currentForm).submit(), this.formSubmitted = !1) : !c && 0 === this.pendingRequest && this.formSubmitted && (a(this.currentForm).triggerHandler(\"invalid-form\", [this]), this.formSubmitted = !1);\n        }\n\n        return stopRequest;\n      }(), previousValue: function () {\n        function previousValue(b) {\n          return a.data(b, \"previousValue\") || a.data(b, \"previousValue\", { old: null, valid: !0, message: this.defaultMessage(b, \"remote\") });\n        }\n\n        return previousValue;\n      }() }, classRuleSettings: { required: { required: !0 }, email: { email: !0 }, url: { url: !0 }, date: { date: !0 }, dateISO: { dateISO: !0 }, number: { number: !0 }, digits: { digits: !0 }, creditcard: { creditcard: !0 } }, addClassRules: function () {\n      function addClassRules(b, c) {\n        b.constructor === String ? this.classRuleSettings[b] = c : a.extend(this.classRuleSettings, b);\n      }\n\n      return addClassRules;\n    }(), classRules: function () {\n      function classRules(b) {\n        var c = {},\n            d = a(b).attr(\"class\");return d && a.each(d.split(\" \"), function () {\n          this in a.validator.classRuleSettings && a.extend(c, a.validator.classRuleSettings[this]);\n        }), c;\n      }\n\n      return classRules;\n    }(), attributeRules: function () {\n      function attributeRules(b) {\n        var c,\n            d,\n            e = {},\n            f = a(b),\n            g = b.getAttribute(\"type\");for (c in meteorBabelHelpers.sanitizeForInObject(a.validator.methods)) {\n          \"required\" === c ? (d = b.getAttribute(c), \"\" === d && (d = !0), d = !!d) : d = f.attr(c), /min|max/.test(c) && (null === g || /number|range|text/.test(g)) && (d = Number(d)), d || 0 === d ? e[c] = d : g === c && \"range\" !== g && (e[c] = !0);\n        }return e.maxlength && /-1|2147483647|524288/.test(e.maxlength) && delete e.maxlength, e;\n      }\n\n      return attributeRules;\n    }(), dataRules: function () {\n      function dataRules(b) {\n        var c,\n            d,\n            e = {},\n            f = a(b);for (c in meteorBabelHelpers.sanitizeForInObject(a.validator.methods)) {\n          d = f.data(\"rule\" + c.charAt(0).toUpperCase() + c.substring(1).toLowerCase()), void 0 !== d && (e[c] = d);\n        }return e;\n      }\n\n      return dataRules;\n    }(), staticRules: function () {\n      function staticRules(b) {\n        var c = {},\n            d = a.data(b.form, \"validator\");return d.settings.rules && (c = a.validator.normalizeRule(d.settings.rules[b.name]) || {}), c;\n      }\n\n      return staticRules;\n    }(), normalizeRules: function () {\n      function normalizeRules(b, c) {\n        return a.each(b, function (d, e) {\n          if (e === !1) return void delete b[d];if (e.param || e.depends) {\n            var f = !0;switch ((0, _typeof3[\"default\"])(e.depends)) {case \"string\":\n                f = !!a(e.depends, c.form).length;break;case \"function\":\n                f = e.depends.call(c, c);}f ? b[d] = void 0 !== e.param ? e.param : !0 : delete b[d];\n          }\n        }), a.each(b, function (d, e) {\n          b[d] = a.isFunction(e) ? e(c) : e;\n        }), a.each([\"minlength\", \"maxlength\"], function () {\n          b[this] && (b[this] = Number(b[this]));\n        }), a.each([\"rangelength\", \"range\"], function () {\n          var c;b[this] && (a.isArray(b[this]) ? b[this] = [Number(b[this][0]), Number(b[this][1])] : \"string\" == typeof b[this] && (c = b[this].replace(/[\\[\\]]/g, \"\").split(/[\\s,]+/), b[this] = [Number(c[0]), Number(c[1])]));\n        }), a.validator.autoCreateRanges && (null != b.min && null != b.max && (b.range = [b.min, b.max], delete b.min, delete b.max), null != b.minlength && null != b.maxlength && (b.rangelength = [b.minlength, b.maxlength], delete b.minlength, delete b.maxlength)), b;\n      }\n\n      return normalizeRules;\n    }(), normalizeRule: function () {\n      function normalizeRule(b) {\n        if (\"string\" == typeof b) {\n          var c = {};a.each(b.split(/\\s/), function () {\n            c[this] = !0;\n          }), b = c;\n        }return b;\n      }\n\n      return normalizeRule;\n    }(), addMethod: function () {\n      function addMethod(b, c, d) {\n        a.validator.methods[b] = c, a.validator.messages[b] = void 0 !== d ? d : a.validator.messages[b], c.length < 3 && a.validator.addClassRules(b, a.validator.normalizeRule(b));\n      }\n\n      return addMethod;\n    }(), methods: { required: function () {\n        function required(b, c, d) {\n          if (!this.depend(d, c)) return \"dependency-mismatch\";if (\"select\" === c.nodeName.toLowerCase()) {\n            var e = a(c).val();return e && e.length > 0;\n          }return this.checkable(c) ? this.getLength(b, c) > 0 : a.trim(b).length > 0;\n        }\n\n        return required;\n      }(), email: function () {\n        function email(a, b) {\n          return this.optional(b) || /^[a-zA-Z0-9.!#$%&'*+\\/=?^_`{|}~-]+@[a-zA-Z0-9](?:[a-zA-Z0-9-]{0,61}[a-zA-Z0-9])?(?:\\.[a-zA-Z0-9](?:[a-zA-Z0-9-]{0,61}[a-zA-Z0-9])?)*$/.test(a);\n        }\n\n        return email;\n      }(), url: function () {\n        function url(a, b) {\n          return this.optional(b) || /^(https?|s?ftp):\\/\\/(((([a-z]|\\d|-|\\.|_|~|[\\u00A0-\\uD7FF\\uF900-\\uFDCF\\uFDF0-\\uFFEF])|(%[\\da-f]{2})|[!\\$&'\\(\\)\\*\\+,;=]|:)*@)?(((\\d|[1-9]\\d|1\\d\\d|2[0-4]\\d|25[0-5])\\.(\\d|[1-9]\\d|1\\d\\d|2[0-4]\\d|25[0-5])\\.(\\d|[1-9]\\d|1\\d\\d|2[0-4]\\d|25[0-5])\\.(\\d|[1-9]\\d|1\\d\\d|2[0-4]\\d|25[0-5]))|((([a-z]|\\d|[\\u00A0-\\uD7FF\\uF900-\\uFDCF\\uFDF0-\\uFFEF])|(([a-z]|\\d|[\\u00A0-\\uD7FF\\uF900-\\uFDCF\\uFDF0-\\uFFEF])([a-z]|\\d|-|\\.|_|~|[\\u00A0-\\uD7FF\\uF900-\\uFDCF\\uFDF0-\\uFFEF])*([a-z]|\\d|[\\u00A0-\\uD7FF\\uF900-\\uFDCF\\uFDF0-\\uFFEF])))\\.)+(([a-z]|[\\u00A0-\\uD7FF\\uF900-\\uFDCF\\uFDF0-\\uFFEF])|(([a-z]|[\\u00A0-\\uD7FF\\uF900-\\uFDCF\\uFDF0-\\uFFEF])([a-z]|\\d|-|\\.|_|~|[\\u00A0-\\uD7FF\\uF900-\\uFDCF\\uFDF0-\\uFFEF])*([a-z]|[\\u00A0-\\uD7FF\\uF900-\\uFDCF\\uFDF0-\\uFFEF])))\\.?)(:\\d*)?)(\\/((([a-z]|\\d|-|\\.|_|~|[\\u00A0-\\uD7FF\\uF900-\\uFDCF\\uFDF0-\\uFFEF])|(%[\\da-f]{2})|[!\\$&'\\(\\)\\*\\+,;=]|:|@)+(\\/(([a-z]|\\d|-|\\.|_|~|[\\u00A0-\\uD7FF\\uF900-\\uFDCF\\uFDF0-\\uFFEF])|(%[\\da-f]{2})|[!\\$&'\\(\\)\\*\\+,;=]|:|@)*)*)?)?(\\?((([a-z]|\\d|-|\\.|_|~|[\\u00A0-\\uD7FF\\uF900-\\uFDCF\\uFDF0-\\uFFEF])|(%[\\da-f]{2})|[!\\$&'\\(\\)\\*\\+,;=]|:|@)|[\\uE000-\\uF8FF]|\\/|\\?)*)?(#((([a-z]|\\d|-|\\.|_|~|[\\u00A0-\\uD7FF\\uF900-\\uFDCF\\uFDF0-\\uFFEF])|(%[\\da-f]{2})|[!\\$&'\\(\\)\\*\\+,;=]|:|@)|\\/|\\?)*)?$/i.test(a);\n        }\n\n        return url;\n      }(), date: function () {\n        function date(a, b) {\n          return this.optional(b) || !/Invalid|NaN/.test(new Date(a).toString());\n        }\n\n        return date;\n      }(), dateISO: function () {\n        function dateISO(a, b) {\n          return this.optional(b) || /^\\d{4}[\\/\\-](0?[1-9]|1[012])[\\/\\-](0?[1-9]|[12][0-9]|3[01])$/.test(a);\n        }\n\n        return dateISO;\n      }(), number: function () {\n        function number(a, b) {\n          return this.optional(b) || /^-?(?:\\d+|\\d{1,3}(?:,\\d{3})+)?(?:\\.\\d+)?$/.test(a);\n        }\n\n        return number;\n      }(), digits: function () {\n        function digits(a, b) {\n          return this.optional(b) || /^\\d+$/.test(a);\n        }\n\n        return digits;\n      }(), creditcard: function () {\n        function creditcard(a, b) {\n          if (this.optional(b)) return \"dependency-mismatch\";if (/[^0-9 \\-]+/.test(a)) return !1;var c,\n              d,\n              e = 0,\n              f = 0,\n              g = !1;if (a = a.replace(/\\D/g, \"\"), a.length < 13 || a.length > 19) return !1;for (c = a.length - 1; c >= 0; c--) {\n            d = a.charAt(c), f = parseInt(d, 10), g && (f *= 2) > 9 && (f -= 9), e += f, g = !g;\n          }return e % 10 === 0;\n        }\n\n        return creditcard;\n      }(), minlength: function () {\n        function minlength(b, c, d) {\n          var e = a.isArray(b) ? b.length : this.getLength(b, c);return this.optional(c) || e >= d;\n        }\n\n        return minlength;\n      }(), maxlength: function () {\n        function maxlength(b, c, d) {\n          var e = a.isArray(b) ? b.length : this.getLength(b, c);return this.optional(c) || d >= e;\n        }\n\n        return maxlength;\n      }(), rangelength: function () {\n        function rangelength(b, c, d) {\n          var e = a.isArray(b) ? b.length : this.getLength(b, c);return this.optional(c) || e >= d[0] && e <= d[1];\n        }\n\n        return rangelength;\n      }(), min: function () {\n        function min(a, b, c) {\n          return this.optional(b) || a >= c;\n        }\n\n        return min;\n      }(), max: function () {\n        function max(a, b, c) {\n          return this.optional(b) || c >= a;\n        }\n\n        return max;\n      }(), range: function () {\n        function range(a, b, c) {\n          return this.optional(b) || a >= c[0] && a <= c[1];\n        }\n\n        return range;\n      }(), equalTo: function () {\n        function equalTo(b, c, d) {\n          var e = a(d);return this.settings.onfocusout && e.unbind(\".validate-equalTo\").bind(\"blur.validate-equalTo\", function () {\n            a(c).valid();\n          }), b === e.val();\n        }\n\n        return equalTo;\n      }(), remote: function () {\n        function remote(b, c, d) {\n          if (this.optional(c)) return \"dependency-mismatch\";var e,\n              f,\n              g = this.previousValue(c);return this.settings.messages[c.name] || (this.settings.messages[c.name] = {}), g.originalMessage = this.settings.messages[c.name].remote, this.settings.messages[c.name].remote = g.message, d = \"string\" == typeof d && { url: d } || d, g.old === b ? g.valid : (g.old = b, e = this, this.startRequest(c), f = {}, f[c.name] = b, a.ajax(a.extend(!0, { url: d, mode: \"abort\", port: \"validate\" + c.name, dataType: \"json\", data: f, context: e.currentForm, success: function () {\n              function success(d) {\n                var f,\n                    h,\n                    i,\n                    j = d === !0 || \"true\" === d;e.settings.messages[c.name].remote = g.originalMessage, j ? (i = e.formSubmitted, e.prepareElement(c), e.formSubmitted = i, e.successList.push(c), delete e.invalid[c.name], e.showErrors()) : (f = {}, h = d || e.defaultMessage(c, \"remote\"), f[c.name] = g.message = a.isFunction(h) ? h(b) : h, e.invalid[c.name] = !0, e.showErrors(f)), g.valid = j, e.stopRequest(c, j);\n              }\n\n              return success;\n            }() }, d)), \"pending\");\n        }\n\n        return remote;\n      }() } }), a.format = function () {\n    throw \"$.format has been deprecated. Please use $.validator.format instead.\";\n  };var b,\n      c = {};a.ajaxPrefilter ? a.ajaxPrefilter(function (a, b, d) {\n    var e = a.port;\"abort\" === a.mode && (c[e] && c[e].abort(), c[e] = d);\n  }) : (b = a.ajax, a.ajax = function (d) {\n    var e = (\"mode\" in d ? d : a.ajaxSettings).mode,\n        f = (\"port\" in d ? d : a.ajaxSettings).port;return \"abort\" === e ? (c[f] && c[f].abort(), c[f] = b.apply(this, arguments), c[f]) : b.apply(this, arguments);\n  }), a.extend(a.fn, { validateDelegate: function () {\n      function validateDelegate(b, c, d) {\n        return this.bind(c, function (c) {\n          var e = a(c.target);return e.is(b) ? d.apply(e, arguments) : void 0;\n        });\n      }\n\n      return validateDelegate;\n    }() });\n});","ast":null,"map":{"version":3,"sources":["/client/lib/compatibility/slicklab/js/jquery.validate.min.js"],"names":[],"mappings":";;;;;;;;;AAGA,CAAC,UAAS,CAAT,EAAW;AAAC,gBAAY,OAAO,MAAP,IAAe,OAAO,GAAP,GAAW,OAAO,CAAC,QAAD,CAAP,EAAkB,CAAlB,CAAtC,GAA2D,EAAE,MAAF,CAA3D,CAAD;CAAX,CAAkF,UAAS,CAAT,EAAW;AAAC,IAAE,MAAF,CAAS,EAAE,EAAF,EAAK,EAAC;AAAS,wBAAS,CAAT,EAAW;AAAC,YAAG,CAAC,KAAK,MAAL,EAAY,OAAO,MAAK,KAAG,EAAE,KAAF,IAAS,OAAO,OAAP,IAAgB,QAAQ,IAAR,CAAa,sDAAb,CAA5B,CAAL,CAAvB,IAAkI,IAAE,EAAE,IAAF,CAAO,KAAK,CAAL,CAAP,EAAe,WAAf,CAAF,CAAnI,OAAwK,IAAE,CAAF,IAAK,KAAK,IAAL,CAAU,YAAV,EAAuB,YAAvB,GAAqC,IAAE,IAAI,EAAE,SAAF,CAAY,CAAhB,EAAkB,KAAK,CAAL,CAAlB,CAAF,EAA6B,EAAE,IAAF,CAAO,KAAK,CAAL,CAAP,EAAe,WAAf,EAA2B,CAA3B,CAAlE,EAAgG,EAAE,QAAF,CAAW,QAAX,KAAsB,KAAK,gBAAL,CAAsB,SAAtB,EAAgC,OAAhC,EAAwC,UAAS,CAAT,EAAW;AAAC,YAAE,QAAF,CAAW,aAAX,KAA2B,EAAE,YAAF,GAAe,EAAE,MAAF,CAA1C,EAAoD,EAAE,EAAE,MAAF,CAAF,CAAY,QAAZ,CAAqB,QAArB,MAAiC,EAAE,YAAF,GAAe,CAAC,CAAD,CAAhD,EAAoD,KAAK,CAAL,KAAS,EAAE,EAAE,MAAF,CAAF,CAAY,IAAZ,CAAiB,gBAAjB,CAAT,KAA8C,EAAE,YAAF,GAAe,CAAC,CAAD,CAA7D,CAAzG;SAAX,CAAxC,EAA+N,KAAK,MAAL,CAAY,UAAS,CAAT,EAAW;AAAC,mBAAS,CAAT,GAAY;AAAC,gBAAI,CAAJ,EAAM,CAAN,CAAD,OAAgB,EAAE,QAAF,CAAW,aAAX,IAA0B,EAAE,YAAF,KAAiB,IAAE,EAAE,wBAAF,EAA4B,IAA5B,CAAiC,MAAjC,EAAwC,EAAE,YAAF,CAAe,IAAf,CAAxC,CAA6D,GAA7D,CAAiE,EAAE,EAAE,YAAF,CAAF,CAAkB,GAAlB,EAAjE,EAA0F,QAA1F,CAAmG,EAAE,WAAF,CAArG,CAAjB,EAAsI,IAAE,EAAE,QAAF,CAAW,aAAX,CAAyB,IAAzB,CAA8B,CAA9B,EAAgC,EAAE,WAAF,EAAc,CAA9C,CAAF,EAAmD,EAAE,YAAF,IAAgB,EAAE,MAAF,EAAhB,EAA2B,KAAK,CAAL,KAAS,CAAT,GAAW,CAAX,GAAa,CAAC,CAAD,CAA3P,GAA+P,CAAC,CAAD,CAA/Q;WAAZ,OAAqS,EAAE,QAAF,CAAW,KAAX,IAAkB,EAAE,cAAF,EAAlB,EAAqC,EAAE,YAAF,IAAgB,EAAE,YAAF,GAAe,CAAC,CAAD,EAAG,GAAlB,CAAhB,GAAuC,EAAE,IAAF,KAAS,EAAE,cAAF,IAAkB,EAAE,aAAF,GAAgB,CAAC,CAAD,EAAG,CAAC,CAAD,CAArC,GAAyC,GAAzC,IAA8C,EAAE,YAAF,IAAiB,CAAC,CAAD,CAAxE,CAAlX;SAAX,CAA3O,CAAtB,EAA6sB,CAA7yB,CAAL,CAAxK;OAAX;;;OAAT,EAAk/B;AAAM,uBAAU;AAAC,YAAI,CAAJ,EAAM,CAAN,CAAD,OAAgB,EAAE,KAAK,CAAL,CAAF,EAAW,EAAX,CAAc,MAAd,IAAsB,IAAE,KAAK,QAAL,GAAgB,IAAhB,EAAF,IAA0B,IAAE,CAAC,CAAD,EAAG,IAAE,EAAE,KAAK,CAAL,EAAQ,IAAR,CAAF,CAAgB,QAAhB,EAAF,EAA6B,KAAK,IAAL,CAAU,YAAU;AAAC,cAAE,EAAE,OAAF,CAAU,IAAV,KAAiB,CAAjB,CAAH;SAAV,CAA5C,CAAhD,EAA+H,CAA/H,CAAhB;OAAV;;;OAAN,EAAkK;AAAY,2BAAS,CAAT,EAAW;AAAC,YAAI,IAAE,EAAF;YAAK,IAAE,IAAF,CAAV,OAAwB,EAAE,IAAF,CAAO,EAAE,KAAF,CAAQ,IAAR,CAAP,EAAqB,UAAS,CAAT,EAAW,CAAX,EAAa;AAAC,YAAE,CAAF,IAAK,EAAE,IAAF,CAAO,CAAP,CAAL,EAAe,EAAE,UAAF,CAAa,CAAb,CAAf,CAAD;SAAb,CAArB,EAAoE,CAApE,CAAxB;OAAX;;;OAAZ,EAAsH;AAAM,qBAAS,CAAT,EAAW,CAAX,EAAa;AAAC,YAAI,CAAJ;YAAM,CAAN;YAAQ,CAAR;YAAU,CAAV;YAAY,CAAZ;YAAc,CAAd;YAAgB,IAAE,KAAK,CAAL,CAAF,CAAjB,IAA8B,CAAH,EAAK,QAAO,IAAE,EAAE,IAAF,CAAO,EAAE,IAAF,EAAO,WAAd,EAA2B,QAA3B,EAAoC,IAAE,EAAE,KAAF,EAAQ,IAAE,EAAE,SAAF,CAAY,WAAZ,CAAwB,CAAxB,CAAF,EAA6B,CAA7E,GAAgF,KAAI,KAAJ;AAAU,cAAE,MAAF,CAAS,CAAT,EAAW,EAAE,SAAF,CAAY,aAAZ,CAA0B,CAA1B,CAAX,GAAyC,OAAO,EAAE,QAAF,EAAW,EAAE,EAAE,IAAF,CAAF,GAAU,CAAV,EAAY,EAAE,QAAF,KAAa,EAAE,QAAF,CAAW,EAAE,IAAF,CAAX,GAAmB,EAAE,MAAF,CAAS,EAAE,QAAF,CAAW,EAAE,IAAF,CAApB,EAA4B,EAAE,QAAF,CAA/C,CAAb,CAAjF,MAAvF,KAA2P,QAAJ;AAAa,mBAAO,KAAG,IAAE,EAAF,EAAK,EAAE,IAAF,CAAO,EAAE,KAAF,CAAQ,IAAR,CAAP,EAAqB,UAAS,CAAT,EAAW,CAAX,EAAa;AAAC,gBAAE,CAAF,IAAK,EAAE,CAAF,CAAL,EAAU,OAAO,EAAE,CAAF,CAAP,EAAY,eAAa,CAAb,IAAgB,EAAE,CAAF,EAAK,UAAL,CAAgB,eAAhB,CAAhB,CAAvB;aAAb,CAA1B,EAAiH,CAAjH,CAAH,IAAwH,OAAO,EAAE,EAAE,IAAF,CAAT,EAAiB,CAAjB,CAAxH,CAApB,CAA5P,OAAma,IAAE,EAAE,SAAF,CAAY,cAAZ,CAA2B,EAAE,MAAF,CAAS,EAAT,EAAY,EAAE,SAAF,CAAY,UAAZ,CAAuB,CAAvB,CAAZ,EAAsC,EAAE,SAAF,CAAY,cAAZ,CAA2B,CAA3B,CAAtC,EAAoE,EAAE,SAAF,CAAY,SAAZ,CAAsB,CAAtB,CAApE,EAA6F,EAAE,SAAF,CAAY,WAAZ,CAAwB,CAAxB,CAA7F,CAA3B,EAAoJ,CAApJ,CAAF,EAAyJ,EAAE,QAAF,KAAa,IAAE,EAAE,QAAF,EAAW,OAAO,EAAE,QAAF,EAAW,IAAE,EAAE,MAAF,CAAS,EAAC,UAAS,CAAT,EAAV,EAAsB,CAAtB,CAAF,EAA2B,EAAE,CAAF,EAAK,IAAL,CAAU,eAAV,EAA0B,MAA1B,CAA1D,CAAb,EAA0G,EAAE,MAAF,KAAW,IAAE,EAAE,MAAF,EAAS,OAAO,EAAE,MAAF,EAAS,IAAE,EAAE,MAAF,CAAS,CAAT,EAAW,EAAC,QAAO,CAAP,EAAZ,CAAF,CAAtC,EAAgE,CAAnU,CAA9b;OAAb;;;OAAN,EAAzxC,GAAkjE,EAAE,MAAF,CAAS,EAAE,IAAF,CAAO,GAAP,CAAT,EAAqB,EAAC;AAAM,qBAAS,CAAT,EAAW;AAAC,eAAM,CAAC,EAAE,IAAF,CAAO,KAAG,EAAE,CAAF,EAAK,GAAL,EAAH,CAAR,CAAP;OAAX;;;OAAN,EAAgD;AAAO,sBAAS,CAAT,EAAW;AAAC,eAAM,CAAC,CAAC,EAAE,IAAF,CAAO,KAAG,EAAE,CAAF,EAAK,GAAL,EAAH,CAAR,CAAR;OAAX;;;OAAP,EAAkD;AAAU,yBAAS,CAAT,EAAW;AAAC,eAAM,CAAC,EAAE,CAAF,EAAK,IAAL,CAAU,SAAV,CAAD,CAAP;OAAX;;;OAAV,EAAxH,CAAljE,EAA+tE,EAAE,SAAF,GAAY,UAAS,CAAT,EAAW,CAAX,EAAa;AAAC,SAAK,QAAL,GAAc,EAAE,MAAF,CAAS,CAAC,CAAD,EAAG,EAAZ,EAAe,EAAE,SAAF,CAAY,QAAZ,EAAqB,CAApC,CAAd,EAAqD,KAAK,WAAL,GAAiB,CAAjB,EAAmB,KAAK,IAAL,EAAxE,CAAD;GAAb,EAAmG,EAAE,SAAF,CAAY,MAAZ,GAAmB,UAAS,CAAT,EAAW,CAAX,EAAa;AAAC,WAAO,MAAI,UAAU,MAAV,GAAiB,YAAU;AAAC,UAAI,IAAE,EAAE,SAAF,CAAY,SAAZ,CAAF,CAAL,OAAqC,EAAE,OAAF,CAAU,CAAV,GAAa,EAAE,SAAF,CAAY,MAAZ,CAAmB,KAAnB,CAAyB,IAAzB,EAA8B,CAA9B,CAAb,CAArC;KAAV,IAA+F,UAAU,MAAV,GAAiB,CAAjB,IAAoB,EAAE,WAAF,KAAgB,KAAhB,KAAwB,IAAE,EAAE,SAAF,CAAY,SAAZ,EAAuB,KAAvB,CAA6B,CAA7B,CAAF,CAA5C,EAA+E,EAAE,WAAF,KAAgB,KAAhB,KAAwB,IAAE,CAAC,CAAD,CAAF,CAAxB,EAA+B,EAAE,IAAF,CAAO,CAAP,EAAS,UAAS,CAAT,EAAW,CAAX,EAAa;AAAC,UAAE,EAAE,OAAF,CAAU,IAAI,MAAJ,CAAW,QAAM,CAAN,GAAQ,KAAR,EAAc,GAAzB,CAAV,EAAwC,YAAU;AAAC,eAAO,CAAP,CAAD;OAAV,CAA1C,CAAD;KAAb,CAAvH,EAAuM,CAAvM,CAApH,CAAR;GAAb,EAAoV,EAAE,MAAF,CAAS,EAAE,SAAF,EAAY,EAAC,UAAS,EAAC,UAAS,EAAT,EAAY,QAAO,EAAP,EAAU,OAAM,EAAN,EAAS,YAAW,OAAX,EAAmB,YAAW,OAAX,EAAmB,cAAa,OAAb,EAAqB,cAAa,CAAC,CAAD,EAAG,cAAa,CAAC,CAAD,EAAG,gBAAe,EAAE,EAAF,CAAf,EAAqB,qBAAoB,EAAE,EAAF,CAApB,EAA0B,UAAS,CAAC,CAAD,EAAG,QAAO,SAAP,EAAiB,aAAY,CAAC,CAAD,EAAG;AAAU,2BAAS,CAAT,EAAW;AAAC,eAAK,UAAL,GAAgB,CAAhB,EAAkB,KAAK,QAAL,CAAc,YAAd,KAA6B,KAAK,QAAL,CAAc,WAAd,IAA2B,KAAK,QAAL,CAAc,WAAd,CAA0B,IAA1B,CAA+B,IAA/B,EAAoC,CAApC,EAAsC,KAAK,QAAL,CAAc,UAAd,EAAyB,KAAK,QAAL,CAAc,UAAd,CAA1F,EAAoH,KAAK,SAAL,CAAe,KAAK,SAAL,CAAe,CAAf,CAAf,CAApH,CAA7B,CAAnB;SAAX;;;SAAV,EAA6N;AAAW,4BAAS,CAAT,EAAW;AAAC,eAAK,SAAL,CAAe,CAAf,KAAmB,EAAE,EAAE,IAAF,IAAU,KAAK,SAAL,CAAZ,IAA6B,KAAK,QAAL,CAAc,CAAd,CAA7B,IAA+C,KAAK,OAAL,CAAa,CAAb,CAAlE,CAAD;SAAX;;;SAAX,EAA0G;AAAQ,yBAAS,CAAT,EAAW,CAAX,EAAa;AAAC,WAAC,MAAI,EAAE,KAAF,IAAS,OAAK,KAAK,YAAL,CAAkB,CAAlB,CAAL,CAAd,KAA2C,EAAE,IAAF,IAAU,KAAK,SAAL,IAAgB,MAAI,KAAK,WAAL,CAAzE,IAA4F,KAAK,OAAL,CAAa,CAAb,CAA5F,CAAD;SAAb;;;SAAR,EAAmI;AAAQ,yBAAS,CAAT,EAAW;AAAC,YAAE,IAAF,IAAU,KAAK,SAAL,GAAe,KAAK,OAAL,CAAa,CAAb,CAAzB,GAAyC,EAAE,UAAF,CAAa,IAAb,IAAqB,KAAK,SAAL,IAAgB,KAAK,OAAL,CAAa,EAAE,UAAF,CAAlD,CAA1C;SAAX;;;SAAR,EAA8H;AAAU,2BAAS,CAAT,EAAW,CAAX,EAAa,CAAb,EAAe;AAAC,sBAAU,EAAE,IAAF,GAAO,KAAK,UAAL,CAAgB,EAAE,IAAF,CAAhB,CAAwB,QAAxB,CAAiC,CAAjC,EAAoC,WAApC,CAAgD,CAAhD,CAAjB,GAAoE,EAAE,CAAF,EAAK,QAAL,CAAc,CAAd,EAAiB,WAAjB,CAA6B,CAA7B,CAApE,CAAD;SAAf;;;SAAV,EAA+H;AAAY,6BAAS,CAAT,EAAW,CAAX,EAAa,CAAb,EAAe;AAAC,sBAAU,EAAE,IAAF,GAAO,KAAK,UAAL,CAAgB,EAAE,IAAF,CAAhB,CAAwB,WAAxB,CAAoC,CAApC,EAAuC,QAAvC,CAAgD,CAAhD,CAAjB,GAAoE,EAAE,CAAF,EAAK,WAAL,CAAiB,CAAjB,EAAoB,QAApB,CAA6B,CAA7B,CAApE,CAAD;SAAf;;;SAAZ,EAAt6B,EAAwiC;AAAY,2BAAS,CAAT,EAAW;AAAC,UAAE,MAAF,CAAS,EAAE,SAAF,CAAY,QAAZ,EAAqB,CAA9B,EAAD;OAAX;;;OAAZ,EAA0D,UAAS,EAAC,UAAS,yBAAT,EAAmC,QAAO,wBAAP,EAAgC,OAAM,qCAAN,EAA4C,KAAI,2BAAJ,EAAgC,MAAK,4BAAL,EAAkC,SAAQ,oCAAR,EAA6C,QAAO,8BAAP,EAAsC,QAAO,2BAAP,EAAmC,YAAW,0CAAX,EAAsD,SAAQ,oCAAR,EAA6C,WAAU,EAAE,SAAF,CAAY,MAAZ,CAAmB,2CAAnB,CAAV,EAA0E,WAAU,EAAE,SAAF,CAAY,MAAZ,CAAmB,uCAAnB,CAAV,EAAsE,aAAY,EAAE,SAAF,CAAY,MAAZ,CAAmB,2DAAnB,CAAZ,EAA4F,OAAM,EAAE,SAAF,CAAY,MAAZ,CAAmB,2CAAnB,CAAN,EAAsE,KAAI,EAAE,SAAF,CAAY,MAAZ,CAAmB,iDAAnB,CAAJ,EAA0E,KAAI,EAAE,SAAF,CAAY,MAAZ,CAAmB,oDAAnB,CAAJ,EAAhxB,EAA81B,kBAAiB,CAAC,CAAD,EAAG,WAAU,EAAC;AAAK,wBAAU;AAAC,mBAAS,CAAT,CAAW,CAAX,EAAa;AAAC,gBAAI,IAAE,EAAE,IAAF,CAAO,KAAK,CAAL,EAAQ,IAAR,EAAa,WAApB,CAAF;gBAAmC,IAAE,OAAK,EAAE,IAAF,CAAO,OAAP,CAAe,WAAf,EAA2B,EAA3B,CAAL;gBAAoC,IAAE,EAAE,QAAF,CAAhF,CAA2F,CAAE,CAAF,KAAM,CAAC,KAAK,EAAL,CAAQ,EAAE,MAAF,CAAT,IAAoB,EAAE,CAAF,EAAK,IAAL,CAAU,CAAV,EAAY,KAAK,CAAL,CAAZ,EAAoB,CAApB,CAA1B,CAA3F;WAAb,IAAyJ,CAAK,cAAL,GAAoB,EAAE,KAAK,QAAL,CAAc,mBAAd,CAAtB,EAAyD,KAAK,YAAL,GAAkB,KAAK,cAAL,CAAoB,MAApB,IAA4B,KAAK,cAAL,IAAqB,EAAE,KAAK,WAAL,CAAnD,EAAqE,KAAK,UAAL,GAAgB,EAAE,KAAK,QAAL,CAAc,cAAd,CAAF,CAAgC,GAAhC,CAAoC,KAAK,QAAL,CAAc,mBAAd,CAApD,EAAuF,KAAK,SAAL,GAAe,EAAf,EAAkB,KAAK,UAAL,GAAgB,EAAhB,EAAmB,KAAK,cAAL,GAAoB,CAApB,EAAsB,KAAK,OAAL,GAAa,EAAb,EAAgB,KAAK,OAAL,GAAa,EAAb,EAAgB,KAAK,KAAL,EAAlU,CAA1J,IAA6e,CAAJ;cAAM,IAAE,KAAK,MAAL,GAAY,EAAZ,CAAjf,CAAggB,CAAE,IAAF,CAAO,KAAK,QAAL,CAAc,MAAd,EAAqB,UAAS,CAAT,EAAW,CAAX,EAAa;AAAC,wBAAU,OAAO,CAAP,KAAW,IAAE,EAAE,KAAF,CAAQ,IAAR,CAAF,CAArB,EAAsC,EAAE,IAAF,CAAO,CAAP,EAAS,UAAS,CAAT,EAAW,CAAX,EAAa;AAAC,gBAAE,CAAF,IAAK,CAAL,CAAD;aAAb,CAA/C,CAAD;WAAb,CAA5B,EAAkH,IAAE,KAAK,QAAL,CAAc,KAAd,EAAoB,EAAE,IAAF,CAAO,CAAP,EAAS,UAAS,CAAT,EAAW,CAAX,EAAa;AAAC,cAAE,CAAF,IAAK,EAAE,SAAF,CAAY,aAAZ,CAA0B,CAA1B,CAAL,CAAD;WAAb,CAAjJ,EAAmM,EAAE,KAAK,WAAL,CAAF,CAAoB,gBAApB,CAAqC,qTAArC,EAA2V,wBAA3V,EAAoX,CAApX,EAAuX,gBAAvX,CAAwY,mDAAxY,EAA4b,OAA5b,EAAoc,CAApc,CAAnM,EAA0oB,KAAK,QAAL,CAAc,cAAd,IAA8B,EAAE,KAAK,WAAL,CAAF,CAAoB,IAApB,CAAyB,uBAAzB,EAAiD,KAAK,QAAL,CAAc,cAAd,CAA/E,EAA6G,EAAE,KAAK,WAAL,CAAF,CAAoB,IAApB,CAAyB,6CAAzB,EAAwE,IAAxE,CAA6E,eAA7E,EAA6F,MAA7F,CAAvvB,CAAhgB;SAAV;;;SAAL,EAA42C;AAAK,wBAAU;AAAC,iBAAO,KAAK,SAAL,IAAiB,EAAE,MAAF,CAAS,KAAK,SAAL,EAAe,KAAK,QAAL,CAAzC,EAAwD,KAAK,OAAL,GAAa,EAAE,MAAF,CAAS,EAAT,EAAY,KAAK,QAAL,CAAzB,EAAwC,KAAK,KAAL,MAAc,EAAE,KAAK,WAAL,CAAF,CAAoB,cAApB,CAAmC,cAAnC,EAAkD,CAAC,IAAD,CAAlD,CAAd,EAAwE,KAAK,UAAL,EAAxK,EAA0L,KAAK,KAAL,EAA1L,CAAR;SAAV;;;SAAL,EAA+N;AAAU,6BAAU;AAAC,eAAK,WAAL,GAAD,KAAwB,IAAI,IAAE,CAAF,EAAI,IAAE,KAAK,eAAL,GAAqB,KAAK,QAAL,EAArB,EAAqC,EAAE,CAAF,CAAnD,EAAwD,GAAxD;AAA4D,iBAAK,KAAL,CAAW,EAAE,CAAF,CAAX;WAA5D,OAAoF,KAAK,KAAL,EAAP,CAAjG;SAAV;;;SAAV,EAA0I;AAAQ,yBAAS,CAAT,EAAW;AAAC,cAAI,IAAE,KAAK,KAAL,CAAW,CAAX,CAAF;cAAgB,IAAE,KAAK,mBAAL,CAAyB,CAAzB,CAAF;cAA8B,IAAE,CAAC,CAAD,CAArD,OAA+D,KAAK,WAAL,GAAiB,CAAjB,EAAmB,KAAK,CAAL,KAAS,CAAT,GAAW,OAAO,KAAK,OAAL,CAAa,EAAE,IAAF,CAApB,IAA6B,KAAK,cAAL,CAAoB,CAApB,GAAuB,KAAK,eAAL,GAAqB,EAAE,CAAF,CAArB,EAA0B,IAAE,KAAK,KAAL,CAAW,CAAX,MAAgB,CAAC,CAAD,EAAG,IAAE,OAAO,KAAK,OAAL,CAAa,EAAE,IAAF,CAApB,GAA4B,KAAK,OAAL,CAAa,EAAE,IAAF,CAAb,GAAqB,CAAC,CAAD,CAAjK,EAAqK,EAAE,CAAF,EAAK,IAAL,CAAU,cAAV,EAAyB,CAAC,CAAD,CAAjN,EAAqN,KAAK,gBAAL,OAA0B,KAAK,MAAL,GAAY,KAAK,MAAL,CAAY,GAAZ,CAAgB,KAAK,UAAL,CAA5B,CAA1B,EAAwE,KAAK,UAAL,EAA7R,EAA+S,CAA/S,CAA/D;SAAX;;;SAAR,EAAoY;AAAW,4BAAS,CAAT,EAAW;AAAC,cAAG,CAAH,EAAK;AAAC,cAAE,MAAF,CAAS,KAAK,QAAL,EAAc,CAAvB,GAA0B,KAAK,SAAL,GAAe,EAAf,CAA3B,KAAiD,IAAI,CAAJ,2CAAS,EAAb;AAAe,mBAAK,SAAL,CAAe,IAAf,CAAoB,EAAC,SAAQ,EAAE,CAAF,CAAR,EAAa,SAAQ,KAAK,UAAL,CAAgB,CAAhB,EAAmB,CAAnB,CAAR,EAAlC;aAAf,IAAiF,CAAK,WAAL,GAAiB,EAAE,IAAF,CAAO,KAAK,WAAL,EAAiB,UAAS,CAAT,EAAW;AAAC,qBAAM,EAAE,EAAE,IAAF,IAAU,CAAV,CAAF,CAAP;aAAX,CAAzC,CAA9H;WAAL,IAA+M,CAAK,QAAL,CAAc,UAAd,GAAyB,KAAK,QAAL,CAAc,UAAd,CAAyB,IAAzB,CAA8B,IAA9B,EAAmC,KAAK,QAAL,EAAc,KAAK,SAAL,CAA1E,GAA0F,KAAK,iBAAL,EAA1F,CAAhN;SAAX;;;SAAX,EAA0V;AAAU,6BAAU;AAAC,YAAE,EAAF,CAAK,SAAL,IAAgB,EAAE,KAAK,WAAL,CAAF,CAAoB,SAApB,EAAhB,EAAgD,KAAK,SAAL,GAAe,EAAf,EAAkB,KAAK,WAAL,GAAiB,IAAjB,EAAsB,KAAK,WAAL,EAAxF,EAA2G,KAAK,UAAL,EAA3G,EAA6H,KAAK,QAAL,GAAgB,WAAhB,CAA4B,KAAK,QAAL,CAAc,UAAd,CAA5B,CAAsD,UAAtD,CAAiE,eAAjE,EAAkF,UAAlF,CAA6F,cAA7F,CAA7H,CAAD;SAAV;;;SAAV,EAAgQ;AAAiB,oCAAU;AAAC,iBAAO,KAAK,YAAL,CAAkB,KAAK,OAAL,CAAzB,CAAD;SAAV;;;SAAjB,EAAoE;AAAa,8BAAS,CAAT,EAAW;AAAC,cAAI,CAAJ;cAAM,IAAE,CAAF,CAAP,KAAe,CAAJ,2CAAS,EAAT;AAAW;WAAX,OAAsB,CAAP,CAA1B;SAAX;;;SAAb,EAA4D;AAAW,8BAAU;AAAC,eAAK,SAAL,CAAe,KAAK,MAAL,CAAf,CAAD;SAAV;;;SAAX,EAAmD;AAAU,2BAAS,CAAT,EAAW;AAAC,YAAE,GAAF,CAAM,KAAK,UAAL,CAAN,CAAuB,IAAvB,CAA4B,EAA5B,GAAgC,KAAK,UAAL,CAAgB,CAAhB,EAAmB,IAAnB,EAAhC,CAAD;SAAX;;;SAAV,EAAiF;AAAM,yBAAU;AAAC,iBAAO,MAAI,KAAK,IAAL,EAAJ,CAAR;SAAV;;;SAAN,EAAyC;AAAK,wBAAU;AAAC,iBAAO,KAAK,SAAL,CAAe,MAAf,CAAR;SAAV;;;SAAL,EAA8C;AAAa,gCAAU;AAAC,cAAG,KAAK,QAAL,CAAc,YAAd,EAA2B,IAAG;AAAC,cAAE,KAAK,cAAL,MAAuB,KAAK,SAAL,CAAe,MAAf,IAAuB,KAAK,SAAL,CAAe,CAAf,EAAkB,OAAlB,IAA2B,EAAzE,CAAF,CAA+E,MAA/E,CAAsF,UAAtF,EAAkG,KAAlG,GAA0G,OAA1G,CAAkH,SAAlH,EAAD;WAAH,CAAiI,OAAM,CAAN,EAAQ,EAAR;SAA1K;;;SAAb,EAAmM;AAAe,kCAAU;AAAC,cAAI,IAAE,KAAK,UAAL,CAAP,OAA8B,KAAG,MAAI,EAAE,IAAF,CAAO,KAAK,SAAL,EAAe,UAAS,CAAT,EAAW;AAAC,mBAAO,EAAE,OAAF,CAAU,IAAV,KAAiB,EAAE,IAAF,CAAzB;WAAX,CAAtB,CAAmE,MAAnE,IAA2E,CAAlF,CAA9B;SAAV;;;SAAf,EAA4I;AAAS,4BAAU;AAAC,cAAI,IAAE,IAAF;cAAO,IAAE,EAAF,CAAZ,OAAwB,EAAE,KAAK,WAAL,CAAF,CAAoB,IAApB,CAAyB,yBAAzB,EAAoD,GAApD,CAAwD,iDAAxD,EAA2G,GAA3G,CAA+G,KAAK,QAAL,CAAc,MAAd,CAA/G,CAAqI,MAArI,CAA4I,YAAU;AAAC,mBAAM,CAAC,KAAK,IAAL,IAAW,EAAE,QAAF,CAAW,KAAX,IAAkB,OAAO,OAAP,IAAgB,QAAQ,KAAR,CAAc,yBAAd,EAAwC,IAAxC,CAA9C,EAA4F,KAAK,IAAL,IAAa,CAAb,IAAgB,CAAC,EAAE,YAAF,CAAe,EAAE,IAAF,EAAQ,KAAR,EAAf,CAAD,GAAiC,CAAC,CAAD,IAAI,EAAE,KAAK,IAAL,CAAF,GAAa,CAAC,CAAD,EAAG,CAAC,CAAD,CAArE,CAAnG;WAAV,CAAnJ,CAAjB;SAAV;;;SAAT,EAAgX;AAAM,uBAAS,CAAT,EAAW;AAAC,iBAAO,EAAE,CAAF,EAAK,CAAL,CAAP,CAAD;SAAX;;;SAAN,EAAkC;AAAO,0BAAU;AAAC,cAAI,IAAE,KAAK,QAAL,CAAc,UAAd,CAAyB,KAAzB,CAA+B,GAA/B,EAAoC,IAApC,CAAyC,GAAzC,CAAF,CAAL,OAA4D,EAAE,KAAK,QAAL,CAAc,YAAd,GAA2B,GAA3B,GAA+B,CAA/B,EAAiC,KAAK,YAAL,CAA1C,CAArD;SAAV;;;SAAP,EAAoI;AAAM,yBAAU;AAAC,eAAK,WAAL,GAAiB,EAAjB,EAAoB,KAAK,SAAL,GAAe,EAAf,EAAkB,KAAK,QAAL,GAAc,EAAd,EAAiB,KAAK,MAAL,GAAY,EAAE,EAAF,CAAZ,EAAkB,KAAK,MAAL,GAAY,EAAE,EAAF,CAAZ,EAAkB,KAAK,eAAL,GAAqB,EAAE,EAAF,CAArB,CAA5F;SAAV;;;SAAN,EAAwI;AAAY,+BAAU;AAAC,eAAK,KAAL,IAAa,KAAK,MAAL,GAAY,KAAK,MAAL,GAAc,GAAd,CAAkB,KAAK,UAAL,CAA9B,CAAd;SAAV;;;SAAZ,EAAoF;AAAe,gCAAS,CAAT,EAAW;AAAC,eAAK,KAAL,IAAa,KAAK,MAAL,GAAY,KAAK,SAAL,CAAe,CAAf,CAAZ,CAAd;SAAX;;;SAAf,EAAuE;AAAa,8BAAS,CAAT,EAAW;AAAC,cAAI,CAAJ;cAAM,IAAE,EAAE,CAAF,CAAF;cAAO,IAAE,EAAE,IAAF,CAAhB,OAA6B,YAAU,CAAV,IAAa,eAAa,CAAb,GAAe,EAAE,iBAAe,EAAE,IAAF,GAAO,YAAtB,CAAF,CAAsC,GAAtC,EAA5B,GAAwE,aAAW,CAAX,IAAc,eAAa,OAAO,EAAE,QAAF,GAAW,EAAE,QAAF,CAAW,QAAX,GAAoB,CAAC,CAAD,GAAG,EAAE,GAAF,EAAvB,IAAgC,IAAE,EAAE,GAAF,EAAF,EAAU,YAAU,OAAO,CAAP,GAAS,EAAE,OAAF,CAAU,KAAV,EAAgB,EAAhB,CAAnB,GAAuC,CAAvC,CAAvF,CAArG;SAAX;;;SAAb,EAA+P;AAAM,uBAAS,CAAT,EAAW;AAAC,cAAE,KAAK,mBAAL,CAAyB,KAAK,KAAL,CAAW,CAAX,CAAzB,CAAF,CAAD,IAA+C,CAAJ;cAAM,CAAN;cAAQ,CAAR;cAAU,IAAE,EAAE,CAAF,EAAK,KAAL,EAAF;cAAe,IAAE,EAAE,GAAF,CAAM,CAAN,EAAQ,UAAS,CAAT,EAAW,CAAX,EAAa;AAAC,mBAAO,CAAP,CAAD;WAAb,CAAR,CAAiC,MAAjC;cAAwC,IAAE,CAAC,CAAD;cAAG,IAAE,KAAK,YAAL,CAAkB,CAAlB,CAAF,CAAnH,KAA8I,CAAJ,2CAAS,EAAT,EAAW;AAAC,gBAAE,EAAC,QAAO,CAAP,EAAS,YAAW,EAAE,CAAF,CAAX,EAAZ,CAAD,IAAiC;AAAC,kBAAG,IAAE,EAAE,SAAF,CAAY,OAAZ,CAAoB,CAApB,EAAuB,IAAvB,CAA4B,IAA5B,EAAiC,CAAjC,EAAmC,CAAnC,EAAqC,EAAE,UAAF,CAAvC,EAAqD,0BAAwB,CAAxB,IAA2B,MAAI,CAAJ,EAAM;AAAC,oBAAE,CAAC,CAAD,CAAH;eAAzF,IAA2G,IAAE,CAAC,CAAD,EAAG,cAAY,CAAZ,EAAc,OAAO,MAAK,KAAK,MAAL,GAAY,KAAK,MAAL,CAAY,GAAZ,CAAgB,KAAK,SAAL,CAAe,CAAf,CAAhB,CAAZ,CAAL,CAA7B,IAAqF,CAAC,CAAD,EAAG,OAAO,KAAK,YAAL,CAAkB,CAAlB,EAAoB,CAApB,GAAuB,CAAC,CAAD,CAApC;aAA9L,CAAqO,OAAM,CAAN,EAAQ;AAAC,oBAAM,KAAK,QAAL,CAAc,KAAd,IAAqB,OAAO,OAAP,IAAgB,QAAQ,GAAR,CAAY,8CAA4C,EAAE,EAAF,GAAK,eAAjD,GAAiE,EAAE,MAAF,GAAS,WAA1E,EAAsF,CAAlG,CAArC,EAA0I,CAA1I,CAAP;aAAR;WAA9Q,IAA6a,CAAC,CAAD,EAAG,OAAO,KAAK,YAAL,CAAkB,CAAlB,KAAsB,KAAK,WAAL,CAAiB,IAAjB,CAAsB,CAAtB,CAAtB,EAA+C,CAAC,CAAD,CAA5D;SAA/jB;;;SAAN,EAAqoB;AAAkB,mCAAS,CAAT,EAAW,CAAX,EAAa;AAAC,iBAAO,EAAE,CAAF,EAAK,IAAL,CAAU,QAAM,EAAE,MAAF,CAAS,CAAT,EAAY,WAAZ,EAAN,GAAgC,EAAE,SAAF,CAAY,CAAZ,EAAe,WAAf,EAAhC,CAAV,IAAyE,EAAE,CAAF,EAAK,IAAL,CAAU,KAAV,CAAzE,CAAR;SAAb;;;SAAlB,EAAkI;AAAc,+BAAS,CAAT,EAAW,CAAX,EAAa;AAAC,cAAI,IAAE,KAAK,QAAL,CAAc,QAAd,CAAuB,CAAvB,CAAF,CAAL,OAAwC,MAAI,EAAE,WAAF,KAAgB,MAAhB,GAAuB,CAAvB,GAAyB,EAAE,CAAF,CAAzB,CAAJ,CAAxC;SAAb;;;SAAd,EAAuG;AAAY,+BAAU;AAAC,eAAI,IAAI,IAAE,CAAF,EAAI,IAAE,UAAU,MAAV,EAAiB,GAA/B;AAAmC,gBAAG,KAAK,CAAL,KAAS,UAAU,CAAV,CAAT,EAAsB,OAAO,UAAU,CAAV,CAAP,CAAzB;WAAnC,OAAuF,KAAK,CAAL,CAAxF;SAAV;;;SAAZ,EAAsH;AAAe,gCAAS,CAAT,EAAW,CAAX,EAAa;AAAC,iBAAO,KAAK,WAAL,CAAiB,KAAK,aAAL,CAAmB,EAAE,IAAF,EAAO,CAA1B,CAAjB,EAA8C,KAAK,iBAAL,CAAuB,CAAvB,EAAyB,CAAzB,CAA9C,EAA0E,CAAC,KAAK,QAAL,CAAc,WAAd,IAA2B,EAAE,KAAF,IAAS,KAAK,CAAL,EAAO,EAAE,SAAF,CAAY,QAAZ,CAAqB,CAArB,CAAtH,EAA8I,6CAA2C,EAAE,IAAF,GAAO,WAAlD,CAArJ,CAAD;SAAb;;;SAAf,EAAkP;AAAa,8BAAS,CAAT,EAAW,CAAX,EAAa;AAAC,cAAI,IAAE,KAAK,cAAL,CAAoB,CAApB,EAAsB,EAAE,MAAF,CAAxB;cAAkC,IAAE,eAAF,CAAvC,UAAyD,IAAY,OAAO,CAAP,GAAS,IAAE,EAAE,IAAF,CAAO,IAAP,EAAY,EAAE,UAAF,EAAa,CAAzB,CAAF,GAA8B,EAAE,IAAF,CAAO,CAAP,MAAY,IAAE,EAAE,SAAF,CAAY,MAAZ,CAAmB,EAAE,OAAF,CAAU,CAAV,EAAY,MAAZ,CAAnB,EAAuC,EAAE,UAAF,CAAzC,CAAZ,EAAoE,KAAK,SAAL,CAAe,IAAf,CAAoB,EAAC,SAAQ,CAAR,EAAU,SAAQ,CAAR,EAAU,QAAO,EAAE,MAAF,EAAhD,CAAvH,EAAkL,KAAK,QAAL,CAAc,EAAE,IAAF,CAAd,GAAsB,CAAtB,EAAwB,KAAK,SAAL,CAAe,EAAE,IAAF,CAAf,GAAuB,CAAvB,CAAnQ;SAAb;;;SAAb,EAAuT;AAAW,4BAAS,CAAT,EAAW;AAAC,iBAAO,KAAK,QAAL,CAAc,OAAd,KAAwB,IAAE,EAAE,GAAF,CAAM,EAAE,MAAF,CAAS,KAAK,QAAL,CAAc,OAAd,CAAf,CAAF,CAAxB,EAAkE,CAAlE,CAAR;SAAX;;;SAAX,EAAmG;AAAkB,qCAAU;AAAC,cAAI,CAAJ,EAAM,CAAN,EAAQ,CAAR,CAAD,KAAe,IAAE,CAAF,EAAI,KAAK,SAAL,CAAe,CAAf,CAAR,EAA0B,GAA1B;AAA8B,gBAAE,KAAK,SAAL,CAAe,CAAf,CAAF,EAAoB,KAAK,QAAL,CAAc,SAAd,IAAyB,KAAK,QAAL,CAAc,SAAd,CAAwB,IAAxB,CAA6B,IAA7B,EAAkC,EAAE,OAAF,EAAU,KAAK,QAAL,CAAc,UAAd,EAAyB,KAAK,QAAL,CAAc,UAAd,CAA9F,EAAwH,KAAK,SAAL,CAAe,EAAE,OAAF,EAAU,EAAE,OAAF,CAArK;WAA9B,IAAiN,KAAK,SAAL,CAAe,MAAf,KAAwB,KAAK,MAAL,GAAY,KAAK,MAAL,CAAY,GAAZ,CAAgB,KAAK,UAAL,CAA5B,CAAxB,EAAsE,KAAK,QAAL,CAAc,OAAd,EAAsB,KAAI,IAAE,CAAF,EAAI,KAAK,WAAL,CAAiB,CAAjB,CAAR,EAA4B,GAA5B;AAAgC,iBAAK,SAAL,CAAe,KAAK,WAAL,CAAiB,CAAjB,CAAf;WAAhC,IAAuE,KAAK,QAAL,CAAc,WAAd,EAA0B,KAAI,IAAE,CAAF,EAAI,IAAE,KAAK,aAAL,EAAF,EAAuB,EAAE,CAAF,CAA/B,EAAoC,GAApC;AAAwC,iBAAK,QAAL,CAAc,WAAd,CAA0B,IAA1B,CAA+B,IAA/B,EAAoC,EAAE,CAAF,CAApC,EAAyC,KAAK,QAAL,CAAc,UAAd,EAAyB,KAAK,QAAL,CAAc,UAAd,CAAlE;WAAxC,IAAoI,CAAK,MAAL,GAAY,KAAK,MAAL,CAAY,GAAZ,CAAgB,KAAK,MAAL,CAA5B,EAAyC,KAAK,UAAL,EAAzC,EAA2D,KAAK,UAAL,CAAgB,KAAK,MAAL,CAAhB,CAA6B,IAA7B,EAA3D,CAA7hB;SAAV;;;SAAlB,EAAypB;AAAc,iCAAU;AAAC,iBAAO,KAAK,eAAL,CAAqB,GAArB,CAAyB,KAAK,eAAL,EAAzB,CAAP,CAAD;SAAV;;;SAAd,EAAkF;AAAgB,mCAAU;AAAC,iBAAO,EAAE,KAAK,SAAL,CAAF,CAAkB,GAAlB,CAAsB,YAAU;AAAC,mBAAO,KAAK,OAAL,CAAR;WAAV,CAA7B,CAAD;SAAV;;;SAAhB,EAA0F;AAAU,2BAAS,CAAT,EAAW,CAAX,EAAa;AAAC,cAAI,CAAJ;cAAM,CAAN;cAAQ,CAAR;cAAU,IAAE,KAAK,SAAL,CAAe,CAAf,CAAF;cAAoB,IAAE,KAAK,QAAL,CAAc,CAAd,CAAF;cAAmB,IAAE,EAAE,CAAF,EAAK,IAAL,CAAU,kBAAV,CAAF,CAAlD,CAAkF,CAAE,MAAF,IAAU,EAAE,WAAF,CAAc,KAAK,QAAL,CAAc,UAAd,CAAd,CAAwC,QAAxC,CAAiD,KAAK,QAAL,CAAc,UAAd,CAAjD,EAA2E,EAAE,IAAF,CAAO,CAAP,CAA3E,CAAV,IAAiG,IAAE,EAAE,MAAI,KAAK,QAAL,CAAc,YAAd,GAA2B,GAA/B,CAAF,CAAsC,IAAtC,CAA2C,IAA3C,EAAgD,IAAE,QAAF,CAAhD,CAA4D,QAA5D,CAAqE,KAAK,QAAL,CAAc,UAAd,CAArE,CAA+F,IAA/F,CAAoG,KAAG,EAAH,CAAtG,EAA6G,IAAE,CAAF,EAAI,KAAK,QAAL,CAAc,OAAd,KAAwB,IAAE,EAAE,IAAF,GAAS,IAAT,GAAgB,IAAhB,CAAqB,MAAI,KAAK,QAAL,CAAc,OAAd,GAAsB,IAA1B,CAArB,CAAqD,MAArD,EAAF,CAAxB,EAAyF,KAAK,cAAL,CAAoB,MAApB,GAA2B,KAAK,cAAL,CAAoB,MAApB,CAA2B,CAA3B,CAA3B,GAAyD,KAAK,QAAL,CAAc,cAAd,GAA6B,KAAK,QAAL,CAAc,cAAd,CAA6B,CAA7B,EAA+B,EAAE,CAAF,CAA/B,CAA7B,GAAkE,EAAE,WAAF,CAAc,CAAd,CAAlE,EAAmF,EAAE,EAAF,CAAK,OAAL,IAAc,EAAE,IAAF,CAAO,KAAP,EAAa,CAAb,CAAd,GAA8B,MAAI,EAAE,OAAF,CAAU,gBAAc,CAAd,GAAgB,IAAhB,CAAV,CAAgC,MAAhC,KAAyC,IAAE,EAAE,IAAF,CAAO,IAAP,EAAa,OAAb,CAAqB,eAArB,EAAqC,MAArC,CAAF,EAA+C,IAAE,EAAE,KAAF,CAAQ,IAAI,MAAJ,CAAW,QAAM,CAAN,GAAQ,KAAR,CAAnB,MAAqC,KAAG,MAAI,CAAJ,CAAxC,GAA+C,IAAE,CAAF,EAAI,EAAE,CAAF,EAAK,IAAL,CAAU,kBAAV,EAA6B,CAA7B,CAApG,EAAoI,IAAE,KAAK,MAAL,CAAY,EAAE,IAAF,CAAd,EAAsB,KAAG,EAAE,IAAF,CAAO,KAAK,MAAL,EAAY,UAAS,CAAT,EAAW,CAAX,EAAa;AAAC,kBAAI,CAAJ,IAAO,EAAE,YAAU,CAAV,GAAY,IAAZ,EAAiB,KAAK,WAAL,CAAnB,CAAqC,IAArC,CAA0C,kBAA1C,EAA6D,EAAE,IAAF,CAAO,IAAP,CAA7D,CAAP,CAAD;WAAb,CAAtB,CAAvM,CAArd,EAAsxB,CAAC,CAAD,IAAI,KAAK,QAAL,CAAc,OAAd,KAAwB,EAAE,IAAF,CAAO,EAAP,GAAW,YAAU,OAAO,KAAK,QAAL,CAAc,OAAd,GAAsB,EAAE,QAAF,CAAW,KAAK,QAAL,CAAc,OAAd,CAAlD,GAAyE,KAAK,QAAL,CAAc,OAAd,CAAsB,CAAtB,EAAwB,CAAxB,CAAzE,CAAvC,EAA4I,KAAK,MAAL,GAAY,KAAK,MAAL,CAAY,GAAZ,CAAgB,CAAhB,CAAZ,CAAp/B;SAAb;;;SAAV,EAA2iC;AAAU,2BAAS,CAAT,EAAW;AAAC,cAAI,IAAE,KAAK,QAAL,CAAc,CAAd,CAAF;cAAmB,IAAE,EAAE,CAAF,EAAK,IAAL,CAAU,kBAAV,CAAF;cAAgC,IAAE,gBAAc,CAAd,GAAgB,iBAAhB,GAAkC,CAAlC,GAAoC,MAApC,CAA1D,OAA4G,MAAI,IAAE,IAAE,KAAF,GAAQ,EAAE,OAAF,CAAU,MAAV,EAAiB,KAAjB,CAAR,CAAN,EAAuC,KAAK,MAAL,GAAc,MAAd,CAAqB,CAArB,CAAvC,CAA5G;SAAX;;;SAAV,EAAiM;AAAS,0BAAS,CAAT,EAAW;AAAC,iBAAO,KAAK,MAAL,CAAY,EAAE,IAAF,CAAZ,KAAsB,KAAK,SAAL,CAAe,CAAf,IAAkB,EAAE,IAAF,GAAO,EAAE,EAAF,IAAM,EAAE,IAAF,CAArD,CAAR;SAAX;;;SAAT,EAA0F;AAAoB,qCAAS,CAAT,EAAW;AAAC,iBAAO,KAAK,SAAL,CAAe,CAAf,MAAoB,IAAE,KAAK,UAAL,CAAgB,EAAE,IAAF,CAAlB,CAApB,EAA+C,EAAE,CAAF,EAAK,GAAL,CAAS,KAAK,QAAL,CAAc,MAAd,CAAT,CAA+B,CAA/B,CAA/C,CAAR;SAAX;;;SAApB,EAAyH;AAAU,2BAAS,CAAT,EAAW;AAAC,iBAAM,mBAAkB,IAAlB,CAAuB,EAAE,IAAF,CAA7B;YAAD;SAAX;;;SAAV,EAA4D;AAAW,4BAAS,CAAT,EAAW;AAAC,iBAAO,EAAE,KAAK,WAAL,CAAF,CAAoB,IAApB,CAAyB,YAAU,CAAV,GAAY,IAAZ,CAAhC,CAAD;SAAX;;;SAAX,EAA0E;AAAU,2BAAS,CAAT,EAAW,CAAX,EAAa;AAAC,kBAAO,EAAE,QAAF,CAAW,WAAX,EAAP,GAAiC,KAAI,QAAJ;AAAa,qBAAO,EAAE,iBAAF,EAAoB,CAApB,EAAuB,MAAvB,CAApB,KAAsD,OAAJ;AAAY,kBAAG,KAAK,SAAL,CAAe,CAAf,CAAH,EAAqB,OAAO,KAAK,UAAL,CAAgB,EAAE,IAAF,CAAhB,CAAwB,MAAxB,CAA+B,UAA/B,EAA2C,MAA3C,CAA5B,CAAhG,OAAqL,EAAE,MAAF,CAArL;SAAb;;;SAAV,EAAsN;AAAO,wBAAS,CAAT,EAAW,CAAX,EAAa;AAAC,iBAAO,KAAK,WAAL,QAAwB,6DAAxB,IAA2B,KAAK,WAAL,QAAwB,6DAAxB,EAA2B,CAA3B,EAA6B,CAA7B,CAA3B,GAA2D,CAAC,CAAD,CAAnE;SAAb;;;SAAP,EAA2F,aAAY,EAAC;AAAU,2BAAS,CAAT,EAAW;AAAC,mBAAO,CAAP,CAAD;WAAX;;;WAAV,EAAgC;AAAO,0BAAS,CAAT,EAAW,CAAX,EAAa;AAAC,mBAAM,CAAC,CAAC,EAAE,CAAF,EAAI,EAAE,IAAF,CAAJ,CAAY,MAAZ,CAAT;WAAb;;;WAAP,EAAiD;AAAW,6BAAS,CAAT,EAAW,CAAX,EAAa;AAAC,mBAAO,EAAE,CAAF,CAAP,CAAD;WAAb;;;WAAX,EAA9F,EAAqI;AAAS,0BAAS,CAAT,EAAW;AAAC,cAAI,IAAE,KAAK,YAAL,CAAkB,CAAlB,CAAF,CAAL,OAAkC,CAAC,EAAE,SAAF,CAAY,OAAZ,CAAoB,QAApB,CAA6B,IAA7B,CAAkC,IAAlC,EAAuC,CAAvC,EAAyC,CAAzC,CAAD,IAA8C,qBAA9C,CAAlC;SAAX;;;SAAT,EAA2H;AAAa,8BAAS,CAAT,EAAW;AAAC,eAAK,OAAL,CAAa,EAAE,IAAF,CAAb,KAAuB,KAAK,cAAL,IAAsB,KAAK,OAAL,CAAa,EAAE,IAAF,CAAb,GAAqB,CAAC,CAAD,CAAlE,CAAD;SAAX;;;SAAb,EAAgG;AAAY,6BAAS,CAAT,EAAW,CAAX,EAAa;AAAC,eAAK,cAAL,IAAsB,KAAK,cAAL,GAAoB,CAApB,KAAwB,KAAK,cAAL,GAAoB,CAApB,CAAxB,EAA+C,OAAO,KAAK,OAAL,CAAa,EAAE,IAAF,CAApB,EAA4B,KAAG,MAAI,KAAK,cAAL,IAAqB,KAAK,aAAL,IAAoB,KAAK,IAAL,EAAhD,IAA6D,EAAE,KAAK,WAAL,CAAF,CAAoB,MAApB,IAA6B,KAAK,aAAL,GAAmB,CAAC,CAAD,CAA7G,GAAiH,CAAC,CAAD,IAAI,MAAI,KAAK,cAAL,IAAqB,KAAK,aAAL,KAAqB,EAAE,KAAK,WAAL,CAAF,CAAoB,cAApB,CAAmC,cAAnC,EAAkD,CAAC,IAAD,CAAlD,GAA0D,KAAK,aAAL,GAAmB,CAAC,CAAD,CAA/H,CAAnN;SAAb;;;SAAZ,EAAgX;AAAc,+BAAS,CAAT,EAAW;AAAC,iBAAO,EAAE,IAAF,CAAO,CAAP,EAAS,eAAT,KAA2B,EAAE,IAAF,CAAO,CAAP,EAAS,eAAT,EAAyB,EAAC,KAAI,IAAJ,EAAS,OAAM,CAAC,CAAD,EAAG,SAAQ,KAAK,cAAL,CAAoB,CAApB,EAAsB,QAAtB,CAAR,EAA5C,CAA3B,CAAR;SAAX;;;SAAd,EAA35S,EAA+iT,mBAAkB,EAAC,UAAS,EAAC,UAAS,CAAC,CAAD,EAAnB,EAAuB,OAAM,EAAC,OAAM,CAAC,CAAD,EAAb,EAAiB,KAAI,EAAC,KAAI,CAAC,CAAD,EAAT,EAAa,MAAK,EAAC,MAAK,CAAC,CAAD,EAAX,EAAe,SAAQ,EAAC,SAAQ,CAAC,CAAD,EAAjB,EAAqB,QAAO,EAAC,QAAO,CAAC,CAAD,EAAf,EAAmB,QAAO,EAAC,QAAO,CAAC,CAAD,EAAf,EAAmB,YAAW,EAAC,YAAW,CAAC,CAAD,EAAvB,EAAlJ,EAA8K;AAAc,6BAAS,CAAT,EAAW,CAAX,EAAa;AAAC,UAAE,WAAF,KAAgB,MAAhB,GAAuB,KAAK,iBAAL,CAAuB,CAAvB,IAA0B,CAA1B,GAA4B,EAAE,MAAF,CAAS,KAAK,iBAAL,EAAuB,CAAhC,CAAnD,CAAD;OAAb;;;OAAd,EAAmH;AAAW,0BAAS,CAAT,EAAW;AAAC,YAAI,IAAE,EAAF;YAAK,IAAE,EAAE,CAAF,EAAK,IAAL,CAAU,OAAV,CAAF,CAAV,OAAsC,KAAG,EAAE,IAAF,CAAO,EAAE,KAAF,CAAQ,GAAR,CAAP,EAAoB,YAAU;AAAC,kBAAQ,EAAE,SAAF,CAAY,iBAAZ,IAA+B,EAAE,MAAF,CAAS,CAAT,EAAW,EAAE,SAAF,CAAY,iBAAZ,CAA8B,IAA9B,CAAX,CAAvC,CAAD;SAAV,CAAvB,EAA2H,CAA3H,CAAtC;OAAX;;;OAAX,EAA0L;AAAe,8BAAS,CAAT,EAAW;AAAC,YAAI,CAAJ;YAAM,CAAN;YAAQ,IAAE,EAAF;YAAK,IAAE,EAAE,CAAF,CAAF;YAAO,IAAE,EAAE,YAAF,CAAe,MAAf,CAAF,CAArB,KAAkD,CAAJ,2CAAS,EAAE,SAAF,CAAY,OAAZ,CAAT;AAA6B,yBAAa,CAAb,IAAgB,IAAE,EAAE,YAAF,CAAe,CAAf,CAAF,EAAoB,OAAK,CAAL,KAAS,IAAE,CAAC,CAAD,CAAX,EAAe,IAAE,CAAC,CAAC,CAAD,CAAtD,GAA0D,IAAE,EAAE,IAAF,CAAO,CAAP,CAAF,EAAY,UAAU,IAAV,CAAe,CAAf,MAAoB,SAAO,CAAP,IAAU,oBAAoB,IAApB,CAAyB,CAAzB,CAAV,CAApB,KAA6D,IAAE,OAAO,CAAP,CAAF,CAA7D,EAA0E,KAAG,MAAI,CAAJ,GAAM,EAAE,CAAF,IAAK,CAAL,GAAO,MAAI,CAAJ,IAAO,YAAU,CAAV,KAAc,EAAE,CAAF,IAAK,CAAC,CAAD,CAA1B;SAA7L,OAAkO,EAAE,SAAF,IAAa,uBAAuB,IAAvB,CAA4B,EAAE,SAAF,CAAzC,IAAuD,OAAO,EAAE,SAAF,EAAY,CAA1E,CAAhR;OAAX;;;OAAf,EAAuX;AAAU,yBAAS,CAAT,EAAW;AAAC,YAAI,CAAJ;YAAM,CAAN;YAAQ,IAAE,EAAF;YAAK,IAAE,EAAE,CAAF,CAAF,CAAd,KAAyB,CAAJ,2CAAS,EAAE,SAAF,CAAY,OAAZ,CAAT;AAA6B,cAAE,EAAE,IAAF,CAAO,SAAO,EAAE,MAAF,CAAS,CAAT,EAAY,WAAZ,EAAP,GAAiC,EAAE,SAAF,CAAY,CAAZ,EAAe,WAAf,EAAjC,CAAT,EAAwE,KAAK,CAAL,KAAS,CAAT,KAAa,EAAE,CAAF,IAAK,CAAL,CAAb;SAArG,OAAiI,CAAP,CAA/I;OAAX;;;OAAV,EAA8K;AAAY,2BAAS,CAAT,EAAW;AAAC,YAAI,IAAE,EAAF;YAAK,IAAE,EAAE,IAAF,CAAO,EAAE,IAAF,EAAO,WAAd,CAAF,CAAV,OAA8C,EAAE,QAAF,CAAW,KAAX,KAAmB,IAAE,EAAE,SAAF,CAAY,aAAZ,CAA0B,EAAE,QAAF,CAAW,KAAX,CAAiB,EAAE,IAAF,CAA3C,KAAqD,EAArD,CAArB,EAA8E,CAA9E,CAA9C;OAAX;;;OAAZ,EAAsJ;AAAe,8BAAS,CAAT,EAAW,CAAX,EAAa;AAAC,eAAO,EAAE,IAAF,CAAO,CAAP,EAAS,UAAS,CAAT,EAAW,CAAX,EAAa;AAAC,cAAG,MAAI,CAAC,CAAD,EAAG,OAAO,KAAK,OAAO,EAAE,CAAF,CAAP,CAAtB,IAAqC,EAAE,KAAF,IAAS,EAAE,OAAF,EAAU;AAAC,gBAAI,IAAE,CAAC,CAAD,CAAP,iCAAwB,EAAE,OAAF,CAAd,GAAyB,KAAI,QAAJ;AAAa,oBAAE,CAAC,CAAC,EAAE,EAAE,OAAF,EAAU,EAAE,IAAF,CAAZ,CAAoB,MAApB,CAAjB,MAAzB,KAA+E,UAAJ;AAAe,oBAAE,EAAE,OAAF,CAAU,IAAV,CAAe,CAAf,EAAiB,CAAjB,CAAF,CAAf,CAArF,CAA0H,GAAE,EAAE,CAAF,IAAK,KAAK,CAAL,KAAS,EAAE,KAAF,GAAQ,EAAE,KAAF,GAAQ,CAAC,CAAD,GAAG,OAAO,EAAE,CAAF,CAAP,CAA7J;WAAtB;SAAhD,CAAT,EAA2P,EAAE,IAAF,CAAO,CAAP,EAAS,UAAS,CAAT,EAAW,CAAX,EAAa;AAAC,YAAE,CAAF,IAAK,EAAE,UAAF,CAAa,CAAb,IAAgB,EAAE,CAAF,CAAhB,GAAqB,CAArB,CAAN;SAAb,CAApQ,EAAgT,EAAE,IAAF,CAAO,CAAC,WAAD,EAAa,WAAb,CAAP,EAAiC,YAAU;AAAC,YAAE,IAAF,MAAU,EAAE,IAAF,IAAQ,OAAO,EAAE,IAAF,CAAP,CAAR,CAAV,CAAD;SAAV,CAAjV,EAAiY,EAAE,IAAF,CAAO,CAAC,aAAD,EAAe,OAAf,CAAP,EAA+B,YAAU;AAAC,cAAI,CAAJ,CAAD,CAAO,CAAE,IAAF,MAAU,EAAE,OAAF,CAAU,EAAE,IAAF,CAAV,IAAmB,EAAE,IAAF,IAAQ,CAAC,OAAO,EAAE,IAAF,EAAQ,CAAR,CAAP,CAAD,EAAoB,OAAO,EAAE,IAAF,EAAQ,CAAR,CAAP,CAApB,CAAR,GAAgD,YAAU,OAAO,EAAE,IAAF,CAAP,KAAiB,IAAE,EAAE,IAAF,EAAQ,OAAR,CAAgB,SAAhB,EAA0B,EAA1B,EAA8B,KAA9B,CAAoC,QAApC,CAAF,EAAgD,EAAE,IAAF,IAAQ,CAAC,OAAO,EAAE,CAAF,CAAP,CAAD,EAAc,OAAO,EAAE,CAAF,CAAP,CAAd,CAAR,CAA3E,CAA7E,CAAP;SAAV,CAAha,EAAinB,EAAE,SAAF,CAAY,gBAAZ,KAA+B,QAAM,EAAE,GAAF,IAAO,QAAM,EAAE,GAAF,KAAQ,EAAE,KAAF,GAAQ,CAAC,EAAE,GAAF,EAAM,EAAE,GAAF,CAAf,EAAsB,OAAO,EAAE,GAAF,EAAM,OAAO,EAAE,GAAF,CAArE,EAA4E,QAAM,EAAE,SAAF,IAAa,QAAM,EAAE,SAAF,KAAc,EAAE,WAAF,GAAc,CAAC,EAAE,SAAF,EAAY,EAAE,SAAF,CAA3B,EAAwC,OAAO,EAAE,SAAF,EAAY,OAAO,EAAE,SAAF,CAAzG,CAA3G,EAAkO,CAAn1B,CAAR;OAAb;;;OAAf,EAA03B;AAAc,6BAAS,CAAT,EAAW;AAAC,YAAG,YAAU,OAAO,CAAP,EAAS;AAAC,cAAI,IAAE,EAAF,CAAL,CAAU,CAAE,IAAF,CAAO,EAAE,KAAF,CAAQ,IAAR,CAAP,EAAqB,YAAU;AAAC,cAAE,IAAF,IAAQ,CAAC,CAAD,CAAT;WAAV,CAArB,EAA6C,IAAE,CAAF,CAAvD;SAAtB,OAAwF,CAAP,CAAlF;OAAX;;;OAAd,EAAqH;AAAU,yBAAS,CAAT,EAAW,CAAX,EAAa,CAAb,EAAe;AAAC,UAAE,SAAF,CAAY,OAAZ,CAAoB,CAApB,IAAuB,CAAvB,EAAyB,EAAE,SAAF,CAAY,QAAZ,CAAqB,CAArB,IAAwB,KAAK,CAAL,KAAS,CAAT,GAAW,CAAX,GAAa,EAAE,SAAF,CAAY,QAAZ,CAAqB,CAArB,CAAb,EAAqC,EAAE,MAAF,GAAS,CAAT,IAAY,EAAE,SAAF,CAAY,aAAZ,CAA0B,CAA1B,EAA4B,EAAE,SAAF,CAAY,aAAZ,CAA0B,CAA1B,CAA5B,CAAZ,CAAvF;OAAf;;;OAAV,EAAuL,SAAQ,EAAC;AAAS,0BAAS,CAAT,EAAW,CAAX,EAAa,CAAb,EAAe;AAAC,cAAG,CAAC,KAAK,MAAL,CAAY,CAAZ,EAAc,CAAd,CAAD,EAAkB,OAAM,qBAAN,CAArB,IAAoD,aAAW,EAAE,QAAF,CAAW,WAAX,EAAX,EAAoC;AAAC,gBAAI,IAAE,EAAE,CAAF,EAAK,GAAL,EAAF,CAAL,OAAyB,KAAG,EAAE,MAAF,GAAS,CAAT,CAA5B;WAAvC,OAAqF,KAAK,SAAL,CAAe,CAAf,IAAkB,KAAK,SAAL,CAAe,CAAf,EAAiB,CAAjB,IAAoB,CAApB,GAAsB,EAAE,IAAF,CAAO,CAAP,EAAU,MAAV,GAAiB,CAAjB,CAA/K;SAAf;;;SAAT,EAA2N;AAAM,uBAAS,CAAT,EAAW,CAAX,EAAa;AAAC,iBAAO,KAAK,QAAL,CAAc,CAAd,KAAkB,wIAAwI,IAAxI,CAA6I,CAA7I,CAAlB,CAAR;SAAb;;;SAAN,EAA8L;AAAI,qBAAS,CAAT,EAAW,CAAX,EAAa;AAAC,iBAAO,KAAK,QAAL,CAAc,CAAd,KAAkB,uqCAAuqC,IAAvqC,CAA4qC,CAA5qC,CAAlB,CAAR;SAAb;;;SAAJ,EAA2tC;AAAK,sBAAS,CAAT,EAAW,CAAX,EAAa;AAAC,iBAAO,KAAK,QAAL,CAAc,CAAd,KAAkB,CAAC,cAAc,IAAd,CAAmB,IAAI,IAAJ,CAAS,CAAT,EAAY,QAAZ,EAAnB,CAAD,CAA1B;SAAb;;;SAAL,EAAyF;AAAQ,yBAAS,CAAT,EAAW,CAAX,EAAa;AAAC,iBAAO,KAAK,QAAL,CAAc,CAAd,KAAkB,+DAA+D,IAA/D,CAAoE,CAApE,CAAlB,CAAR;SAAb;;;SAAR,EAAuH;AAAO,wBAAS,CAAT,EAAW,CAAX,EAAa;AAAC,iBAAO,KAAK,QAAL,CAAc,CAAd,KAAkB,4CAA4C,IAA5C,CAAiD,CAAjD,CAAlB,CAAR;SAAb;;;SAAP,EAAmG;AAAO,wBAAS,CAAT,EAAW,CAAX,EAAa;AAAC,iBAAO,KAAK,QAAL,CAAc,CAAd,KAAkB,QAAQ,IAAR,CAAa,CAAb,CAAlB,CAAR;SAAb;;;SAAP,EAA+D;AAAW,4BAAS,CAAT,EAAW,CAAX,EAAa;AAAC,cAAG,KAAK,QAAL,CAAc,CAAd,CAAH,EAAoB,OAAM,qBAAN,CAApB,IAAmD,aAAa,IAAb,CAAkB,CAAlB,CAAH,EAAwB,OAAM,CAAC,CAAD,CAA9B,IAAqC,CAAJ;cAAM,CAAN;cAAQ,IAAE,CAAF;cAAI,IAAE,CAAF;cAAI,IAAE,CAAC,CAAD,CAApG,IAA0G,IAAE,EAAE,OAAF,CAAU,KAAV,EAAgB,EAAhB,CAAF,EAAsB,EAAE,MAAF,GAAS,EAAT,IAAa,EAAE,MAAF,GAAS,EAAT,EAAY,OAAM,CAAC,CAAD,CAAxD,KAA+D,IAAE,EAAE,MAAF,GAAS,CAAT,EAAW,KAAG,CAAH,EAAK,GAAtB;AAA0B,gBAAE,EAAE,MAAF,CAAS,CAAT,CAAF,EAAc,IAAE,SAAS,CAAT,EAAW,EAAX,CAAF,EAAiB,KAAG,CAAC,KAAG,CAAH,CAAD,GAAO,CAAP,KAAW,KAAG,CAAH,CAAd,EAAoB,KAAG,CAAH,EAAK,IAAE,CAAC,CAAD;WAApF,OAA8F,IAAE,EAAF,KAAO,CAAP,CAAhQ;SAAb;;;SAAX,EAAkS;AAAU,2BAAS,CAAT,EAAW,CAAX,EAAa,CAAb,EAAe;AAAC,cAAI,IAAE,EAAE,OAAF,CAAU,CAAV,IAAa,EAAE,MAAF,GAAS,KAAK,SAAL,CAAe,CAAf,EAAiB,CAAjB,CAAtB,CAAP,OAAwD,KAAK,QAAL,CAAc,CAAd,KAAkB,KAAG,CAAH,CAA1E;SAAf;;;SAAV,EAAyG;AAAU,2BAAS,CAAT,EAAW,CAAX,EAAa,CAAb,EAAe;AAAC,cAAI,IAAE,EAAE,OAAF,CAAU,CAAV,IAAa,EAAE,MAAF,GAAS,KAAK,SAAL,CAAe,CAAf,EAAiB,CAAjB,CAAtB,CAAP,OAAwD,KAAK,QAAL,CAAc,CAAd,KAAkB,KAAG,CAAH,CAA1E;SAAf;;;SAAV,EAAyG;AAAY,6BAAS,CAAT,EAAW,CAAX,EAAa,CAAb,EAAe;AAAC,cAAI,IAAE,EAAE,OAAF,CAAU,CAAV,IAAa,EAAE,MAAF,GAAS,KAAK,SAAL,CAAe,CAAf,EAAiB,CAAjB,CAAtB,CAAP,OAAwD,KAAK,QAAL,CAAc,CAAd,KAAkB,KAAG,EAAE,CAAF,CAAH,IAAS,KAAG,EAAE,CAAF,CAAH,CAAnF;SAAf;;;SAAZ,EAAuH;AAAI,qBAAS,CAAT,EAAW,CAAX,EAAa,CAAb,EAAe;AAAC,iBAAO,KAAK,QAAL,CAAc,CAAd,KAAkB,KAAG,CAAH,CAA1B;SAAf;;;SAAJ,EAAmD;AAAI,qBAAS,CAAT,EAAW,CAAX,EAAa,CAAb,EAAe;AAAC,iBAAO,KAAK,QAAL,CAAc,CAAd,KAAkB,KAAG,CAAH,CAA1B;SAAf;;;SAAJ,EAAmD;AAAM,uBAAS,CAAT,EAAW,CAAX,EAAa,CAAb,EAAe;AAAC,iBAAO,KAAK,QAAL,CAAc,CAAd,KAAkB,KAAG,EAAE,CAAF,CAAH,IAAS,KAAG,EAAE,CAAF,CAAH,CAAnC;SAAf;;;SAAN,EAAiE;AAAQ,yBAAS,CAAT,EAAW,CAAX,EAAa,CAAb,EAAe;AAAC,cAAI,IAAE,EAAE,CAAF,CAAF,CAAL,OAAmB,KAAK,QAAL,CAAc,UAAd,IAA0B,EAAE,MAAF,CAAS,mBAAT,EAA8B,IAA9B,CAAmC,uBAAnC,EAA2D,YAAU;AAAC,cAAE,CAAF,EAAK,KAAL,GAAD;WAAV,CAArF,EAA+G,MAAI,EAAE,GAAF,EAAJ,CAAlI;SAAf;;;SAAR,EAAsK;AAAO,wBAAS,CAAT,EAAW,CAAX,EAAa,CAAb,EAAe;AAAC,cAAG,KAAK,QAAL,CAAc,CAAd,CAAH,EAAoB,OAAM,qBAAN,CAApB,IAAoD,CAAJ;cAAM,CAAN;cAAQ,IAAE,KAAK,aAAL,CAAmB,CAAnB,CAAF,CAAzD,OAAwF,KAAK,QAAL,CAAc,QAAd,CAAuB,EAAE,IAAF,CAAvB,KAAiC,KAAK,QAAL,CAAc,QAAd,CAAuB,EAAE,IAAF,CAAvB,GAA+B,EAA/B,CAAjC,EAAoE,EAAE,eAAF,GAAkB,KAAK,QAAL,CAAc,QAAd,CAAuB,EAAE,IAAF,CAAvB,CAA+B,MAA/B,EAAsC,KAAK,QAAL,CAAc,QAAd,CAAuB,EAAE,IAAF,CAAvB,CAA+B,MAA/B,GAAsC,EAAE,OAAF,EAAU,IAAE,YAAU,OAAO,CAAP,IAAU,EAAC,KAAI,CAAJ,EAArB,IAA6B,CAA7B,EAA+B,EAAE,GAAF,KAAQ,CAAR,GAAU,EAAE,KAAF,IAAS,EAAE,GAAF,GAAM,CAAN,EAAQ,IAAE,IAAF,EAAO,KAAK,YAAL,CAAkB,CAAlB,CAAf,EAAoC,IAAE,EAAF,EAAK,EAAE,EAAE,IAAF,CAAF,GAAU,CAAV,EAAY,EAAE,IAAF,CAAO,EAAE,MAAF,CAAS,CAAC,CAAD,EAAG,EAAC,KAAI,CAAJ,EAAM,MAAK,OAAL,EAAa,MAAK,aAAW,EAAE,IAAF,EAAO,UAAS,MAAT,EAAgB,MAAK,CAAL,EAAO,SAAQ,EAAE,WAAF,EAAc;AAAQ,+BAAS,CAAT,EAAW;AAAC,oBAAI,CAAJ;oBAAM,CAAN;oBAAQ,CAAR;oBAAU,IAAE,MAAI,CAAC,CAAD,IAAI,WAAS,CAAT,CAArB,CAAgC,CAAE,QAAF,CAAW,QAAX,CAAoB,EAAE,IAAF,CAApB,CAA4B,MAA5B,GAAmC,EAAE,eAAF,EAAkB,KAAG,IAAE,EAAE,aAAF,EAAgB,EAAE,cAAF,CAAiB,CAAjB,CAAlB,EAAsC,EAAE,aAAF,GAAgB,CAAhB,EAAkB,EAAE,WAAF,CAAc,IAAd,CAAmB,CAAnB,CAAxD,EAA8E,OAAO,EAAE,OAAF,CAAU,EAAE,IAAF,CAAjB,EAAyB,EAAE,UAAF,EAAvG,CAAH,IAA2H,IAAE,EAAF,EAAK,IAAE,KAAG,EAAE,cAAF,CAAiB,CAAjB,EAAmB,QAAnB,CAAH,EAAgC,EAAE,EAAE,IAAF,CAAF,GAAU,EAAE,OAAF,GAAU,EAAE,UAAF,CAAa,CAAb,IAAgB,EAAE,CAAF,CAAhB,GAAqB,CAArB,EAAuB,EAAE,OAAF,CAAU,EAAE,IAAF,CAAV,GAAkB,CAAC,CAAD,EAAG,EAAE,UAAF,CAAa,CAAb,CAAvG,CAA3H,EAAmP,EAAE,KAAF,GAAQ,CAAR,EAAU,EAAE,WAAF,CAAc,CAAd,EAAgB,CAAhB,CAAlT,CAAhC;eAAX;;;eAAR,EAApG,EAA8d,CAA9d,CAAP,CAArD,EAA8hB,SAA9hB,CAAnB,CAArS;SAAf;;;SAAP,EAAv6F,EAAr1b,CAArrF,EAA4yoB,EAAE,MAAF,GAAS,YAAU;AAAC,UAAK,sEAAL,CAAD;GAAV,CAAtzoB,IAAk5oB,CAAJ;MAAM,IAAE,EAAF,CAAp5oB,CAAy5oB,CAAE,aAAF,GAAgB,EAAE,aAAF,CAAgB,UAAS,CAAT,EAAW,CAAX,EAAa,CAAb,EAAe;AAAC,QAAI,IAAE,EAAE,IAAF,CAAP,OAAc,KAAU,EAAE,IAAF,KAAS,EAAE,CAAF,KAAM,EAAE,CAAF,EAAK,KAAL,EAAN,EAAmB,EAAE,CAAF,IAAK,CAAL,CAAtC,CAAd;GAAf,CAAhC,IAA8G,IAAE,EAAE,IAAF,EAAO,EAAE,IAAF,GAAO,UAAS,CAAT,EAAW;AAAC,QAAI,IAAE,CAAC,UAAS,CAAT,GAAW,CAAX,GAAa,EAAE,YAAF,CAAd,CAA8B,IAA9B;QAAmC,IAAE,CAAC,UAAS,CAAT,GAAW,CAAX,GAAa,EAAE,YAAF,CAAd,CAA8B,IAA9B,CAA5C,OAAqF,YAAU,CAAV,IAAa,EAAE,CAAF,KAAM,EAAE,CAAF,EAAK,KAAL,EAAN,EAAmB,EAAE,CAAF,IAAK,EAAE,KAAF,CAAQ,IAAR,EAAa,SAAb,CAAL,EAA6B,EAAE,CAAF,CAAhD,CAAb,GAAmE,EAAE,KAAF,CAAQ,IAAR,EAAa,SAAb,CAAnE,CAArF;GAAX,CAA9H,EAA2T,EAAE,MAAF,CAAS,EAAE,EAAF,EAAK,EAAC;AAAiB,gCAAS,CAAT,EAAW,CAAX,EAAa,CAAb,EAAe;AAAC,eAAO,KAAK,IAAL,CAAU,CAAV,EAAY,UAAS,CAAT,EAAW;AAAC,cAAI,IAAE,EAAE,EAAE,MAAF,CAAJ,CAAL,OAA0B,EAAE,EAAF,CAAK,CAAL,IAAQ,EAAE,KAAF,CAAQ,CAAR,EAAU,SAAV,CAAR,GAA6B,KAAK,CAAL,CAAvD;SAAX,CAAnB,CAAD;OAAf;;;OAAjB,EAAf,CAA3T,CAAz5oB;CAAX,CAAnF","file":"/client/lib/compatibility/slicklab/js/jquery.validate.min.js.map","sourcesContent":["/*! jQuery Validation Plugin - v1.13.1 - 10/14/2014\n * http://jqueryvalidation.org/\n * Copyright (c) 2014 Jörn Zaefferer; Licensed MIT */\n!function(a){\"function\"==typeof define&&define.amd?define([\"jquery\"],a):a(jQuery)}(function(a){a.extend(a.fn,{validate:function(b){if(!this.length)return void(b&&b.debug&&window.console&&console.warn(\"Nothing selected, can't validate, returning nothing.\"));var c=a.data(this[0],\"validator\");return c?c:(this.attr(\"novalidate\",\"novalidate\"),c=new a.validator(b,this[0]),a.data(this[0],\"validator\",c),c.settings.onsubmit&&(this.validateDelegate(\":submit\",\"click\",function(b){c.settings.submitHandler&&(c.submitButton=b.target),a(b.target).hasClass(\"cancel\")&&(c.cancelSubmit=!0),void 0!==a(b.target).attr(\"formnovalidate\")&&(c.cancelSubmit=!0)}),this.submit(function(b){function d(){var d,e;return c.settings.submitHandler?(c.submitButton&&(d=a(\"<input type='hidden'/>\").attr(\"name\",c.submitButton.name).val(a(c.submitButton).val()).appendTo(c.currentForm)),e=c.settings.submitHandler.call(c,c.currentForm,b),c.submitButton&&d.remove(),void 0!==e?e:!1):!0}return c.settings.debug&&b.preventDefault(),c.cancelSubmit?(c.cancelSubmit=!1,d()):c.form()?c.pendingRequest?(c.formSubmitted=!0,!1):d():(c.focusInvalid(),!1)})),c)},valid:function(){var b,c;return a(this[0]).is(\"form\")?b=this.validate().form():(b=!0,c=a(this[0].form).validate(),this.each(function(){b=c.element(this)&&b})),b},removeAttrs:function(b){var c={},d=this;return a.each(b.split(/\\s/),function(a,b){c[b]=d.attr(b),d.removeAttr(b)}),c},rules:function(b,c){var d,e,f,g,h,i,j=this[0];if(b)switch(d=a.data(j.form,\"validator\").settings,e=d.rules,f=a.validator.staticRules(j),b){case\"add\":a.extend(f,a.validator.normalizeRule(c)),delete f.messages,e[j.name]=f,c.messages&&(d.messages[j.name]=a.extend(d.messages[j.name],c.messages));break;case\"remove\":return c?(i={},a.each(c.split(/\\s/),function(b,c){i[c]=f[c],delete f[c],\"required\"===c&&a(j).removeAttr(\"aria-required\")}),i):(delete e[j.name],f)}return g=a.validator.normalizeRules(a.extend({},a.validator.classRules(j),a.validator.attributeRules(j),a.validator.dataRules(j),a.validator.staticRules(j)),j),g.required&&(h=g.required,delete g.required,g=a.extend({required:h},g),a(j).attr(\"aria-required\",\"true\")),g.remote&&(h=g.remote,delete g.remote,g=a.extend(g,{remote:h})),g}}),a.extend(a.expr[\":\"],{blank:function(b){return!a.trim(\"\"+a(b).val())},filled:function(b){return!!a.trim(\"\"+a(b).val())},unchecked:function(b){return!a(b).prop(\"checked\")}}),a.validator=function(b,c){this.settings=a.extend(!0,{},a.validator.defaults,b),this.currentForm=c,this.init()},a.validator.format=function(b,c){return 1===arguments.length?function(){var c=a.makeArray(arguments);return c.unshift(b),a.validator.format.apply(this,c)}:(arguments.length>2&&c.constructor!==Array&&(c=a.makeArray(arguments).slice(1)),c.constructor!==Array&&(c=[c]),a.each(c,function(a,c){b=b.replace(new RegExp(\"\\\\{\"+a+\"\\\\}\",\"g\"),function(){return c})}),b)},a.extend(a.validator,{defaults:{messages:{},groups:{},rules:{},errorClass:\"error\",validClass:\"valid\",errorElement:\"label\",focusCleanup:!1,focusInvalid:!0,errorContainer:a([]),errorLabelContainer:a([]),onsubmit:!0,ignore:\":hidden\",ignoreTitle:!1,onfocusin:function(a){this.lastActive=a,this.settings.focusCleanup&&(this.settings.unhighlight&&this.settings.unhighlight.call(this,a,this.settings.errorClass,this.settings.validClass),this.hideThese(this.errorsFor(a)))},onfocusout:function(a){this.checkable(a)||!(a.name in this.submitted)&&this.optional(a)||this.element(a)},onkeyup:function(a,b){(9!==b.which||\"\"!==this.elementValue(a))&&(a.name in this.submitted||a===this.lastElement)&&this.element(a)},onclick:function(a){a.name in this.submitted?this.element(a):a.parentNode.name in this.submitted&&this.element(a.parentNode)},highlight:function(b,c,d){\"radio\"===b.type?this.findByName(b.name).addClass(c).removeClass(d):a(b).addClass(c).removeClass(d)},unhighlight:function(b,c,d){\"radio\"===b.type?this.findByName(b.name).removeClass(c).addClass(d):a(b).removeClass(c).addClass(d)}},setDefaults:function(b){a.extend(a.validator.defaults,b)},messages:{required:\"This field is required.\",remote:\"Please fix this field.\",email:\"Please enter a valid email address.\",url:\"Please enter a valid URL.\",date:\"Please enter a valid date.\",dateISO:\"Please enter a valid date ( ISO ).\",number:\"Please enter a valid number.\",digits:\"Please enter only digits.\",creditcard:\"Please enter a valid credit card number.\",equalTo:\"Please enter the same value again.\",maxlength:a.validator.format(\"Please enter no more than {0} characters.\"),minlength:a.validator.format(\"Please enter at least {0} characters.\"),rangelength:a.validator.format(\"Please enter a value between {0} and {1} characters long.\"),range:a.validator.format(\"Please enter a value between {0} and {1}.\"),max:a.validator.format(\"Please enter a value less than or equal to {0}.\"),min:a.validator.format(\"Please enter a value greater than or equal to {0}.\")},autoCreateRanges:!1,prototype:{init:function(){function b(b){var c=a.data(this[0].form,\"validator\"),d=\"on\"+b.type.replace(/^validate/,\"\"),e=c.settings;e[d]&&!this.is(e.ignore)&&e[d].call(c,this[0],b)}this.labelContainer=a(this.settings.errorLabelContainer),this.errorContext=this.labelContainer.length&&this.labelContainer||a(this.currentForm),this.containers=a(this.settings.errorContainer).add(this.settings.errorLabelContainer),this.submitted={},this.valueCache={},this.pendingRequest=0,this.pending={},this.invalid={},this.reset();var c,d=this.groups={};a.each(this.settings.groups,function(b,c){\"string\"==typeof c&&(c=c.split(/\\s/)),a.each(c,function(a,c){d[c]=b})}),c=this.settings.rules,a.each(c,function(b,d){c[b]=a.validator.normalizeRule(d)}),a(this.currentForm).validateDelegate(\":text, [type='password'], [type='file'], select, textarea, [type='number'], [type='search'] ,[type='tel'], [type='url'], [type='email'], [type='datetime'], [type='date'], [type='month'], [type='week'], [type='time'], [type='datetime-local'], [type='range'], [type='color'], [type='radio'], [type='checkbox']\",\"focusin focusout keyup\",b).validateDelegate(\"select, option, [type='radio'], [type='checkbox']\",\"click\",b),this.settings.invalidHandler&&a(this.currentForm).bind(\"invalid-form.validate\",this.settings.invalidHandler),a(this.currentForm).find(\"[required], [data-rule-required], .required\").attr(\"aria-required\",\"true\")},form:function(){return this.checkForm(),a.extend(this.submitted,this.errorMap),this.invalid=a.extend({},this.errorMap),this.valid()||a(this.currentForm).triggerHandler(\"invalid-form\",[this]),this.showErrors(),this.valid()},checkForm:function(){this.prepareForm();for(var a=0,b=this.currentElements=this.elements();b[a];a++)this.check(b[a]);return this.valid()},element:function(b){var c=this.clean(b),d=this.validationTargetFor(c),e=!0;return this.lastElement=d,void 0===d?delete this.invalid[c.name]:(this.prepareElement(d),this.currentElements=a(d),e=this.check(d)!==!1,e?delete this.invalid[d.name]:this.invalid[d.name]=!0),a(b).attr(\"aria-invalid\",!e),this.numberOfInvalids()||(this.toHide=this.toHide.add(this.containers)),this.showErrors(),e},showErrors:function(b){if(b){a.extend(this.errorMap,b),this.errorList=[];for(var c in b)this.errorList.push({message:b[c],element:this.findByName(c)[0]});this.successList=a.grep(this.successList,function(a){return!(a.name in b)})}this.settings.showErrors?this.settings.showErrors.call(this,this.errorMap,this.errorList):this.defaultShowErrors()},resetForm:function(){a.fn.resetForm&&a(this.currentForm).resetForm(),this.submitted={},this.lastElement=null,this.prepareForm(),this.hideErrors(),this.elements().removeClass(this.settings.errorClass).removeData(\"previousValue\").removeAttr(\"aria-invalid\")},numberOfInvalids:function(){return this.objectLength(this.invalid)},objectLength:function(a){var b,c=0;for(b in a)c++;return c},hideErrors:function(){this.hideThese(this.toHide)},hideThese:function(a){a.not(this.containers).text(\"\"),this.addWrapper(a).hide()},valid:function(){return 0===this.size()},size:function(){return this.errorList.length},focusInvalid:function(){if(this.settings.focusInvalid)try{a(this.findLastActive()||this.errorList.length&&this.errorList[0].element||[]).filter(\":visible\").focus().trigger(\"focusin\")}catch(b){}},findLastActive:function(){var b=this.lastActive;return b&&1===a.grep(this.errorList,function(a){return a.element.name===b.name}).length&&b},elements:function(){var b=this,c={};return a(this.currentForm).find(\"input, select, textarea\").not(\":submit, :reset, :image, [disabled], [readonly]\").not(this.settings.ignore).filter(function(){return!this.name&&b.settings.debug&&window.console&&console.error(\"%o has no name assigned\",this),this.name in c||!b.objectLength(a(this).rules())?!1:(c[this.name]=!0,!0)})},clean:function(b){return a(b)[0]},errors:function(){var b=this.settings.errorClass.split(\" \").join(\".\");return a(this.settings.errorElement+\".\"+b,this.errorContext)},reset:function(){this.successList=[],this.errorList=[],this.errorMap={},this.toShow=a([]),this.toHide=a([]),this.currentElements=a([])},prepareForm:function(){this.reset(),this.toHide=this.errors().add(this.containers)},prepareElement:function(a){this.reset(),this.toHide=this.errorsFor(a)},elementValue:function(b){var c,d=a(b),e=b.type;return\"radio\"===e||\"checkbox\"===e?a(\"input[name='\"+b.name+\"']:checked\").val():\"number\"===e&&\"undefined\"!=typeof b.validity?b.validity.badInput?!1:d.val():(c=d.val(),\"string\"==typeof c?c.replace(/\\r/g,\"\"):c)},check:function(b){b=this.validationTargetFor(this.clean(b));var c,d,e,f=a(b).rules(),g=a.map(f,function(a,b){return b}).length,h=!1,i=this.elementValue(b);for(d in f){e={method:d,parameters:f[d]};try{if(c=a.validator.methods[d].call(this,i,b,e.parameters),\"dependency-mismatch\"===c&&1===g){h=!0;continue}if(h=!1,\"pending\"===c)return void(this.toHide=this.toHide.not(this.errorsFor(b)));if(!c)return this.formatAndAdd(b,e),!1}catch(j){throw this.settings.debug&&window.console&&console.log(\"Exception occurred when checking element \"+b.id+\", check the '\"+e.method+\"' method.\",j),j}}if(!h)return this.objectLength(f)&&this.successList.push(b),!0},customDataMessage:function(b,c){return a(b).data(\"msg\"+c.charAt(0).toUpperCase()+c.substring(1).toLowerCase())||a(b).data(\"msg\")},customMessage:function(a,b){var c=this.settings.messages[a];return c&&(c.constructor===String?c:c[b])},findDefined:function(){for(var a=0;a<arguments.length;a++)if(void 0!==arguments[a])return arguments[a];return void 0},defaultMessage:function(b,c){return this.findDefined(this.customMessage(b.name,c),this.customDataMessage(b,c),!this.settings.ignoreTitle&&b.title||void 0,a.validator.messages[c],\"<strong>Warning: No message defined for \"+b.name+\"</strong>\")},formatAndAdd:function(b,c){var d=this.defaultMessage(b,c.method),e=/\\$?\\{(\\d+)\\}/g;\"function\"==typeof d?d=d.call(this,c.parameters,b):e.test(d)&&(d=a.validator.format(d.replace(e,\"{$1}\"),c.parameters)),this.errorList.push({message:d,element:b,method:c.method}),this.errorMap[b.name]=d,this.submitted[b.name]=d},addWrapper:function(a){return this.settings.wrapper&&(a=a.add(a.parent(this.settings.wrapper))),a},defaultShowErrors:function(){var a,b,c;for(a=0;this.errorList[a];a++)c=this.errorList[a],this.settings.highlight&&this.settings.highlight.call(this,c.element,this.settings.errorClass,this.settings.validClass),this.showLabel(c.element,c.message);if(this.errorList.length&&(this.toShow=this.toShow.add(this.containers)),this.settings.success)for(a=0;this.successList[a];a++)this.showLabel(this.successList[a]);if(this.settings.unhighlight)for(a=0,b=this.validElements();b[a];a++)this.settings.unhighlight.call(this,b[a],this.settings.errorClass,this.settings.validClass);this.toHide=this.toHide.not(this.toShow),this.hideErrors(),this.addWrapper(this.toShow).show()},validElements:function(){return this.currentElements.not(this.invalidElements())},invalidElements:function(){return a(this.errorList).map(function(){return this.element})},showLabel:function(b,c){var d,e,f,g=this.errorsFor(b),h=this.idOrName(b),i=a(b).attr(\"aria-describedby\");g.length?(g.removeClass(this.settings.validClass).addClass(this.settings.errorClass),g.html(c)):(g=a(\"<\"+this.settings.errorElement+\">\").attr(\"id\",h+\"-error\").addClass(this.settings.errorClass).html(c||\"\"),d=g,this.settings.wrapper&&(d=g.hide().show().wrap(\"<\"+this.settings.wrapper+\"/>\").parent()),this.labelContainer.length?this.labelContainer.append(d):this.settings.errorPlacement?this.settings.errorPlacement(d,a(b)):d.insertAfter(b),g.is(\"label\")?g.attr(\"for\",h):0===g.parents(\"label[for='\"+h+\"']\").length&&(f=g.attr(\"id\").replace(/(:|\\.|\\[|\\])/g,\"\\\\$1\"),i?i.match(new RegExp(\"\\\\b\"+f+\"\\\\b\"))||(i+=\" \"+f):i=f,a(b).attr(\"aria-describedby\",i),e=this.groups[b.name],e&&a.each(this.groups,function(b,c){c===e&&a(\"[name='\"+b+\"']\",this.currentForm).attr(\"aria-describedby\",g.attr(\"id\"))}))),!c&&this.settings.success&&(g.text(\"\"),\"string\"==typeof this.settings.success?g.addClass(this.settings.success):this.settings.success(g,b)),this.toShow=this.toShow.add(g)},errorsFor:function(b){var c=this.idOrName(b),d=a(b).attr(\"aria-describedby\"),e=\"label[for='\"+c+\"'], label[for='\"+c+\"'] *\";return d&&(e=e+\", #\"+d.replace(/\\s+/g,\", #\")),this.errors().filter(e)},idOrName:function(a){return this.groups[a.name]||(this.checkable(a)?a.name:a.id||a.name)},validationTargetFor:function(b){return this.checkable(b)&&(b=this.findByName(b.name)),a(b).not(this.settings.ignore)[0]},checkable:function(a){return/radio|checkbox/i.test(a.type)},findByName:function(b){return a(this.currentForm).find(\"[name='\"+b+\"']\")},getLength:function(b,c){switch(c.nodeName.toLowerCase()){case\"select\":return a(\"option:selected\",c).length;case\"input\":if(this.checkable(c))return this.findByName(c.name).filter(\":checked\").length}return b.length},depend:function(a,b){return this.dependTypes[typeof a]?this.dependTypes[typeof a](a,b):!0},dependTypes:{\"boolean\":function(a){return a},string:function(b,c){return!!a(b,c.form).length},\"function\":function(a,b){return a(b)}},optional:function(b){var c=this.elementValue(b);return!a.validator.methods.required.call(this,c,b)&&\"dependency-mismatch\"},startRequest:function(a){this.pending[a.name]||(this.pendingRequest++,this.pending[a.name]=!0)},stopRequest:function(b,c){this.pendingRequest--,this.pendingRequest<0&&(this.pendingRequest=0),delete this.pending[b.name],c&&0===this.pendingRequest&&this.formSubmitted&&this.form()?(a(this.currentForm).submit(),this.formSubmitted=!1):!c&&0===this.pendingRequest&&this.formSubmitted&&(a(this.currentForm).triggerHandler(\"invalid-form\",[this]),this.formSubmitted=!1)},previousValue:function(b){return a.data(b,\"previousValue\")||a.data(b,\"previousValue\",{old:null,valid:!0,message:this.defaultMessage(b,\"remote\")})}},classRuleSettings:{required:{required:!0},email:{email:!0},url:{url:!0},date:{date:!0},dateISO:{dateISO:!0},number:{number:!0},digits:{digits:!0},creditcard:{creditcard:!0}},addClassRules:function(b,c){b.constructor===String?this.classRuleSettings[b]=c:a.extend(this.classRuleSettings,b)},classRules:function(b){var c={},d=a(b).attr(\"class\");return d&&a.each(d.split(\" \"),function(){this in a.validator.classRuleSettings&&a.extend(c,a.validator.classRuleSettings[this])}),c},attributeRules:function(b){var c,d,e={},f=a(b),g=b.getAttribute(\"type\");for(c in a.validator.methods)\"required\"===c?(d=b.getAttribute(c),\"\"===d&&(d=!0),d=!!d):d=f.attr(c),/min|max/.test(c)&&(null===g||/number|range|text/.test(g))&&(d=Number(d)),d||0===d?e[c]=d:g===c&&\"range\"!==g&&(e[c]=!0);return e.maxlength&&/-1|2147483647|524288/.test(e.maxlength)&&delete e.maxlength,e},dataRules:function(b){var c,d,e={},f=a(b);for(c in a.validator.methods)d=f.data(\"rule\"+c.charAt(0).toUpperCase()+c.substring(1).toLowerCase()),void 0!==d&&(e[c]=d);return e},staticRules:function(b){var c={},d=a.data(b.form,\"validator\");return d.settings.rules&&(c=a.validator.normalizeRule(d.settings.rules[b.name])||{}),c},normalizeRules:function(b,c){return a.each(b,function(d,e){if(e===!1)return void delete b[d];if(e.param||e.depends){var f=!0;switch(typeof e.depends){case\"string\":f=!!a(e.depends,c.form).length;break;case\"function\":f=e.depends.call(c,c)}f?b[d]=void 0!==e.param?e.param:!0:delete b[d]}}),a.each(b,function(d,e){b[d]=a.isFunction(e)?e(c):e}),a.each([\"minlength\",\"maxlength\"],function(){b[this]&&(b[this]=Number(b[this]))}),a.each([\"rangelength\",\"range\"],function(){var c;b[this]&&(a.isArray(b[this])?b[this]=[Number(b[this][0]),Number(b[this][1])]:\"string\"==typeof b[this]&&(c=b[this].replace(/[\\[\\]]/g,\"\").split(/[\\s,]+/),b[this]=[Number(c[0]),Number(c[1])]))}),a.validator.autoCreateRanges&&(null!=b.min&&null!=b.max&&(b.range=[b.min,b.max],delete b.min,delete b.max),null!=b.minlength&&null!=b.maxlength&&(b.rangelength=[b.minlength,b.maxlength],delete b.minlength,delete b.maxlength)),b},normalizeRule:function(b){if(\"string\"==typeof b){var c={};a.each(b.split(/\\s/),function(){c[this]=!0}),b=c}return b},addMethod:function(b,c,d){a.validator.methods[b]=c,a.validator.messages[b]=void 0!==d?d:a.validator.messages[b],c.length<3&&a.validator.addClassRules(b,a.validator.normalizeRule(b))},methods:{required:function(b,c,d){if(!this.depend(d,c))return\"dependency-mismatch\";if(\"select\"===c.nodeName.toLowerCase()){var e=a(c).val();return e&&e.length>0}return this.checkable(c)?this.getLength(b,c)>0:a.trim(b).length>0},email:function(a,b){return this.optional(b)||/^[a-zA-Z0-9.!#$%&'*+\\/=?^_`{|}~-]+@[a-zA-Z0-9](?:[a-zA-Z0-9-]{0,61}[a-zA-Z0-9])?(?:\\.[a-zA-Z0-9](?:[a-zA-Z0-9-]{0,61}[a-zA-Z0-9])?)*$/.test(a)},url:function(a,b){return this.optional(b)||/^(https?|s?ftp):\\/\\/(((([a-z]|\\d|-|\\.|_|~|[\\u00A0-\\uD7FF\\uF900-\\uFDCF\\uFDF0-\\uFFEF])|(%[\\da-f]{2})|[!\\$&'\\(\\)\\*\\+,;=]|:)*@)?(((\\d|[1-9]\\d|1\\d\\d|2[0-4]\\d|25[0-5])\\.(\\d|[1-9]\\d|1\\d\\d|2[0-4]\\d|25[0-5])\\.(\\d|[1-9]\\d|1\\d\\d|2[0-4]\\d|25[0-5])\\.(\\d|[1-9]\\d|1\\d\\d|2[0-4]\\d|25[0-5]))|((([a-z]|\\d|[\\u00A0-\\uD7FF\\uF900-\\uFDCF\\uFDF0-\\uFFEF])|(([a-z]|\\d|[\\u00A0-\\uD7FF\\uF900-\\uFDCF\\uFDF0-\\uFFEF])([a-z]|\\d|-|\\.|_|~|[\\u00A0-\\uD7FF\\uF900-\\uFDCF\\uFDF0-\\uFFEF])*([a-z]|\\d|[\\u00A0-\\uD7FF\\uF900-\\uFDCF\\uFDF0-\\uFFEF])))\\.)+(([a-z]|[\\u00A0-\\uD7FF\\uF900-\\uFDCF\\uFDF0-\\uFFEF])|(([a-z]|[\\u00A0-\\uD7FF\\uF900-\\uFDCF\\uFDF0-\\uFFEF])([a-z]|\\d|-|\\.|_|~|[\\u00A0-\\uD7FF\\uF900-\\uFDCF\\uFDF0-\\uFFEF])*([a-z]|[\\u00A0-\\uD7FF\\uF900-\\uFDCF\\uFDF0-\\uFFEF])))\\.?)(:\\d*)?)(\\/((([a-z]|\\d|-|\\.|_|~|[\\u00A0-\\uD7FF\\uF900-\\uFDCF\\uFDF0-\\uFFEF])|(%[\\da-f]{2})|[!\\$&'\\(\\)\\*\\+,;=]|:|@)+(\\/(([a-z]|\\d|-|\\.|_|~|[\\u00A0-\\uD7FF\\uF900-\\uFDCF\\uFDF0-\\uFFEF])|(%[\\da-f]{2})|[!\\$&'\\(\\)\\*\\+,;=]|:|@)*)*)?)?(\\?((([a-z]|\\d|-|\\.|_|~|[\\u00A0-\\uD7FF\\uF900-\\uFDCF\\uFDF0-\\uFFEF])|(%[\\da-f]{2})|[!\\$&'\\(\\)\\*\\+,;=]|:|@)|[\\uE000-\\uF8FF]|\\/|\\?)*)?(#((([a-z]|\\d|-|\\.|_|~|[\\u00A0-\\uD7FF\\uF900-\\uFDCF\\uFDF0-\\uFFEF])|(%[\\da-f]{2})|[!\\$&'\\(\\)\\*\\+,;=]|:|@)|\\/|\\?)*)?$/i.test(a)},date:function(a,b){return this.optional(b)||!/Invalid|NaN/.test(new Date(a).toString())},dateISO:function(a,b){return this.optional(b)||/^\\d{4}[\\/\\-](0?[1-9]|1[012])[\\/\\-](0?[1-9]|[12][0-9]|3[01])$/.test(a)},number:function(a,b){return this.optional(b)||/^-?(?:\\d+|\\d{1,3}(?:,\\d{3})+)?(?:\\.\\d+)?$/.test(a)},digits:function(a,b){return this.optional(b)||/^\\d+$/.test(a)},creditcard:function(a,b){if(this.optional(b))return\"dependency-mismatch\";if(/[^0-9 \\-]+/.test(a))return!1;var c,d,e=0,f=0,g=!1;if(a=a.replace(/\\D/g,\"\"),a.length<13||a.length>19)return!1;for(c=a.length-1;c>=0;c--)d=a.charAt(c),f=parseInt(d,10),g&&(f*=2)>9&&(f-=9),e+=f,g=!g;return e%10===0},minlength:function(b,c,d){var e=a.isArray(b)?b.length:this.getLength(b,c);return this.optional(c)||e>=d},maxlength:function(b,c,d){var e=a.isArray(b)?b.length:this.getLength(b,c);return this.optional(c)||d>=e},rangelength:function(b,c,d){var e=a.isArray(b)?b.length:this.getLength(b,c);return this.optional(c)||e>=d[0]&&e<=d[1]},min:function(a,b,c){return this.optional(b)||a>=c},max:function(a,b,c){return this.optional(b)||c>=a},range:function(a,b,c){return this.optional(b)||a>=c[0]&&a<=c[1]},equalTo:function(b,c,d){var e=a(d);return this.settings.onfocusout&&e.unbind(\".validate-equalTo\").bind(\"blur.validate-equalTo\",function(){a(c).valid()}),b===e.val()},remote:function(b,c,d){if(this.optional(c))return\"dependency-mismatch\";var e,f,g=this.previousValue(c);return this.settings.messages[c.name]||(this.settings.messages[c.name]={}),g.originalMessage=this.settings.messages[c.name].remote,this.settings.messages[c.name].remote=g.message,d=\"string\"==typeof d&&{url:d}||d,g.old===b?g.valid:(g.old=b,e=this,this.startRequest(c),f={},f[c.name]=b,a.ajax(a.extend(!0,{url:d,mode:\"abort\",port:\"validate\"+c.name,dataType:\"json\",data:f,context:e.currentForm,success:function(d){var f,h,i,j=d===!0||\"true\"===d;e.settings.messages[c.name].remote=g.originalMessage,j?(i=e.formSubmitted,e.prepareElement(c),e.formSubmitted=i,e.successList.push(c),delete e.invalid[c.name],e.showErrors()):(f={},h=d||e.defaultMessage(c,\"remote\"),f[c.name]=g.message=a.isFunction(h)?h(b):h,e.invalid[c.name]=!0,e.showErrors(f)),g.valid=j,e.stopRequest(c,j)}},d)),\"pending\")}}}),a.format=function(){throw\"$.format has been deprecated. Please use $.validator.format instead.\"};var b,c={};a.ajaxPrefilter?a.ajaxPrefilter(function(a,b,d){var e=a.port;\"abort\"===a.mode&&(c[e]&&c[e].abort(),c[e]=d)}):(b=a.ajax,a.ajax=function(d){var e=(\"mode\"in d?d:a.ajaxSettings).mode,f=(\"port\"in d?d:a.ajaxSettings).port;return\"abort\"===e?(c[f]&&c[f].abort(),c[f]=b.apply(this,arguments),c[f]):b.apply(this,arguments)}),a.extend(a.fn,{validateDelegate:function(b,c,d){return this.bind(c,function(c){var e=a(c.target);return e.is(b)?d.apply(e,arguments):void 0})}})});"]},"hash":"5d92dce6bc49a3df1dbe161b8eb7385612ab46c1"}
