{"metadata":{"usedHelpers":[],"marked":[],"modules":{"imports":[],"exports":{"exported":[],"specifiers":[]}}},"options":{"filename":"/client/lib/compatibility/slicklab/js/npm.js","filenameRelative":"/client/lib/compatibility/slicklab/js/npm.js","env":{},"retainLines":false,"highlightCode":true,"suppressDeprecationMessages":false,"presets":[],"plugins":[[[],null],[[],null],[[],null],[[],null],[[],null],[[],null],[[],null],[[],{"polyfill":false}],[[],null],[[],null],[[],null],[[],null],[[],null],[[],null],[[],null],[[],null],[[],{"loose":true}],[[],{"loose":true}],[[],null],[[],{"loose":true}],[[],null],[[],null],[[],{"allowTopLevelThis":true,"strict":false,"loose":true}],[[],null],[[],null],[[],null],[[],null],[[],null],[[],{"loose":true}],[[],null],[[],null],[[],null],[[],null],[[],null],[[],null],[[],null],[[],null]],"ignore":[],"code":true,"metadata":true,"ast":false,"comments":true,"compact":false,"minified":false,"sourceMap":true,"sourceMaps":true,"sourceMapTarget":"/client/lib/compatibility/slicklab/js/npm.js.map","sourceFileName":"/client/lib/compatibility/slicklab/js/npm.js","babelrc":false,"sourceType":"module","moduleIds":false,"passPerPreset":false,"basename":"npm"},"ignored":false,"code":"// This file is autogenerated via the `commonjs` Grunt task. You can require() this file in a CommonJS environment.\nrequire('../../js/transition.js');\nrequire('../../js/alert.js');\nrequire('../../js/button.js');\nrequire('../../js/carousel.js');\nrequire('../../js/collapse.js');\nrequire('../../js/dropdown.js');\nrequire('../../js/modal.js');\nrequire('../../js/tooltip.js');\nrequire('../../js/popover.js');\nrequire('../../js/scrollspy.js');\nrequire('../../js/tab.js');\nrequire('../../js/affix.js');","ast":null,"map":{"version":3,"sources":["/client/lib/compatibility/slicklab/js/npm.js"],"names":[],"mappings":";AACA,QAAQ,wBAAR;AACA,QAAQ,mBAAR;AACA,QAAQ,oBAAR;AACA,QAAQ,sBAAR;AACA,QAAQ,sBAAR;AACA,QAAQ,sBAAR;AACA,QAAQ,mBAAR;AACA,QAAQ,qBAAR;AACA,QAAQ,qBAAR;AACA,QAAQ,uBAAR;AACA,QAAQ,iBAAR;AACA,QAAQ,mBAAR","file":"/client/lib/compatibility/slicklab/js/npm.js.map","sourcesContent":["// This file is autogenerated via the `commonjs` Grunt task. You can require() this file in a CommonJS environment.\nrequire('../../js/transition.js')\nrequire('../../js/alert.js')\nrequire('../../js/button.js')\nrequire('../../js/carousel.js')\nrequire('../../js/collapse.js')\nrequire('../../js/dropdown.js')\nrequire('../../js/modal.js')\nrequire('../../js/tooltip.js')\nrequire('../../js/popover.js')\nrequire('../../js/scrollspy.js')\nrequire('../../js/tab.js')\nrequire('../../js/affix.js')"]},"hash":"5de919f88fbaf8ffe7fcc05dd4448474dbd0d41b"}
