{"metadata":{"usedHelpers":[],"marked":[],"modules":{"imports":[],"exports":{"exported":[],"specifiers":[]}}},"options":{"filename":"/client/lib/compatibility/slicklab/js/nestable-init.js","filenameRelative":"/client/lib/compatibility/slicklab/js/nestable-init.js","env":{},"retainLines":false,"highlightCode":true,"suppressDeprecationMessages":false,"presets":[],"plugins":[[[],null],[[],null],[[],null],[[],null],[[],null],[[],null],[[],null],[[],{"polyfill":false}],[[],null],[[],null],[[],null],[[],null],[[],null],[[],null],[[],null],[[],null],[[],{"loose":true}],[[],{"loose":true}],[[],null],[[],{"loose":true}],[[],null],[[],null],[[],{"allowTopLevelThis":true,"strict":false,"loose":true}],[[],null],[[],null],[[],null],[[],null],[[],null],[[],{"loose":true}],[[],null],[[],null],[[],null],[[],null],[[],null],[[],null],[[],null],[[],null]],"ignore":[],"code":true,"metadata":true,"ast":false,"comments":true,"compact":false,"minified":false,"sourceMap":true,"sourceMaps":true,"sourceMapTarget":"/client/lib/compatibility/slicklab/js/nestable-init.js.map","sourceFileName":"/client/lib/compatibility/slicklab/js/nestable-init.js","babelrc":false,"sourceType":"module","moduleIds":false,"passPerPreset":false,"basename":"nestable-init"},"ignored":false,"code":"var Nestable = function () {\n\n    var updateOutput = function updateOutput(e) {\n        var list = e.length ? e : $(e.target),\n            output = list.data('output');\n        if (window.JSON) {\n            output.val(window.JSON.stringify(list.nestable('serialize'))); //, null, 2));\n        } else {\n                output.val('JSON browser support required for this demo.');\n            }\n    };\n\n    // activate Nestable for list 1\n    $('#nestable_list_1').nestable({\n        group: 1\n    }).on('change', updateOutput);\n\n    // activate Nestable for list 2\n    $('#nestable_list_2').nestable({\n        group: 1\n    }).on('change', updateOutput);\n\n    // output initial serialised data\n    updateOutput($('#nestable_list_1').data('output', $('#nestable_list_1_output')));\n    updateOutput($('#nestable_list_2').data('output', $('#nestable_list_2_output')));\n\n    $('#nestable_list_menu').on('click', function (e) {\n        var target = $(e.target),\n            action = target.data('action');\n        if (action === 'expand-all') {\n            $('.dd').nestable('expandAll');\n        }\n        if (action === 'collapse-all') {\n            $('.dd').nestable('collapseAll');\n        }\n    });\n\n    $('#nestable_list_3').nestable();\n}();","ast":null,"map":{"version":3,"sources":["/client/lib/compatibility/slicklab/js/nestable-init.js"],"names":[],"mappings":"AAAA,IAAI,WAAW,YAAY;;AAEvB,QAAI,eAAe,SAAf,YAAe,CAAU,CAAV,EAAa;AAC5B,YAAI,OAAO,EAAE,MAAF,GAAW,CAAX,GAAe,EAAE,EAAE,MAAF,CAAjB;YACP,SAAS,KAAK,IAAL,CAAU,QAAV,CAAT,CAFwB;AAG5B,YAAI,OAAO,IAAP,EAAa;AACb,mBAAO,GAAP,CAAW,OAAO,IAAP,CAAY,SAAZ,CAAsB,KAAK,QAAL,CAAc,WAAd,CAAtB,CAAX;AADa,SAAjB,MAEO;AACH,uBAAO,GAAP,CAAW,8CAAX,EADG;aAFP;KAHe;;;AAFI,KAevB,CAAE,kBAAF,EAAsB,QAAtB,CAA+B;AAC3B,eAAO,CAAP;KADJ,EAGK,EAHL,CAGQ,QAHR,EAGkB,YAHlB;;;AAfuB,KAqBvB,CAAE,kBAAF,EAAsB,QAAtB,CAA+B;AAC3B,eAAO,CAAP;KADJ,EAGK,EAHL,CAGQ,QAHR,EAGkB,YAHlB;;;AArBuB,gBA2BvB,CAAa,EAAE,kBAAF,EAAsB,IAAtB,CAA2B,QAA3B,EAAqC,EAAE,yBAAF,CAArC,CAAb,EA3BuB;AA4BvB,iBAAa,EAAE,kBAAF,EAAsB,IAAtB,CAA2B,QAA3B,EAAqC,EAAE,yBAAF,CAArC,CAAb,EA5BuB;;AA8BvB,MAAE,qBAAF,EAAyB,EAAzB,CAA4B,OAA5B,EAAqC,UAAU,CAAV,EAAa;AAC9C,YAAI,SAAS,EAAE,EAAE,MAAF,CAAX;YACA,SAAS,OAAO,IAAP,CAAY,QAAZ,CAAT,CAF0C;AAG9C,YAAI,WAAW,YAAX,EAAyB;AACzB,cAAE,KAAF,EAAS,QAAT,CAAkB,WAAlB,EADyB;SAA7B;AAGA,YAAI,WAAW,cAAX,EAA2B;AAC3B,cAAE,KAAF,EAAS,QAAT,CAAkB,aAAlB,EAD2B;SAA/B;KANiC,CAArC,CA9BuB;;AAyCvB,MAAE,kBAAF,EAAsB,QAAtB,GAzCuB;CAAZ,EAAX","file":"/client/lib/compatibility/slicklab/js/nestable-init.js.map","sourcesContent":["var Nestable = function () {\r\n\r\n    var updateOutput = function (e) {\r\n        var list = e.length ? e : $(e.target),\r\n            output = list.data('output');\r\n        if (window.JSON) {\r\n            output.val(window.JSON.stringify(list.nestable('serialize'))); //, null, 2));\r\n        } else {\r\n            output.val('JSON browser support required for this demo.');\r\n        }\r\n    };\r\n\r\n\r\n\r\n    // activate Nestable for list 1\r\n    $('#nestable_list_1').nestable({\r\n        group: 1\r\n    })\r\n        .on('change', updateOutput);\r\n\r\n    // activate Nestable for list 2\r\n    $('#nestable_list_2').nestable({\r\n        group: 1\r\n    })\r\n        .on('change', updateOutput);\r\n\r\n    // output initial serialised data\r\n    updateOutput($('#nestable_list_1').data('output', $('#nestable_list_1_output')));\r\n    updateOutput($('#nestable_list_2').data('output', $('#nestable_list_2_output')));\r\n\r\n    $('#nestable_list_menu').on('click', function (e) {\r\n        var target = $(e.target),\r\n            action = target.data('action');\r\n        if (action === 'expand-all') {\r\n            $('.dd').nestable('expandAll');\r\n        }\r\n        if (action === 'collapse-all') {\r\n            $('.dd').nestable('collapseAll');\r\n        }\r\n    });\r\n\r\n    $('#nestable_list_3').nestable();\r\n\r\n\r\n\r\n}();"]},"hash":"69cb8dc083b356c131c4531c0a95a929d32a0072"}
