{"metadata":{"usedHelpers":[],"marked":[],"modules":{"imports":[],"exports":{"exported":[],"specifiers":[]}}},"options":{"filename":"/client/lib/compatibility/slicklab/js/gritter.js","filenameRelative":"/client/lib/compatibility/slicklab/js/gritter.js","env":{},"retainLines":false,"highlightCode":true,"suppressDeprecationMessages":false,"presets":[],"plugins":[[[],null],[[],null],[[],null],[[],null],[[],null],[[],null],[[],null],[[],{"polyfill":false}],[[],null],[[],null],[[],null],[[],null],[[],null],[[],null],[[],null],[[],null],[[],{"loose":true}],[[],{"loose":true}],[[],null],[[],{"loose":true}],[[],null],[[],null],[[],{"allowTopLevelThis":true,"strict":false,"loose":true}],[[],null],[[],null],[[],null],[[],null],[[],null],[[],{"loose":true}],[[],null],[[],null],[[],null],[[],null],[[],null],[[],null],[[],null],[[],null]],"ignore":[],"code":true,"metadata":true,"ast":false,"comments":true,"compact":false,"minified":false,"sourceMap":true,"sourceMaps":true,"sourceMapTarget":"/client/lib/compatibility/slicklab/js/gritter.js.map","sourceFileName":"/client/lib/compatibility/slicklab/js/gritter.js","babelrc":false,"sourceType":"module","moduleIds":false,"passPerPreset":false,"basename":"gritter"},"ignored":false,"code":"var Gritter = function () {\n\n    $('#add-sticky').click(function () {\n\n        var unique_id = $.gritter.add({\n            // (string | mandatory) the heading of the notification\n            title: 'This is a sticky notice!',\n            // (string | mandatory) the text inside the notification\n            text: 'Lorem ipsum dolor sit amet, consectetur adipiscing elit. Vivamus eget tincidunt velit. Cum sociis natoque penatibus et <a href=\"#\" style=\"color:#ccc\">magnis dis parturient</a> montes, nascetur ridiculus mus.',\n            // (string | optional) the image to display on the left\n            image: 'img/img4.jpg',\n            // (bool | optional) if you want it to fade out on its own or just sit there\n            sticky: true,\n            // (int | optional) the time you want it to be alive for before fading out\n            time: '',\n            // (string | optional) the class name you want to apply to that specific message\n            class_name: 'my-sticky-class'\n        });\n\n        // You can have it return a unique id, this can be used to manually remove it later using\n        /*\r\n         setTimeout(function(){\r\n           $.gritter.remove(unique_id, {\r\n         fade: true,\r\n         speed: 'slow'\r\n         });\r\n           }, 6000)\r\n         */\n\n        return false;\n    });\n\n    $('#add-regular').click(function () {\n\n        $.gritter.add({\n            // (string | mandatory) the heading of the notification\n            title: 'This is a regular notice!',\n            // (string | mandatory) the text inside the notification\n            text: 'This will fade out after a certain amount of time. Vivamus eget tincidunt velit. Cum sociis natoque penatibus et <a href=\"#\" style=\"color:#ccc\">magnis dis parturient</a> montes, nascetur ridiculus mus.',\n            // (string | optional) the image to display on the left\n            image: 'img/img4.jpg',\n            // (bool | optional) if you want it to fade out on its own or just sit there\n            sticky: false,\n            // (int | optional) the time you want it to be alive for before fading out\n            time: ''\n        });\n\n        return false;\n    });\n\n    $('#add-max').click(function () {\n\n        $.gritter.add({\n            // (string | mandatory) the heading of the notification\n            title: 'This is a notice with a max of 3 on screen at one time!',\n            // (string | mandatory) the text inside the notification\n            text: 'This will fade out after a certain amount of time. Vivamus eget tincidunt velit. Cum sociis natoque penatibus et <a href=\"#\" style=\"color:#ccc\">magnis dis parturient</a> montes, nascetur ridiculus mus.',\n            // (string | optional) the image to display on the left\n            image: 'img/img4.jpg',\n            // (bool | optional) if you want it to fade out on its own or just sit there\n            sticky: false,\n            // (function) before the gritter notice is opened\n            before_open: function () {\n                function before_open() {\n                    if ($('.gritter-item-wrapper').length == 3) {\n                        // Returning false prevents a new gritter from opening\n                        return false;\n                    }\n                }\n\n                return before_open;\n            }()\n        });\n\n        return false;\n    });\n\n    $('#add-without-image').click(function () {\n\n        $.gritter.add({\n            // (string | mandatory) the heading of the notification\n            title: 'This is a notice without an image!',\n            // (string | mandatory) the text inside the notification\n            text: 'This will fade out after a certain amount of time. Vivamus eget tincidunt velit. Cum sociis natoque penatibus et <a href=\"#\" style=\"color:#ccc\">magnis dis parturient</a> montes, nascetur ridiculus mus.'\n        });\n\n        return false;\n    });\n\n    $('#add-gritter-light').click(function () {\n\n        $.gritter.add({\n            // (string | mandatory) the heading of the notification\n            title: 'This is a light notification',\n            // (string | mandatory) the text inside the notification\n            text: 'Just add a \"gritter-light\" class_name to your $.gritter.add or globally to $.gritter.options.class_name',\n            class_name: 'gritter-light'\n        });\n\n        return false;\n    });\n\n    $(\"#remove-all\").click(function () {\n\n        $.gritter.removeAll();\n        return false;\n    });\n}();","ast":null,"map":{"version":3,"sources":["/client/lib/compatibility/slicklab/js/gritter.js"],"names":[],"mappings":"AAAA,IAAI,UAAU,YAAY;;AAEtB,MAAE,aAAF,EAAiB,KAAjB,CAAuB,YAAU;;AAE7B,YAAI,YAAY,EAAE,OAAF,CAAU,GAAV,CAAc;;AAE1B,mBAAO,0BAAP;;AAEA,kBAAM,iNAAN;;AAEA,mBAAO,cAAP;;AAEA,oBAAQ,IAAR;;AAEA,kBAAM,EAAN;;AAEA,wBAAY,iBAAZ;SAZY,CAAZ;;;;;;;;;;;;AAFyB,eA6BtB,KAAP,CA7B6B;KAAV,CAAvB,CAFsB;;AAmCtB,MAAE,cAAF,EAAkB,KAAlB,CAAwB,YAAU;;AAE9B,UAAE,OAAF,CAAU,GAAV,CAAc;;AAEV,mBAAO,2BAAP;;AAEA,kBAAM,2MAAN;;AAEA,mBAAO,cAAP;;AAEA,oBAAQ,KAAR;;AAEA,kBAAM,EAAN;SAVJ,EAF8B;;AAe9B,eAAO,KAAP,CAf8B;KAAV,CAAxB,CAnCsB;;AAsDtB,MAAE,UAAF,EAAc,KAAd,CAAoB,YAAU;;AAE1B,UAAE,OAAF,CAAU,GAAV,CAAc;;AAEV,mBAAO,yDAAP;;AAEA,kBAAM,2MAAN;;AAEA,mBAAO,cAAP;;AAEA,oBAAQ,KAAR;;AAEA;AAAa,uCAAU;AACnB,wBAAG,EAAE,uBAAF,EAA2B,MAA3B,IAAqC,CAArC,EACH;;AAEI,+BAAO,KAAP,CAFJ;qBADA;iBADS;;;eAAb;SAVJ,EAF0B;;AAqB1B,eAAO,KAAP,CArB0B;KAAV,CAApB,CAtDsB;;AA+EtB,MAAE,oBAAF,EAAwB,KAAxB,CAA8B,YAAU;;AAEpC,UAAE,OAAF,CAAU,GAAV,CAAc;;AAEV,mBAAO,oCAAP;;AAEA,kBAAM,2MAAN;SAJJ,EAFoC;;AASpC,eAAO,KAAP,CAToC;KAAV,CAA9B,CA/EsB;;AA2FtB,MAAE,oBAAF,EAAwB,KAAxB,CAA8B,YAAU;;AAEpC,UAAE,OAAF,CAAU,GAAV,CAAc;;AAEV,mBAAO,8BAAP;;AAEA,kBAAM,yGAAN;AACA,wBAAY,eAAZ;SALJ,EAFoC;;AAUpC,eAAO,KAAP,CAVoC;KAAV,CAA9B,CA3FsB;;AAwGtB,MAAE,aAAF,EAAiB,KAAjB,CAAuB,YAAU;;AAE7B,UAAE,OAAF,CAAU,SAAV,GAF6B;AAG7B,eAAO,KAAP,CAH6B;KAAV,CAAvB,CAxGsB;CAAZ,EAAV","file":"/client/lib/compatibility/slicklab/js/gritter.js.map","sourcesContent":["var Gritter = function () {\r\n\r\n    $('#add-sticky').click(function(){\r\n\r\n        var unique_id = $.gritter.add({\r\n            // (string | mandatory) the heading of the notification\r\n            title: 'This is a sticky notice!',\r\n            // (string | mandatory) the text inside the notification\r\n            text: 'Lorem ipsum dolor sit amet, consectetur adipiscing elit. Vivamus eget tincidunt velit. Cum sociis natoque penatibus et <a href=\"#\" style=\"color:#ccc\">magnis dis parturient</a> montes, nascetur ridiculus mus.',\r\n            // (string | optional) the image to display on the left\r\n            image: 'img/img4.jpg',\r\n            // (bool | optional) if you want it to fade out on its own or just sit there\r\n            sticky: true,\r\n            // (int | optional) the time you want it to be alive for before fading out\r\n            time: '',\r\n            // (string | optional) the class name you want to apply to that specific message\r\n            class_name: 'my-sticky-class'\r\n        });\r\n\r\n        // You can have it return a unique id, this can be used to manually remove it later using\r\n        /*\r\n         setTimeout(function(){\r\n\r\n         $.gritter.remove(unique_id, {\r\n         fade: true,\r\n         speed: 'slow'\r\n         });\r\n\r\n         }, 6000)\r\n         */\r\n\r\n        return false;\r\n\r\n    });\r\n\r\n    $('#add-regular').click(function(){\r\n\r\n        $.gritter.add({\r\n            // (string | mandatory) the heading of the notification\r\n            title: 'This is a regular notice!',\r\n            // (string | mandatory) the text inside the notification\r\n            text: 'This will fade out after a certain amount of time. Vivamus eget tincidunt velit. Cum sociis natoque penatibus et <a href=\"#\" style=\"color:#ccc\">magnis dis parturient</a> montes, nascetur ridiculus mus.',\r\n            // (string | optional) the image to display on the left\r\n            image: 'img/img4.jpg',\r\n            // (bool | optional) if you want it to fade out on its own or just sit there\r\n            sticky: false,\r\n            // (int | optional) the time you want it to be alive for before fading out\r\n            time: ''\r\n        });\r\n\r\n        return false;\r\n\r\n    });\r\n\r\n    $('#add-max').click(function(){\r\n\r\n        $.gritter.add({\r\n            // (string | mandatory) the heading of the notification\r\n            title: 'This is a notice with a max of 3 on screen at one time!',\r\n            // (string | mandatory) the text inside the notification\r\n            text: 'This will fade out after a certain amount of time. Vivamus eget tincidunt velit. Cum sociis natoque penatibus et <a href=\"#\" style=\"color:#ccc\">magnis dis parturient</a> montes, nascetur ridiculus mus.',\r\n            // (string | optional) the image to display on the left\r\n            image: 'img/img4.jpg',\r\n            // (bool | optional) if you want it to fade out on its own or just sit there\r\n            sticky: false,\r\n            // (function) before the gritter notice is opened\r\n            before_open: function(){\r\n                if($('.gritter-item-wrapper').length == 3)\r\n                {\r\n                    // Returning false prevents a new gritter from opening\r\n                    return false;\r\n                }\r\n            }\r\n        });\r\n\r\n        return false;\r\n\r\n    });\r\n\r\n    $('#add-without-image').click(function(){\r\n\r\n        $.gritter.add({\r\n            // (string | mandatory) the heading of the notification\r\n            title: 'This is a notice without an image!',\r\n            // (string | mandatory) the text inside the notification\r\n            text: 'This will fade out after a certain amount of time. Vivamus eget tincidunt velit. Cum sociis natoque penatibus et <a href=\"#\" style=\"color:#ccc\">magnis dis parturient</a> montes, nascetur ridiculus mus.'\r\n        });\r\n\r\n        return false;\r\n    });\r\n\r\n    $('#add-gritter-light').click(function(){\r\n\r\n        $.gritter.add({\r\n            // (string | mandatory) the heading of the notification\r\n            title: 'This is a light notification',\r\n            // (string | mandatory) the text inside the notification\r\n            text: 'Just add a \"gritter-light\" class_name to your $.gritter.add or globally to $.gritter.options.class_name',\r\n            class_name: 'gritter-light'\r\n        });\r\n\r\n        return false;\r\n    });\r\n\r\n    $(\"#remove-all\").click(function(){\r\n\r\n        $.gritter.removeAll();\r\n        return false;\r\n\r\n    });\r\n\r\n\r\n\r\n}();"]},"hash":"6c20b0f3297c92330a1dabc541f37ef97a16819d"}
