{"metadata":{"usedHelpers":[],"marked":[],"modules":{"imports":[],"exports":{"exported":[],"specifiers":[]}}},"options":{"filename":"/client/lib/compatibility/slicklab/js/tree-init.js","filenameRelative":"/client/lib/compatibility/slicklab/js/tree-init.js","env":{},"retainLines":false,"highlightCode":true,"suppressDeprecationMessages":false,"presets":[],"plugins":[[[],null],[[],null],[[],null],[[],null],[[],null],[[],null],[[],null],[[],{"polyfill":false}],[[],null],[[],null],[[],null],[[],null],[[],null],[[],null],[[],null],[[],null],[[],{"loose":true}],[[],{"loose":true}],[[],null],[[],{"loose":true}],[[],null],[[],null],[[],{"allowTopLevelThis":true,"strict":false,"loose":true}],[[],null],[[],null],[[],null],[[],null],[[],null],[[],{"loose":true}],[[],null],[[],null],[[],null],[[],null],[[],null],[[],null],[[],null],[[],null]],"ignore":[],"code":true,"metadata":true,"ast":false,"comments":true,"compact":false,"minified":false,"sourceMap":true,"sourceMaps":true,"sourceMapTarget":"/client/lib/compatibility/slicklab/js/tree-init.js.map","sourceFileName":"/client/lib/compatibility/slicklab/js/tree-init.js","babelrc":false,"sourceType":"module","moduleIds":false,"passPerPreset":false,"basename":"tree-init"},"ignored":false,"code":"var TreeView = function () {\n\n    return {\n        //main function to initiate the module\n        init: function () {\n            function init() {\n\n                var DataSourceTree = function () {\n                    function DataSourceTree(options) {\n                        this._data = options.data;\n                        this._delay = options.delay;\n                    }\n\n                    return DataSourceTree;\n                }();\n\n                DataSourceTree.prototype = {\n\n                    data: function () {\n                        function data(options, callback) {\n                            var self = this;\n\n                            setTimeout(function () {\n                                var data = $.extend(true, [], self._data);\n\n                                callback({ data: data });\n                            }, this._delay);\n                        }\n\n                        return data;\n                    }()\n                };\n\n                // INITIALIZING TREE\n                var treeDataSource = new DataSourceTree({\n                    data: [{ name: 'Theme', type: 'folder', additionalParameters: { id: 'F1' } }, { name: 'Design', type: 'folder', additionalParameters: { id: 'F2' } }, { name: 'Development', type: 'item', additionalParameters: { id: 'I1' } }, { name: 'Testing', type: 'item', additionalParameters: { id: 'I2' } }],\n                    delay: 400\n                });\n\n                var treeDataSource2 = new DataSourceTree({\n                    data: [{ name: 'Test tree 1 <div class=\"tree-actions\"></div>', type: 'folder', additionalParameters: { id: 'F11' } }, { name: 'Test tree 2 <div class=\"tree-actions\"></div>', type: 'folder', additionalParameters: { id: 'F12' } }, { name: '<i class=\"fa fa-bell-o\"></i> Notification', type: 'item', additionalParameters: { id: 'I11' } }, { name: '<i class=\"fa fa-bar-chart-o\"></i> Assignment', type: 'item', additionalParameters: { id: 'I12' } }],\n                    delay: 400\n                });\n\n                var treeDataSource3 = new DataSourceTree({\n                    data: [{ name: 'Tree <div class=\"tree-actions\"></div>', type: 'folder', additionalParameters: { id: 'F11' } }, { name: 'Development <div class=\"tree-actions\"></div>', type: 'folder', additionalParameters: { id: 'F12' } }, { name: 'Slick Theme', type: 'item', additionalParameters: { id: 'I11' } }, { name: 'Modern Design', type: 'item', additionalParameters: { id: 'I12' } }],\n                    delay: 400\n                });\n\n                var treeDataSource4 = new DataSourceTree({\n                    data: [{ name: 'Theme<div class=\"tree-actions\"><i class=\"fa fa-plus\"></i><i class=\"fa fa-trash-o\"></i><i class=\"fa fa-refresh\"></i></div>', type: 'folder', additionalParameters: { id: 'F11' } }, { name: 'Development<div class=\"tree-actions\"><i class=\"fa fa-plus\"></i><i class=\"fa fa-trash-o\"></i><i class=\"fa fa-refresh\"></i></div>', type: 'folder', additionalParameters: { id: 'F12' } }, { name: '<i class=\"fa fa-user\"></i> User <div class=\"tree-actions\"><i class=\"fa fa-plus\"></i><i class=\"fa fa-trash-o\"></i><i class=\"fa fa-refresh\"></i></div><div class=\"tree-actions\"><i class=\"fa fa-plus\"></i><i class=\"fa fa-trash-o\"></i><i class=\"fa fa-refresh\"></i></div>', type: 'item', additionalParameters: { id: 'I11' } }, { name: '<i class=\"fa fa-calendar\"></i> Events <div class=\"tree-actions\"><i class=\"fa fa-plus\"></i><i class=\"fa fa-trash-o\"></i><i class=\"fa fa-refresh\"></i></div>', type: 'item', additionalParameters: { id: 'I12' } }, { name: '<i class=\"fa  fa-gear \"></i> Works <div class=\"tree-actions\"><i class=\"fa fa-plus\"></i><i class=\"fa fa-trash-o\"></i><i class=\"fa fa-refresh\"></i></div>', type: 'item', additionalParameters: { id: 'I12' } }],\n                    delay: 400\n                });\n\n                var treeDataSource5 = new DataSourceTree({\n                    data: [{ name: 'Theme<div class=\"tree-actions\"><i class=\"fa fa-plus\"></i><i class=\"fa fa-trash-o\"></i><i class=\"fa fa-refresh\"></i></div>', type: 'folder', additionalParameters: { id: 'F11' } }, { name: 'Development<div class=\"tree-actions\"><i class=\"fa fa-plus\"></i><i class=\"fa fa-trash-o\"></i><i class=\"fa fa-refresh\"></i></div>', type: 'folder', additionalParameters: { id: 'F12' } }, { name: '<i class=\"fa fa-user\"></i> User <div class=\"tree-actions\"><i class=\"fa fa-plus\"></i><i class=\"fa fa-trash-o\"></i><i class=\"fa fa-refresh\"></i></div><div class=\"tree-actions\"><i class=\"fa fa-plus\"></i><i class=\"fa fa-trash-o\"></i><i class=\"fa fa-refresh\"></i></div>', type: 'item', additionalParameters: { id: 'I11' } }, { name: '<i class=\"fa fa-calendar\"></i> Events <div class=\"tree-actions\"><i class=\"fa fa-plus\"></i><i class=\"fa fa-trash-o\"></i><i class=\"fa fa-refresh\"></i></div>', type: 'item', additionalParameters: { id: 'I12' } }, { name: '<i class=\"fa  fa-gear \"></i> Works <div class=\"tree-actions\"><i class=\"fa fa-plus\"></i><i class=\"fa fa-trash-o\"></i><i class=\"fa fa-refresh\"></i></div>', type: 'item', additionalParameters: { id: 'I12' } }],\n                    delay: 400\n                });\n\n                var treeDataSource6 = new DataSourceTree({\n                    data: [{ name: 'Theme<div class=\"tree-actions\"><i class=\"fa fa-plus\"></i><i class=\"fa fa-trash-o\"></i><i class=\"fa fa-refresh\"></i></div>', type: 'folder', additionalParameters: { id: 'F11' } }, { name: 'Development<div class=\"tree-actions\"><i class=\"fa fa-plus\"></i><i class=\"fa fa-trash-o\"></i><i class=\"fa fa-refresh\"></i></div>', type: 'folder', additionalParameters: { id: 'F12' } }, { name: '<i class=\"fa fa-user\"></i> User <div class=\"tree-actions\"><i class=\"fa fa-plus\"></i><i class=\"fa fa-trash-o\"></i><i class=\"fa fa-refresh\"></i></div><div class=\"tree-actions\"><i class=\"fa fa-plus\"></i><i class=\"fa fa-trash-o\"></i><i class=\"fa fa-refresh\"></i></div>', type: 'item', additionalParameters: { id: 'I11' } }, { name: '<i class=\"fa fa-calendar\"></i> Events <div class=\"tree-actions\"><i class=\"fa fa-plus\"></i><i class=\"fa fa-trash-o\"></i><i class=\"fa fa-refresh\"></i></div>', type: 'item', additionalParameters: { id: 'I12' } }, { name: '<i class=\"fa  fa-gear \"></i> Works <div class=\"tree-actions\"><i class=\"fa fa-plus\"></i><i class=\"fa fa-trash-o\"></i><i class=\"fa fa-refresh\"></i></div>', type: 'item', additionalParameters: { id: 'I12' } }],\n                    delay: 400\n                });\n\n                $('#FlatTree').tree({\n                    dataSource: treeDataSource,\n                    loadingHTML: '<img src=\"img/spinner.gif\"/>'\n                });\n\n                $('#FlatTree2').tree({\n                    dataSource: treeDataSource2,\n                    loadingHTML: '<img src=\"img/spinner.gif\"/>'\n                });\n\n                $('#FlatTree3').tree({\n                    dataSource: treeDataSource3,\n                    loadingHTML: '<img src=\"img/spinner.gif\"/>'\n                });\n\n                $('#FlatTree4').tree({\n                    selectable: false,\n                    dataSource: treeDataSource4,\n                    loadingHTML: '<img src=\"img/spinner.gif\"/>'\n                });\n            }\n\n            return init;\n        }()\n\n    };\n}();","ast":null,"map":{"version":3,"sources":["/client/lib/compatibility/slicklab/js/tree-init.js"],"names":[],"mappings":"AAAA,IAAI,WAAW,YAAY;;AAEvB,WAAO;;AAEH;AAAM,4BAAY;;AAEd,oBAAI;AAAiB,6BAAjB,cAAiB,CAAU,OAAV,EAAmB;AACpC,6BAAK,KAAL,GAAc,QAAQ,IAAR,CADsB;AAEpC,6BAAK,MAAL,GAAc,QAAQ,KAAR,CAFsB;qBAAnB;;2BAAjB;mBAAJ,CAFc;;AAOd,+BAAe,SAAf,GAA2B;;AAEvB;AAAM,sCAAU,OAAV,EAAmB,QAAnB,EAA6B;AAC/B,gCAAI,OAAO,IAAP,CAD2B;;AAG/B,uCAAW,YAAY;AACnB,oCAAI,OAAO,EAAE,MAAF,CAAS,IAAT,EAAe,EAAf,EAAmB,KAAK,KAAL,CAA1B,CADe;;AAGnB,yCAAS,EAAE,MAAM,IAAN,EAAX,EAHmB;6BAAZ,EAKR,KAAK,MAAL,CALH,CAH+B;yBAA7B;;;uBAAN;iBAFJ;;;AAPc,oBAsBV,iBAAiB,IAAI,cAAJ,CAAmB;AACpC,0BAAM,CACF,EAAE,MAAM,OAAN,EAAe,MAAM,QAAN,EAAgB,sBAAsB,EAAE,IAAI,IAAJ,EAAxB,EAD/B,EAEF,EAAE,MAAM,QAAN,EAAgB,MAAM,QAAN,EAAgB,sBAAsB,EAAE,IAAI,IAAJ,EAAxB,EAFhC,EAGF,EAAE,MAAM,aAAN,EAAqB,MAAM,MAAN,EAAc,sBAAsB,EAAE,IAAI,IAAJ,EAAxB,EAHnC,EAIF,EAAE,MAAM,SAAN,EAAiB,MAAM,MAAN,EAAc,sBAAsB,EAAE,IAAI,IAAJ,EAAxB,EAJ/B,CAAN;AAMA,2BAAO,GAAP;iBAPiB,CAAjB,CAtBU;;AAgCd,oBAAI,kBAAkB,IAAI,cAAJ,CAAmB;AACrC,0BAAM,CACF,EAAE,MAAM,8CAAN,EAAsD,MAAM,QAAN,EAAgB,sBAAsB,EAAE,IAAI,KAAJ,EAAxB,EADtE,EAEF,EAAE,MAAM,8CAAN,EAAsD,MAAM,QAAN,EAAgB,sBAAsB,EAAE,IAAI,KAAJ,EAAxB,EAFtE,EAGF,EAAE,MAAM,2CAAN,EAAmD,MAAM,MAAN,EAAc,sBAAsB,EAAE,IAAI,KAAJ,EAAxB,EAHjE,EAIF,EAAE,MAAM,8CAAN,EAAsD,MAAM,MAAN,EAAc,sBAAsB,EAAE,IAAI,KAAJ,EAAxB,EAJpE,CAAN;AAMA,2BAAO,GAAP;iBAPkB,CAAlB,CAhCU;;AA0Cd,oBAAI,kBAAkB,IAAI,cAAJ,CAAmB;AACrC,0BAAM,CACF,EAAE,MAAM,uCAAN,EAA+C,MAAM,QAAN,EAAgB,sBAAsB,EAAE,IAAI,KAAJ,EAAxB,EAD/D,EAEF,EAAE,MAAM,8CAAN,EAAsD,MAAM,QAAN,EAAgB,sBAAsB,EAAE,IAAI,KAAJ,EAAxB,EAFtE,EAGF,EAAE,MAAM,aAAN,EAAqB,MAAM,MAAN,EAAc,sBAAsB,EAAE,IAAI,KAAJ,EAAxB,EAHnC,EAIF,EAAE,MAAM,eAAN,EAAuB,MAAM,MAAN,EAAc,sBAAsB,EAAE,IAAI,KAAJ,EAAxB,EAJrC,CAAN;AAMA,2BAAO,GAAP;iBAPkB,CAAlB,CA1CU;;AAoDd,oBAAI,kBAAkB,IAAI,cAAJ,CAAmB;AACrC,0BAAM,CACF,EAAE,MAAM,2HAAN,EAAmI,MAAM,QAAN,EAAgB,sBAAsB,EAAE,IAAI,KAAJ,EAAxB,EADnJ,EAEF,EAAE,MAAM,iIAAN,EAAyI,MAAM,QAAN,EAAgB,sBAAsB,EAAE,IAAI,KAAJ,EAAxB,EAFzJ,EAGF,EAAE,MAAM,0QAAN,EAAkR,MAAM,MAAN,EAAc,sBAAsB,EAAE,IAAI,KAAJ,EAAxB,EAHhS,EAIF,EAAE,MAAM,4JAAN,EAAoK,MAAM,MAAN,EAAc,sBAAsB,EAAE,IAAI,KAAJ,EAAxB,EAJlL,EAKF,EAAE,MAAM,yJAAN,EAAiK,MAAM,MAAN,EAAc,sBAAsB,EAAE,IAAI,KAAJ,EAAxB,EAL/K,CAAN;AAOA,2BAAO,GAAP;iBARkB,CAAlB,CApDU;;AA+Dd,oBAAI,kBAAkB,IAAI,cAAJ,CAAmB;AACrC,0BAAM,CACF,EAAE,MAAM,2HAAN,EAAmI,MAAM,QAAN,EAAgB,sBAAsB,EAAE,IAAI,KAAJ,EAAxB,EADnJ,EAEF,EAAE,MAAM,iIAAN,EAAyI,MAAM,QAAN,EAAgB,sBAAsB,EAAE,IAAI,KAAJ,EAAxB,EAFzJ,EAGF,EAAE,MAAM,0QAAN,EAAkR,MAAM,MAAN,EAAc,sBAAsB,EAAE,IAAI,KAAJ,EAAxB,EAHhS,EAIF,EAAE,MAAM,4JAAN,EAAoK,MAAM,MAAN,EAAc,sBAAsB,EAAE,IAAI,KAAJ,EAAxB,EAJlL,EAKF,EAAE,MAAM,yJAAN,EAAiK,MAAM,MAAN,EAAc,sBAAsB,EAAE,IAAI,KAAJ,EAAxB,EAL/K,CAAN;AAOA,2BAAO,GAAP;iBARkB,CAAlB,CA/DU;;AA0Ed,oBAAI,kBAAkB,IAAI,cAAJ,CAAmB;AACrC,0BAAM,CACF,EAAE,MAAM,2HAAN,EAAmI,MAAM,QAAN,EAAgB,sBAAsB,EAAE,IAAI,KAAJ,EAAxB,EADnJ,EAEF,EAAE,MAAM,iIAAN,EAAyI,MAAM,QAAN,EAAgB,sBAAsB,EAAE,IAAI,KAAJ,EAAxB,EAFzJ,EAGF,EAAE,MAAM,0QAAN,EAAkR,MAAM,MAAN,EAAc,sBAAsB,EAAE,IAAI,KAAJ,EAAxB,EAHhS,EAIF,EAAE,MAAM,4JAAN,EAAoK,MAAM,MAAN,EAAc,sBAAsB,EAAE,IAAI,KAAJ,EAAxB,EAJlL,EAKF,EAAE,MAAM,yJAAN,EAAiK,MAAM,MAAN,EAAc,sBAAsB,EAAE,IAAI,KAAJ,EAAxB,EAL/K,CAAN;AAOA,2BAAO,GAAP;iBARkB,CAAlB,CA1EU;;AAqFd,kBAAE,WAAF,EAAe,IAAf,CAAoB;AAChB,gCAAY,cAAZ;AACA,iCAAa,8BAAb;iBAFJ,EArFc;;AA2Fd,kBAAE,YAAF,EAAgB,IAAhB,CAAqB;AACjB,gCAAY,eAAZ;AACA,iCAAa,8BAAb;iBAFJ,EA3Fc;;AAgGd,kBAAE,YAAF,EAAgB,IAAhB,CAAqB;AACjB,gCAAY,eAAZ;AACA,iCAAa,8BAAb;iBAFJ,EAhGc;;AAqGd,kBAAE,YAAF,EAAgB,IAAhB,CAAqB;AACjB,gCAAY,KAAZ;AACA,gCAAY,eAAZ;AACA,iCAAa,8BAAb;iBAHJ,EArGc;aAAZ;;;WAAN;;KAFJ,CAFuB;CAAZ,EAAX","file":"/client/lib/compatibility/slicklab/js/tree-init.js.map","sourcesContent":["var TreeView = function () {\r\n\r\n    return {\r\n        //main function to initiate the module\r\n        init: function () {\r\n\r\n            var DataSourceTree = function (options) {\r\n                this._data  = options.data;\r\n                this._delay = options.delay;\r\n            };\r\n\r\n            DataSourceTree.prototype = {\r\n\r\n                data: function (options, callback) {\r\n                    var self = this;\r\n\r\n                    setTimeout(function () {\r\n                        var data = $.extend(true, [], self._data);\r\n\r\n                        callback({ data: data });\r\n\r\n                    }, this._delay)\r\n                }\r\n            };\r\n\r\n            // INITIALIZING TREE\r\n            var treeDataSource = new DataSourceTree({\r\n                data: [\r\n                    { name: 'Theme', type: 'folder', additionalParameters: { id: 'F1' } },\r\n                    { name: 'Design', type: 'folder', additionalParameters: { id: 'F2' } },\r\n                    { name: 'Development', type: 'item', additionalParameters: { id: 'I1' } },\r\n                    { name: 'Testing', type: 'item', additionalParameters: { id: 'I2' } }\r\n                ],\r\n                delay: 400\r\n            });\r\n\r\n            var treeDataSource2 = new DataSourceTree({\r\n                data: [\r\n                    { name: 'Test tree 1 <div class=\"tree-actions\"></div>', type: 'folder', additionalParameters: { id: 'F11' } },\r\n                    { name: 'Test tree 2 <div class=\"tree-actions\"></div>', type: 'folder', additionalParameters: { id: 'F12' } },\r\n                    { name: '<i class=\"fa fa-bell-o\"></i> Notification', type: 'item', additionalParameters: { id: 'I11' } },\r\n                    { name: '<i class=\"fa fa-bar-chart-o\"></i> Assignment', type: 'item', additionalParameters: { id: 'I12' } }\r\n                ],\r\n                delay: 400\r\n            });\r\n\r\n            var treeDataSource3 = new DataSourceTree({\r\n                data: [\r\n                    { name: 'Tree <div class=\"tree-actions\"></div>', type: 'folder', additionalParameters: { id: 'F11' } },\r\n                    { name: 'Development <div class=\"tree-actions\"></div>', type: 'folder', additionalParameters: { id: 'F12' } },\r\n                    { name: 'Slick Theme', type: 'item', additionalParameters: { id: 'I11' } },\r\n                    { name: 'Modern Design', type: 'item', additionalParameters: { id: 'I12' } }\r\n                ],\r\n                delay: 400\r\n            });\r\n\r\n            var treeDataSource4 = new DataSourceTree({\r\n                data: [\r\n                    { name: 'Theme<div class=\"tree-actions\"><i class=\"fa fa-plus\"></i><i class=\"fa fa-trash-o\"></i><i class=\"fa fa-refresh\"></i></div>', type: 'folder', additionalParameters: { id: 'F11' } },\r\n                    { name: 'Development<div class=\"tree-actions\"><i class=\"fa fa-plus\"></i><i class=\"fa fa-trash-o\"></i><i class=\"fa fa-refresh\"></i></div>', type: 'folder', additionalParameters: { id: 'F12' } },\r\n                    { name: '<i class=\"fa fa-user\"></i> User <div class=\"tree-actions\"><i class=\"fa fa-plus\"></i><i class=\"fa fa-trash-o\"></i><i class=\"fa fa-refresh\"></i></div><div class=\"tree-actions\"><i class=\"fa fa-plus\"></i><i class=\"fa fa-trash-o\"></i><i class=\"fa fa-refresh\"></i></div>', type: 'item', additionalParameters: { id: 'I11' } },\r\n                    { name: '<i class=\"fa fa-calendar\"></i> Events <div class=\"tree-actions\"><i class=\"fa fa-plus\"></i><i class=\"fa fa-trash-o\"></i><i class=\"fa fa-refresh\"></i></div>', type: 'item', additionalParameters: { id: 'I12' } },\r\n                    { name: '<i class=\"fa  fa-gear \"></i> Works <div class=\"tree-actions\"><i class=\"fa fa-plus\"></i><i class=\"fa fa-trash-o\"></i><i class=\"fa fa-refresh\"></i></div>', type: 'item', additionalParameters: { id: 'I12' } }\r\n                ],\r\n                delay: 400\r\n            });\r\n\r\n            var treeDataSource5 = new DataSourceTree({\r\n                data: [\r\n                    { name: 'Theme<div class=\"tree-actions\"><i class=\"fa fa-plus\"></i><i class=\"fa fa-trash-o\"></i><i class=\"fa fa-refresh\"></i></div>', type: 'folder', additionalParameters: { id: 'F11' } },\r\n                    { name: 'Development<div class=\"tree-actions\"><i class=\"fa fa-plus\"></i><i class=\"fa fa-trash-o\"></i><i class=\"fa fa-refresh\"></i></div>', type: 'folder', additionalParameters: { id: 'F12' } },\r\n                    { name: '<i class=\"fa fa-user\"></i> User <div class=\"tree-actions\"><i class=\"fa fa-plus\"></i><i class=\"fa fa-trash-o\"></i><i class=\"fa fa-refresh\"></i></div><div class=\"tree-actions\"><i class=\"fa fa-plus\"></i><i class=\"fa fa-trash-o\"></i><i class=\"fa fa-refresh\"></i></div>', type: 'item', additionalParameters: { id: 'I11' } },\r\n                    { name: '<i class=\"fa fa-calendar\"></i> Events <div class=\"tree-actions\"><i class=\"fa fa-plus\"></i><i class=\"fa fa-trash-o\"></i><i class=\"fa fa-refresh\"></i></div>', type: 'item', additionalParameters: { id: 'I12' } },\r\n                    { name: '<i class=\"fa  fa-gear \"></i> Works <div class=\"tree-actions\"><i class=\"fa fa-plus\"></i><i class=\"fa fa-trash-o\"></i><i class=\"fa fa-refresh\"></i></div>', type: 'item', additionalParameters: { id: 'I12' } }\r\n                ],\r\n                delay: 400\r\n            });\r\n\r\n            var treeDataSource6 = new DataSourceTree({\r\n                data: [\r\n                    { name: 'Theme<div class=\"tree-actions\"><i class=\"fa fa-plus\"></i><i class=\"fa fa-trash-o\"></i><i class=\"fa fa-refresh\"></i></div>', type: 'folder', additionalParameters: { id: 'F11' } },\r\n                    { name: 'Development<div class=\"tree-actions\"><i class=\"fa fa-plus\"></i><i class=\"fa fa-trash-o\"></i><i class=\"fa fa-refresh\"></i></div>', type: 'folder', additionalParameters: { id: 'F12' } },\r\n                    { name: '<i class=\"fa fa-user\"></i> User <div class=\"tree-actions\"><i class=\"fa fa-plus\"></i><i class=\"fa fa-trash-o\"></i><i class=\"fa fa-refresh\"></i></div><div class=\"tree-actions\"><i class=\"fa fa-plus\"></i><i class=\"fa fa-trash-o\"></i><i class=\"fa fa-refresh\"></i></div>', type: 'item', additionalParameters: { id: 'I11' } },\r\n                    { name: '<i class=\"fa fa-calendar\"></i> Events <div class=\"tree-actions\"><i class=\"fa fa-plus\"></i><i class=\"fa fa-trash-o\"></i><i class=\"fa fa-refresh\"></i></div>', type: 'item', additionalParameters: { id: 'I12' } },\r\n                    { name: '<i class=\"fa  fa-gear \"></i> Works <div class=\"tree-actions\"><i class=\"fa fa-plus\"></i><i class=\"fa fa-trash-o\"></i><i class=\"fa fa-refresh\"></i></div>', type: 'item', additionalParameters: { id: 'I12' } }\r\n                ],\r\n                delay: 400\r\n            });\r\n\r\n            $('#FlatTree').tree({\r\n                dataSource: treeDataSource,\r\n                loadingHTML: '<img src=\"img/spinner.gif\"/>'\r\n            });\r\n\r\n\r\n            $('#FlatTree2').tree({\r\n                dataSource: treeDataSource2,\r\n                loadingHTML: '<img src=\"img/spinner.gif\"/>'\r\n            });\r\n\r\n            $('#FlatTree3').tree({\r\n                dataSource: treeDataSource3,\r\n                loadingHTML: '<img src=\"img/spinner.gif\"/>'\r\n            });\r\n\r\n            $('#FlatTree4').tree({\r\n                selectable: false,\r\n                dataSource: treeDataSource4,\r\n                loadingHTML: '<img src=\"img/spinner.gif\"/>'\r\n            });\r\n\r\n\r\n        }\r\n\r\n    };\r\n\r\n}();"]},"hash":"6cbc39191fc37de228b1388d48df507ab7f2144d"}
