{"metadata":{"usedHelpers":[],"marked":[],"modules":{"imports":[],"exports":{"exported":[],"specifiers":[]}}},"options":{"filename":"/client/layout/applicationLayout.js","filenameRelative":"/client/layout/applicationLayout.js","env":{},"retainLines":false,"highlightCode":true,"suppressDeprecationMessages":false,"presets":[],"plugins":[[[],null],[[],null],[[],null],[[],null],[[],null],[[],null],[[],null],[[],{"polyfill":false}],[[],null],[[],null],[[],null],[[],null],[[],null],[[],null],[[],null],[[],null],[[],{"loose":true}],[[],{"loose":true}],[[],null],[[],{"loose":true}],[[],null],[[],null],[[],{"allowTopLevelThis":true,"strict":false,"loose":true}],[[],null],[[],null],[[],null],[[],null],[[],null],[[],{"loose":true}],[[],null],[[],null],[[],null],[[],null],[[],null],[[],null],[[],null],[[],null]],"ignore":[],"code":true,"metadata":true,"ast":false,"comments":true,"compact":false,"minified":false,"sourceMap":true,"sourceMaps":true,"sourceMapTarget":"/client/layout/applicationLayout.js.map","sourceFileName":"/client/layout/applicationLayout.js","babelrc":false,"sourceType":"module","moduleIds":false,"passPerPreset":false,"basename":"applicationLayout"},"ignored":false,"code":"//-----------------------------------------------------------------------\n// <copyright file=\"applicationLayout.js\" company=\"Anecom Inc\">\n// Copyright (c) Anecom Inc. All rights reserved. 2015.\n// </copyright>\n//-----------------------------------------------------------------------\n\nTemplate.applicationLayout.helpers({});\n\nTemplate.applicationLayout.onRendered(function () {\n  $(\"body\").removeAttr('style');\n  $(\"html\").niceScroll({\n    styler: \"fb\",\n    cursorcolor: \"#a979d1\",\n    cursorwidth: '5',\n    cursorborderradius: '15px',\n    background: '#404040',\n    cursorborder: '',\n    zindex: '12000'\n  });\n});\n\nTemplate.applicationLayout.events({\n  'click #hideAlert': function () {\n    function clickHideAlert() {\n      $('#application-error').hide();\n    }\n\n    return clickHideAlert;\n  }(),\n  'click #applicationLayout-logout': function () {\n    function clickApplicationLayoutLogout(event) {\n      event.preventDefault();\n      Meteor.logout(function () {\n        Router.go(\"/\");\n      });\n    }\n\n    return clickApplicationLayoutLogout;\n  }(),\n  'click .toggle-btn': function () {\n    function clickToggleBtn(event) {\n      var body = jQuery('body');\n      var bodyposition = body.css('position');\n\n      if (bodyposition != 'relative') {\n        if (!body.hasClass('sidebar-collapsed')) {\n          body.addClass('sidebar-collapsed');\n          jQuery('.side-navigation ul').attr('style', '');\n        } else {\n          body.removeClass('sidebar-collapsed chat-view');\n          jQuery('.side-navigation li.active ul').css({ display: 'block' });\n        }\n      } else {\n\n        if (body.hasClass('sidebar-open')) body.removeClass('sidebar-open');else body.addClass('sidebar-open');\n      }\n    }\n\n    return clickToggleBtn;\n  }(),\n  'click #applicationLayout-showCachedList': function () {\n    function clickApplicationLayoutShowCachedList() {\n      Router.go('/cachedList');\n    }\n\n    return clickApplicationLayoutShowCachedList;\n  }(),\n  'click #applicationLayout-setInstanceType': function () {\n    function clickApplicationLayoutSetInstanceType() {\n      Modal.show('iTypeForm', { isCachedView: true });\n    }\n\n    return clickApplicationLayoutSetInstanceType;\n  }()\n});","ast":null,"map":{"version":3,"sources":["/client/layout/applicationLayout.js"],"names":[],"mappings":";;;;;;AAMA,SAAS,iBAAT,CAA2B,OAA3B,CAAmC,EAAnC;;AAGA,SAAS,iBAAT,CAA2B,UAA3B,CAAsC,YAAU;AAC9C,IAAE,MAAF,EAAU,UAAV,CAAqB,OAArB,EAD8C;AAE1C,IAAE,MAAF,EAAU,UAAV,CAAqB;AACnB,YAAQ,IAAR;AACA,iBAAa,SAAb;AACA,iBAAa,GAAb;AACA,wBAAoB,MAApB;AACA,gBAAY,SAAZ;AACA,kBAAc,EAAd;AACA,YAAQ,OAAR;GAPF,EAF0C;CAAV,CAAtC;;AAaA,SAAS,iBAAT,CAA2B,MAA3B,CAAkC;AAChC;AAAoB,8BAAU;AAC5B,QAAE,oBAAF,EAAwB,IAAxB,GAD4B;KAAV;;;KAApB;AAGA;AAAmC,0CAAS,KAAT,EAAe;AAChD,YAAM,cAAN,GADgD;AAEhD,aAAO,MAAP,CAAc,YAAU;AACtB,eAAO,EAAP,CAAU,GAAV,EADsB;OAAV,CAAd,CAFgD;KAAf;;;KAAnC;AAMA;AAAqB,4BAAU,KAAV,EAAiB;AAClC,UAAI,OAAO,OAAO,MAAP,CAAP,CAD8B;AAElC,UAAI,eAAe,KAAK,GAAL,CAAS,UAAT,CAAf,CAF8B;;AAIlC,UAAG,gBAAgB,UAAhB,EAA4B;AAC5B,YAAG,CAAC,KAAK,QAAL,CAAc,mBAAd,CAAD,EAAqC;AACrC,eAAK,QAAL,CAAc,mBAAd,EADqC;AAErC,iBAAO,qBAAP,EAA8B,IAA9B,CAAmC,OAAnC,EAA2C,EAA3C,EAFqC;SAAxC,MAIO;AACJ,eAAK,WAAL,CAAiB,6BAAjB,EADI;AAEJ,iBAAO,+BAAP,EAAwC,GAAxC,CAA4C,EAAC,SAAS,OAAT,EAA7C,EAFI;SAJP;OADH,MAUO;;AAEJ,YAAG,KAAK,QAAL,CAAc,cAAd,CAAH,EACG,KAAK,WAAL,CAAiB,cAAjB,EADH,KAGG,KAAK,QAAL,CAAc,cAAd,EAHH;OAZH;KAJiB;;;KAArB;AAsBA;AAA0C,oDAAU;AAClD,aAAO,EAAP,CAAU,aAAV,EADkD;KAAV;;;KAA1C;AAGA;AAA2C,qDAAU;AACnD,YAAM,IAAN,CAAW,WAAX,EAAuB,EAAC,cAAa,IAAb,EAAxB,EADmD;KAAV;;;KAA3C;CAnCF","file":"/client/layout/applicationLayout.js.map","sourcesContent":["//-----------------------------------------------------------------------\r\n// <copyright file=\"applicationLayout.js\" company=\"Anecom Inc\">\r\n// Copyright (c) Anecom Inc. All rights reserved. 2015.\r\n// </copyright>\r\n//-----------------------------------------------------------------------\r\n\r\nTemplate.applicationLayout.helpers({\r\n});\r\n\r\nTemplate.applicationLayout.onRendered(function(){\r\n  $(\"body\").removeAttr('style');\r\n      $(\"html\").niceScroll({\r\n        styler: \"fb\",\r\n        cursorcolor: \"#a979d1\",\r\n        cursorwidth: '5',\r\n        cursorborderradius: '15px',\r\n        background: '#404040',\r\n        cursorborder: '',\r\n        zindex: '12000'\r\n    });\r\n});\r\n\r\nTemplate.applicationLayout.events({\r\n  'click #hideAlert': function(){\r\n    $('#application-error').hide();\r\n  },\r\n  'click #applicationLayout-logout': function(event){\r\n    event.preventDefault();\r\n    Meteor.logout(function(){\r\n      Router.go(\"/\");\r\n    });\r\n  },\r\n  'click .toggle-btn': function (event) {\r\n      var body = jQuery('body');\r\n      var bodyposition = body.css('position');\r\n\r\n      if(bodyposition != 'relative') {\r\n         if(!body.hasClass('sidebar-collapsed')) {\r\n            body.addClass('sidebar-collapsed');\r\n            jQuery('.side-navigation ul').attr('style','');\r\n\r\n         } else {\r\n            body.removeClass('sidebar-collapsed chat-view');\r\n            jQuery('.side-navigation li.active ul').css({display: 'block'});\r\n\r\n         }\r\n      } else {\r\n\r\n         if(body.hasClass('sidebar-open'))\r\n            body.removeClass('sidebar-open');\r\n         else\r\n            body.addClass('sidebar-open');\r\n      }\r\n  },\r\n  'click #applicationLayout-showCachedList':function(){\r\n    Router.go('/cachedList');\r\n  },\r\n  'click #applicationLayout-setInstanceType':function(){\r\n    Modal.show('iTypeForm',{isCachedView:true});\r\n  }\r\n});\r\n"]},"hash":"7141fb7b3ee4ae37c38b4ae19e6f425764dc080f"}
