{"metadata":{"usedHelpers":[],"marked":[],"modules":{"imports":[],"exports":{"exported":[],"specifiers":[]}}},"options":{"filename":"/client/template/dashboard.js","filenameRelative":"/client/template/dashboard.js","env":{},"retainLines":false,"highlightCode":true,"suppressDeprecationMessages":false,"presets":[],"plugins":[[[],null],[[],null],[[],null],[[],null],[[],null],[[],null],[[],null],[[],{"polyfill":false}],[[],null],[[],null],[[],null],[[],null],[[],null],[[],null],[[],null],[[],null],[[],{"loose":true}],[[],{"loose":true}],[[],null],[[],{"loose":true}],[[],null],[[],null],[[],{"allowTopLevelThis":true,"strict":false,"loose":true}],[[],null],[[],null],[[],null],[[],null],[[],null],[[],{"loose":true}],[[],null],[[],null],[[],null],[[],null],[[],null],[[],null],[[],null],[[],null]],"ignore":[],"code":true,"metadata":true,"ast":false,"comments":true,"compact":false,"minified":false,"sourceMap":true,"sourceMaps":true,"sourceMapTarget":"/client/template/dashboard.js.map","sourceFileName":"/client/template/dashboard.js","babelrc":false,"sourceType":"module","moduleIds":false,"passPerPreset":false,"basename":"dashboard"},"ignored":false,"code":"Template.dashboard.onRendered(function () {\n      // collection chart in home\n      $('#collections-charts').easyPieChart({\n            animate: 1000,\n            size: 70,\n            barColor: '#a979d1'\n      });\n\n      $('#storage-charts').easyPieChart({\n            animate: 1000,\n            size: 70,\n            barColor: '#53d192'\n      });\n\n      // This helper present in slicklab script.js\n      collapseChartContent();\n});","ast":null,"map":{"version":3,"sources":["/client/template/dashboard.js"],"names":[],"mappings":"AAAA,SAAS,SAAT,CAAmB,UAAnB,CAA8B,YAAU;;AAEtC,QAAE,qBAAF,EAAyB,YAAzB,CAAsC;AAChC,qBAAS,IAAT;AACA,kBAAM,EAAN;AACA,sBAAS,SAAT;OAHN,EAFsC;;AAQpC,QAAE,iBAAF,EAAqB,YAArB,CAAkC;AAC5B,qBAAS,IAAT;AACA,kBAAM,EAAN;AACA,sBAAS,SAAT;OAHN;;;AARoC,0BAelC,GAfkC;CAAV,CAA9B","file":"/client/template/dashboard.js.map","sourcesContent":["Template.dashboard.onRendered(function(){\r\n  // collection chart in home\r\n  $('#collections-charts').easyPieChart({\r\n        animate: 1000,\r\n        size: 70,\r\n        barColor:'#a979d1'\r\n    });\r\n\r\n    $('#storage-charts').easyPieChart({\r\n          animate: 1000,\r\n          size: 70,\r\n          barColor:'#53d192'\r\n      });\r\n\r\n      // This helper present in slicklab script.js\r\n      collapseChartContent();\r\n});\r\n"]},"hash":"83b0fa2e3825ac6b4802a84ae96d69d38a5aa6bc"}
