{"metadata":{"usedHelpers":[],"marked":[],"modules":{"imports":[],"exports":{"exported":[],"specifiers":[]}}},"options":{"filename":"/client/lib/compatibility/slicklab/js/jquery.bxslider.min.js","filenameRelative":"/client/lib/compatibility/slicklab/js/jquery.bxslider.min.js","env":{},"retainLines":false,"highlightCode":true,"suppressDeprecationMessages":false,"presets":[],"plugins":[[[],null],[[],null],[[],null],[[],null],[[],null],[[],null],[[],null],[[],{"polyfill":false}],[[],null],[[],null],[[],null],[[],null],[[],null],[[],null],[[],null],[[],null],[[],{"loose":true}],[[],{"loose":true}],[[],null],[[],{"loose":true}],[[],null],[[],null],[[],{"allowTopLevelThis":true,"strict":false,"loose":true}],[[],null],[[],null],[[],null],[[],null],[[],null],[[],{"loose":true}],[[],null],[[],null],[[],null],[[],null],[[],null],[[],null],[[],null],[[],null]],"ignore":[],"code":true,"metadata":true,"ast":false,"comments":true,"compact":false,"minified":false,"sourceMap":true,"sourceMaps":true,"sourceMapTarget":"/client/lib/compatibility/slicklab/js/jquery.bxslider.min.js.map","sourceFileName":"/client/lib/compatibility/slicklab/js/jquery.bxslider.min.js","babelrc":false,"sourceType":"module","moduleIds":false,"passPerPreset":false,"basename":"jquery.bxslider.min"},"ignored":false,"code":"/**\n * BxSlider v4.1.2 - Fully loaded, responsive content slider\n * http://bxslider.com\n *\n * Copyright 2014, Steven Wanderski - http://stevenwanderski.com - http://bxcreative.com\n * Written while drinking Belgian ales and listening to jazz\n *\n * Released under the MIT license - http://opensource.org/licenses/MIT\n */\n!function (t) {\n  var e = {},\n      s = { mode: \"horizontal\", slideSelector: \"\", infiniteLoop: !0, hideControlOnEnd: !1, speed: 500, easing: null, slideMargin: 0, startSlide: 0, randomStart: !1, captions: !1, ticker: !1, tickerHover: !1, adaptiveHeight: !1, adaptiveHeightSpeed: 500, video: !1, useCSS: !0, preloadImages: \"visible\", responsive: !0, slideZIndex: 50, touchEnabled: !0, swipeThreshold: 50, oneToOneTouch: !0, preventDefaultSwipeX: !0, preventDefaultSwipeY: !1, pager: !0, pagerType: \"full\", pagerShortSeparator: \" / \", pagerSelector: null, buildPager: null, pagerCustom: null, controls: !0, nextText: \"Next\", prevText: \"Prev\", nextSelector: null, prevSelector: null, autoControls: !1, startText: \"Start\", stopText: \"Stop\", autoControlsCombine: !1, autoControlsSelector: null, auto: !1, pause: 4e3, autoStart: !0, autoDirection: \"next\", autoHover: !1, autoDelay: 0, minSlides: 1, maxSlides: 1, moveSlides: 0, slideWidth: 0, onSliderLoad: function () {\n      function onSliderLoad() {}\n\n      return onSliderLoad;\n    }(), onSlideBefore: function () {\n      function onSlideBefore() {}\n\n      return onSlideBefore;\n    }(), onSlideAfter: function () {\n      function onSlideAfter() {}\n\n      return onSlideAfter;\n    }(), onSlideNext: function () {\n      function onSlideNext() {}\n\n      return onSlideNext;\n    }(), onSlidePrev: function () {\n      function onSlidePrev() {}\n\n      return onSlidePrev;\n    }(), onSliderResize: function () {\n      function onSliderResize() {}\n\n      return onSliderResize;\n    }() };t.fn.bxSlider = function (n) {\n    if (0 == this.length) return this;if (this.length > 1) return this.each(function () {\n      t(this).bxSlider(n);\n    }), this;var o = {},\n        r = this;e.el = this;var a = t(window).width(),\n        l = t(window).height(),\n        d = function d() {\n      o.settings = t.extend({}, s, n), o.settings.slideWidth = parseInt(o.settings.slideWidth), o.children = r.children(o.settings.slideSelector), o.children.length < o.settings.minSlides && (o.settings.minSlides = o.children.length), o.children.length < o.settings.maxSlides && (o.settings.maxSlides = o.children.length), o.settings.randomStart && (o.settings.startSlide = Math.floor(Math.random() * o.children.length)), o.active = { index: o.settings.startSlide }, o.carousel = o.settings.minSlides > 1 || o.settings.maxSlides > 1, o.carousel && (o.settings.preloadImages = \"all\"), o.minThreshold = o.settings.minSlides * o.settings.slideWidth + (o.settings.minSlides - 1) * o.settings.slideMargin, o.maxThreshold = o.settings.maxSlides * o.settings.slideWidth + (o.settings.maxSlides - 1) * o.settings.slideMargin, o.working = !1, o.controls = {}, o.interval = null, o.animProp = \"vertical\" == o.settings.mode ? \"top\" : \"left\", o.usingCSS = o.settings.useCSS && \"fade\" != o.settings.mode && function () {\n        var t = document.createElement(\"div\"),\n            e = [\"WebkitPerspective\", \"MozPerspective\", \"OPerspective\", \"msPerspective\"];for (var i in meteorBabelHelpers.sanitizeForInObject(e)) {\n          if (void 0 !== t.style[e[i]]) return o.cssPrefix = e[i].replace(\"Perspective\", \"\").toLowerCase(), o.animProp = \"-\" + o.cssPrefix + \"-transform\", !0;\n        }return !1;\n      }(), \"vertical\" == o.settings.mode && (o.settings.maxSlides = o.settings.minSlides), r.data(\"origStyle\", r.attr(\"style\")), r.children(o.settings.slideSelector).each(function () {\n        t(this).data(\"origStyle\", t(this).attr(\"style\"));\n      }), c();\n    },\n        c = function c() {\n      r.wrap('<div class=\"bx-wrapper\"><div class=\"bx-viewport\"></div></div>'), o.viewport = r.parent(), o.loader = t('<div class=\"bx-loading\" />'), o.viewport.prepend(o.loader), r.css({ width: \"horizontal\" == o.settings.mode ? 100 * o.children.length + 215 + \"%\" : \"auto\", position: \"relative\" }), o.usingCSS && o.settings.easing ? r.css(\"-\" + o.cssPrefix + \"-transition-timing-function\", o.settings.easing) : o.settings.easing || (o.settings.easing = \"swing\"), f(), o.viewport.css({ width: \"100%\", overflow: \"hidden\", position: \"relative\" }), o.viewport.parent().css({ maxWidth: p() }), o.settings.pager || o.viewport.parent().css({ margin: \"0 auto 0px\" }), o.children.css({ \"float\": \"horizontal\" == o.settings.mode ? \"left\" : \"none\", listStyle: \"none\", position: \"relative\" }), o.children.css(\"width\", u()), \"horizontal\" == o.settings.mode && o.settings.slideMargin > 0 && o.children.css(\"marginRight\", o.settings.slideMargin), \"vertical\" == o.settings.mode && o.settings.slideMargin > 0 && o.children.css(\"marginBottom\", o.settings.slideMargin), \"fade\" == o.settings.mode && (o.children.css({ position: \"absolute\", zIndex: 0, display: \"none\" }), o.children.eq(o.settings.startSlide).css({ zIndex: o.settings.slideZIndex, display: \"block\" })), o.controls.el = t('<div class=\"bx-controls\" />'), o.settings.captions && P(), o.active.last = o.settings.startSlide == x() - 1, o.settings.video && r.fitVids();var e = o.children.eq(o.settings.startSlide);\"all\" == o.settings.preloadImages && (e = o.children), o.settings.ticker ? o.settings.pager = !1 : (o.settings.pager && T(), o.settings.controls && C(), o.settings.auto && o.settings.autoControls && E(), (o.settings.controls || o.settings.autoControls || o.settings.pager) && o.viewport.after(o.controls.el)), g(e, h);\n    },\n        g = function g(e, i) {\n      var s = e.find(\"img, iframe\").length;if (0 == s) return i(), void 0;var n = 0;e.find(\"img, iframe\").each(function () {\n        t(this).one(\"load\", function () {\n          ++n == s && i();\n        }).each(function () {\n          this.complete && t(this).load();\n        });\n      });\n    },\n        h = function h() {\n      if (o.settings.infiniteLoop && \"fade\" != o.settings.mode && !o.settings.ticker) {\n        var e = \"vertical\" == o.settings.mode ? o.settings.minSlides : o.settings.maxSlides,\n            i = o.children.slice(0, e).clone().addClass(\"bx-clone\"),\n            s = o.children.slice(-e).clone().addClass(\"bx-clone\");r.append(i).prepend(s);\n      }o.loader.remove(), S(), \"vertical\" == o.settings.mode && (o.settings.adaptiveHeight = !0), o.viewport.height(v()), r.redrawSlider(), o.settings.onSliderLoad(o.active.index), o.initialized = !0, o.settings.responsive && t(window).bind(\"resize\", Z), o.settings.auto && o.settings.autoStart && H(), o.settings.ticker && L(), o.settings.pager && q(o.settings.startSlide), o.settings.controls && W(), o.settings.touchEnabled && !o.settings.ticker && O();\n    },\n        v = function v() {\n      var e = 0,\n          s = t();if (\"vertical\" == o.settings.mode || o.settings.adaptiveHeight) {\n        if (o.carousel) {\n          var n = 1 == o.settings.moveSlides ? o.active.index : o.active.index * m();for (s = o.children.eq(n), i = 1; i <= o.settings.maxSlides - 1; i++) {\n            s = n + i >= o.children.length ? s.add(o.children.eq(i - 1)) : s.add(o.children.eq(n + i));\n          }\n        } else s = o.children.eq(o.active.index);\n      } else s = o.children;return \"vertical\" == o.settings.mode ? (s.each(function () {\n        e += t(this).outerHeight();\n      }), o.settings.slideMargin > 0 && (e += o.settings.slideMargin * (o.settings.minSlides - 1))) : e = Math.max.apply(Math, s.map(function () {\n        return t(this).outerHeight(!1);\n      }).get()), e;\n    },\n        p = function p() {\n      var t = \"100%\";return o.settings.slideWidth > 0 && (t = \"horizontal\" == o.settings.mode ? o.settings.maxSlides * o.settings.slideWidth + (o.settings.maxSlides - 1) * o.settings.slideMargin : o.settings.slideWidth), t;\n    },\n        u = function u() {\n      var t = o.settings.slideWidth,\n          e = o.viewport.width();return 0 == o.settings.slideWidth || o.settings.slideWidth > e && !o.carousel || \"vertical\" == o.settings.mode ? t = e : o.settings.maxSlides > 1 && \"horizontal\" == o.settings.mode && (e > o.maxThreshold || e < o.minThreshold && (t = (e - o.settings.slideMargin * (o.settings.minSlides - 1)) / o.settings.minSlides)), t;\n    },\n        f = function f() {\n      var t = 1;if (\"horizontal\" == o.settings.mode && o.settings.slideWidth > 0) {\n        if (o.viewport.width() < o.minThreshold) t = o.settings.minSlides;else if (o.viewport.width() > o.maxThreshold) t = o.settings.maxSlides;else {\n          var e = o.children.first().width();t = Math.floor(o.viewport.width() / e);\n        }\n      } else \"vertical\" == o.settings.mode && (t = o.settings.minSlides);return t;\n    },\n        x = function x() {\n      var t = 0;if (o.settings.moveSlides > 0) {\n        if (o.settings.infiniteLoop) t = o.children.length / m();else for (var e = 0, i = 0; e < o.children.length;) {\n          ++t, e = i + f(), i += o.settings.moveSlides <= f() ? o.settings.moveSlides : f();\n        }\n      } else t = Math.ceil(o.children.length / f());return t;\n    },\n        m = function m() {\n      return o.settings.moveSlides > 0 && o.settings.moveSlides <= f() ? o.settings.moveSlides : f();\n    },\n        S = function S() {\n      if (o.children.length > o.settings.maxSlides && o.active.last && !o.settings.infiniteLoop) {\n        if (\"horizontal\" == o.settings.mode) {\n          var t = o.children.last(),\n              e = t.position();b(-(e.left - (o.viewport.width() - t.width())), \"reset\", 0);\n        } else if (\"vertical\" == o.settings.mode) {\n          var i = o.children.length - o.settings.minSlides,\n              e = o.children.eq(i).position();b(-e.top, \"reset\", 0);\n        }\n      } else {\n        var e = o.children.eq(o.active.index * m()).position();o.active.index == x() - 1 && (o.active.last = !0), void 0 != e && (\"horizontal\" == o.settings.mode ? b(-e.left, \"reset\", 0) : \"vertical\" == o.settings.mode && b(-e.top, \"reset\", 0));\n      }\n    },\n        b = function b(t, e, i, s) {\n      if (o.usingCSS) {\n        var n = \"vertical\" == o.settings.mode ? \"translate3d(0, \" + t + \"px, 0)\" : \"translate3d(\" + t + \"px, 0, 0)\";r.css(\"-\" + o.cssPrefix + \"-transition-duration\", i / 1e3 + \"s\"), \"slide\" == e ? (r.css(o.animProp, n), r.bind(\"transitionend webkitTransitionEnd oTransitionEnd MSTransitionEnd\", function () {\n          r.unbind(\"transitionend webkitTransitionEnd oTransitionEnd MSTransitionEnd\"), D();\n        })) : \"reset\" == e ? r.css(o.animProp, n) : \"ticker\" == e && (r.css(\"-\" + o.cssPrefix + \"-transition-timing-function\", \"linear\"), r.css(o.animProp, n), r.bind(\"transitionend webkitTransitionEnd oTransitionEnd MSTransitionEnd\", function () {\n          r.unbind(\"transitionend webkitTransitionEnd oTransitionEnd MSTransitionEnd\"), b(s.resetValue, \"reset\", 0), N();\n        }));\n      } else {\n        var a = {};a[o.animProp] = t, \"slide\" == e ? r.animate(a, i, o.settings.easing, function () {\n          D();\n        }) : \"reset\" == e ? r.css(o.animProp, t) : \"ticker\" == e && r.animate(a, speed, \"linear\", function () {\n          b(s.resetValue, \"reset\", 0), N();\n        });\n      }\n    },\n        w = function w() {\n      for (var e = \"\", i = x(), s = 0; i > s; s++) {\n        var n = \"\";o.settings.buildPager && t.isFunction(o.settings.buildPager) ? (n = o.settings.buildPager(s), o.pagerEl.addClass(\"bx-custom-pager\")) : (n = s + 1, o.pagerEl.addClass(\"bx-default-pager\")), e += '<div class=\"bx-pager-item\"><a href=\"\" data-slide-index=\"' + s + '\" class=\"bx-pager-link\">' + n + \"</a></div>\";\n      }o.pagerEl.html(e);\n    },\n        T = function T() {\n      o.settings.pagerCustom ? o.pagerEl = t(o.settings.pagerCustom) : (o.pagerEl = t('<div class=\"bx-pager\" />'), o.settings.pagerSelector ? t(o.settings.pagerSelector).html(o.pagerEl) : o.controls.el.addClass(\"bx-has-pager\").append(o.pagerEl), w()), o.pagerEl.on(\"click\", \"a\", I);\n    },\n        C = function C() {\n      o.controls.next = t('<a class=\"bx-next\" href=\"\">' + o.settings.nextText + \"</a>\"), o.controls.prev = t('<a class=\"bx-prev\" href=\"\">' + o.settings.prevText + \"</a>\"), o.controls.next.bind(\"click\", y), o.controls.prev.bind(\"click\", z), o.settings.nextSelector && t(o.settings.nextSelector).append(o.controls.next), o.settings.prevSelector && t(o.settings.prevSelector).append(o.controls.prev), o.settings.nextSelector || o.settings.prevSelector || (o.controls.directionEl = t('<div class=\"bx-controls-direction\" />'), o.controls.directionEl.append(o.controls.prev).append(o.controls.next), o.controls.el.addClass(\"bx-has-controls-direction\").append(o.controls.directionEl));\n    },\n        E = function E() {\n      o.controls.start = t('<div class=\"bx-controls-auto-item\"><a class=\"bx-start\" href=\"\">' + o.settings.startText + \"</a></div>\"), o.controls.stop = t('<div class=\"bx-controls-auto-item\"><a class=\"bx-stop\" href=\"\">' + o.settings.stopText + \"</a></div>\"), o.controls.autoEl = t('<div class=\"bx-controls-auto\" />'), o.controls.autoEl.on(\"click\", \".bx-start\", k), o.controls.autoEl.on(\"click\", \".bx-stop\", M), o.settings.autoControlsCombine ? o.controls.autoEl.append(o.controls.start) : o.controls.autoEl.append(o.controls.start).append(o.controls.stop), o.settings.autoControlsSelector ? t(o.settings.autoControlsSelector).html(o.controls.autoEl) : o.controls.el.addClass(\"bx-has-controls-auto\").append(o.controls.autoEl), A(o.settings.autoStart ? \"stop\" : \"start\");\n    },\n        P = function P() {\n      o.children.each(function () {\n        var e = t(this).find(\"img:first\").attr(\"title\");void 0 != e && (\"\" + e).length && t(this).append('<div class=\"bx-caption\"><span>' + e + \"</span></div>\");\n      });\n    },\n        y = function y(t) {\n      o.settings.auto && r.stopAuto(), r.goToNextSlide(), t.preventDefault();\n    },\n        z = function z(t) {\n      o.settings.auto && r.stopAuto(), r.goToPrevSlide(), t.preventDefault();\n    },\n        k = function k(t) {\n      r.startAuto(), t.preventDefault();\n    },\n        M = function M(t) {\n      r.stopAuto(), t.preventDefault();\n    },\n        I = function I(e) {\n      o.settings.auto && r.stopAuto();var i = t(e.currentTarget),\n          s = parseInt(i.attr(\"data-slide-index\"));s != o.active.index && r.goToSlide(s), e.preventDefault();\n    },\n        q = function q(e) {\n      var i = o.children.length;return \"short\" == o.settings.pagerType ? (o.settings.maxSlides > 1 && (i = Math.ceil(o.children.length / o.settings.maxSlides)), o.pagerEl.html(e + 1 + o.settings.pagerShortSeparator + i), void 0) : (o.pagerEl.find(\"a\").removeClass(\"active\"), o.pagerEl.each(function (i, s) {\n        t(s).find(\"a\").eq(e).addClass(\"active\");\n      }), void 0);\n    },\n        D = function D() {\n      if (o.settings.infiniteLoop) {\n        var t = \"\";0 == o.active.index ? t = o.children.eq(0).position() : o.active.index == x() - 1 && o.carousel ? t = o.children.eq((x() - 1) * m()).position() : o.active.index == o.children.length - 1 && (t = o.children.eq(o.children.length - 1).position()), t && (\"horizontal\" == o.settings.mode ? b(-t.left, \"reset\", 0) : \"vertical\" == o.settings.mode && b(-t.top, \"reset\", 0));\n      }o.working = !1, o.settings.onSlideAfter(o.children.eq(o.active.index), o.oldIndex, o.active.index);\n    },\n        A = function A(t) {\n      o.settings.autoControlsCombine ? o.controls.autoEl.html(o.controls[t]) : (o.controls.autoEl.find(\"a\").removeClass(\"active\"), o.controls.autoEl.find(\"a:not(.bx-\" + t + \")\").addClass(\"active\"));\n    },\n        W = function W() {\n      1 == x() ? (o.controls.prev.addClass(\"disabled\"), o.controls.next.addClass(\"disabled\")) : !o.settings.infiniteLoop && o.settings.hideControlOnEnd && (0 == o.active.index ? (o.controls.prev.addClass(\"disabled\"), o.controls.next.removeClass(\"disabled\")) : o.active.index == x() - 1 ? (o.controls.next.addClass(\"disabled\"), o.controls.prev.removeClass(\"disabled\")) : (o.controls.prev.removeClass(\"disabled\"), o.controls.next.removeClass(\"disabled\")));\n    },\n        H = function H() {\n      o.settings.autoDelay > 0 ? setTimeout(r.startAuto, o.settings.autoDelay) : r.startAuto(), o.settings.autoHover && r.hover(function () {\n        o.interval && (r.stopAuto(!0), o.autoPaused = !0);\n      }, function () {\n        o.autoPaused && (r.startAuto(!0), o.autoPaused = null);\n      });\n    },\n        L = function L() {\n      var e = 0;if (\"next\" == o.settings.autoDirection) r.append(o.children.clone().addClass(\"bx-clone\"));else {\n        r.prepend(o.children.clone().addClass(\"bx-clone\"));var i = o.children.first().position();e = \"horizontal\" == o.settings.mode ? -i.left : -i.top;\n      }b(e, \"reset\", 0), o.settings.pager = !1, o.settings.controls = !1, o.settings.autoControls = !1, o.settings.tickerHover && !o.usingCSS && o.viewport.hover(function () {\n        r.stop();\n      }, function () {\n        var e = 0;o.children.each(function () {\n          e += \"horizontal\" == o.settings.mode ? t(this).outerWidth(!0) : t(this).outerHeight(!0);\n        });var i = o.settings.speed / e,\n            s = \"horizontal\" == o.settings.mode ? \"left\" : \"top\",\n            n = i * (e - Math.abs(parseInt(r.css(s))));N(n);\n      }), N();\n    },\n        N = function N(t) {\n      speed = t ? t : o.settings.speed;var e = { left: 0, top: 0 },\n          i = { left: 0, top: 0 };\"next\" == o.settings.autoDirection ? e = r.find(\".bx-clone\").first().position() : i = o.children.first().position();var s = \"horizontal\" == o.settings.mode ? -e.left : -e.top,\n          n = \"horizontal\" == o.settings.mode ? -i.left : -i.top,\n          a = { resetValue: n };b(s, \"ticker\", speed, a);\n    },\n        O = function O() {\n      o.touch = { start: { x: 0, y: 0 }, end: { x: 0, y: 0 } }, o.viewport.bind(\"touchstart\", X);\n    },\n        X = function X(t) {\n      if (o.working) t.preventDefault();else {\n        o.touch.originalPos = r.position();var e = t.originalEvent;o.touch.start.x = e.changedTouches[0].pageX, o.touch.start.y = e.changedTouches[0].pageY, o.viewport.bind(\"touchmove\", Y), o.viewport.bind(\"touchend\", V);\n      }\n    },\n        Y = function Y(t) {\n      var e = t.originalEvent,\n          i = Math.abs(e.changedTouches[0].pageX - o.touch.start.x),\n          s = Math.abs(e.changedTouches[0].pageY - o.touch.start.y);if (3 * i > s && o.settings.preventDefaultSwipeX ? t.preventDefault() : 3 * s > i && o.settings.preventDefaultSwipeY && t.preventDefault(), \"fade\" != o.settings.mode && o.settings.oneToOneTouch) {\n        var n = 0;if (\"horizontal\" == o.settings.mode) {\n          var r = e.changedTouches[0].pageX - o.touch.start.x;n = o.touch.originalPos.left + r;\n        } else {\n          var r = e.changedTouches[0].pageY - o.touch.start.y;n = o.touch.originalPos.top + r;\n        }b(n, \"reset\", 0);\n      }\n    },\n        V = function V(t) {\n      o.viewport.unbind(\"touchmove\", Y);var e = t.originalEvent,\n          i = 0;if (o.touch.end.x = e.changedTouches[0].pageX, o.touch.end.y = e.changedTouches[0].pageY, \"fade\" == o.settings.mode) {\n        var s = Math.abs(o.touch.start.x - o.touch.end.x);s >= o.settings.swipeThreshold && (o.touch.start.x > o.touch.end.x ? r.goToNextSlide() : r.goToPrevSlide(), r.stopAuto());\n      } else {\n        var s = 0;\"horizontal\" == o.settings.mode ? (s = o.touch.end.x - o.touch.start.x, i = o.touch.originalPos.left) : (s = o.touch.end.y - o.touch.start.y, i = o.touch.originalPos.top), !o.settings.infiniteLoop && (0 == o.active.index && s > 0 || o.active.last && 0 > s) ? b(i, \"reset\", 200) : Math.abs(s) >= o.settings.swipeThreshold ? (0 > s ? r.goToNextSlide() : r.goToPrevSlide(), r.stopAuto()) : b(i, \"reset\", 200);\n      }o.viewport.unbind(\"touchend\", V);\n    },\n        Z = function Z() {\n      var e = t(window).width(),\n          i = t(window).height();(a != e || l != i) && (a = e, l = i, r.redrawSlider(), o.settings.onSliderResize.call(r, o.active.index));\n    };return r.goToSlide = function (e, i) {\n      if (!o.working && o.active.index != e) if (o.working = !0, o.oldIndex = o.active.index, o.active.index = 0 > e ? x() - 1 : e >= x() ? 0 : e, o.settings.onSlideBefore(o.children.eq(o.active.index), o.oldIndex, o.active.index), \"next\" == i ? o.settings.onSlideNext(o.children.eq(o.active.index), o.oldIndex, o.active.index) : \"prev\" == i && o.settings.onSlidePrev(o.children.eq(o.active.index), o.oldIndex, o.active.index), o.active.last = o.active.index >= x() - 1, o.settings.pager && q(o.active.index), o.settings.controls && W(), \"fade\" == o.settings.mode) o.settings.adaptiveHeight && o.viewport.height() != v() && o.viewport.animate({ height: v() }, o.settings.adaptiveHeightSpeed), o.children.filter(\":visible\").fadeOut(o.settings.speed).css({ zIndex: 0 }), o.children.eq(o.active.index).css(\"zIndex\", o.settings.slideZIndex + 1).fadeIn(o.settings.speed, function () {\n        t(this).css(\"zIndex\", o.settings.slideZIndex), D();\n      });else {\n        o.settings.adaptiveHeight && o.viewport.height() != v() && o.viewport.animate({ height: v() }, o.settings.adaptiveHeightSpeed);var s = 0,\n            n = { left: 0, top: 0 };if (!o.settings.infiniteLoop && o.carousel && o.active.last) {\n          if (\"horizontal\" == o.settings.mode) {\n            var a = o.children.eq(o.children.length - 1);n = a.position(), s = o.viewport.width() - a.outerWidth();\n          } else {\n            var l = o.children.length - o.settings.minSlides;n = o.children.eq(l).position();\n          }\n        } else if (o.carousel && o.active.last && \"prev\" == i) {\n          var d = 1 == o.settings.moveSlides ? o.settings.maxSlides - m() : (x() - 1) * m() - (o.children.length - o.settings.maxSlides),\n              a = r.children(\".bx-clone\").eq(d);n = a.position();\n        } else if (\"next\" == i && 0 == o.active.index) n = r.find(\"> .bx-clone\").eq(o.settings.maxSlides).position(), o.active.last = !1;else if (e >= 0) {\n          var c = e * m();n = o.children.eq(c).position();\n        }if (\"undefined\" != typeof n) {\n          var g = \"horizontal\" == o.settings.mode ? -(n.left - s) : -n.top;b(g, \"slide\", o.settings.speed);\n        }\n      }\n    }, r.goToNextSlide = function () {\n      if (o.settings.infiniteLoop || !o.active.last) {\n        var t = parseInt(o.active.index) + 1;r.goToSlide(t, \"next\");\n      }\n    }, r.goToPrevSlide = function () {\n      if (o.settings.infiniteLoop || 0 != o.active.index) {\n        var t = parseInt(o.active.index) - 1;r.goToSlide(t, \"prev\");\n      }\n    }, r.startAuto = function (t) {\n      o.interval || (o.interval = setInterval(function () {\n        \"next\" == o.settings.autoDirection ? r.goToNextSlide() : r.goToPrevSlide();\n      }, o.settings.pause), o.settings.autoControls && 1 != t && A(\"stop\"));\n    }, r.stopAuto = function (t) {\n      o.interval && (clearInterval(o.interval), o.interval = null, o.settings.autoControls && 1 != t && A(\"start\"));\n    }, r.getCurrentSlide = function () {\n      return o.active.index;\n    }, r.getCurrentSlideElement = function () {\n      return o.children.eq(o.active.index);\n    }, r.getSlideCount = function () {\n      return o.children.length;\n    }, r.redrawSlider = function () {\n      o.children.add(r.find(\".bx-clone\")).outerWidth(u()), o.viewport.css(\"height\", v()), o.settings.ticker || S(), o.active.last && (o.active.index = x() - 1), o.active.index >= x() && (o.active.last = !0), o.settings.pager && !o.settings.pagerCustom && (w(), q(o.active.index));\n    }, r.destroySlider = function () {\n      o.initialized && (o.initialized = !1, t(\".bx-clone\", this).remove(), o.children.each(function () {\n        void 0 != t(this).data(\"origStyle\") ? t(this).attr(\"style\", t(this).data(\"origStyle\")) : t(this).removeAttr(\"style\");\n      }), void 0 != t(this).data(\"origStyle\") ? this.attr(\"style\", t(this).data(\"origStyle\")) : t(this).removeAttr(\"style\"), t(this).unwrap().unwrap(), o.controls.el && o.controls.el.remove(), o.controls.next && o.controls.next.remove(), o.controls.prev && o.controls.prev.remove(), o.pagerEl && o.settings.controls && o.pagerEl.remove(), t(\".bx-caption\", this).remove(), o.controls.autoEl && o.controls.autoEl.remove(), clearInterval(o.interval), o.settings.responsive && t(window).unbind(\"resize\", Z));\n    }, r.reloadSlider = function (t) {\n      void 0 != t && (n = t), r.destroySlider(), d();\n    }, d(), this;\n  };\n}(jQuery);","ast":null,"map":{"version":3,"sources":["/client/lib/compatibility/slicklab/js/jquery.bxslider.min.js"],"names":[],"mappings":";;;;;;;;;AASA,CAAC,UAAS,CAAT,EAAW;AAAC,MAAI,IAAE,EAAF;MAAK,IAAE,EAAC,MAAK,YAAL,EAAkB,eAAc,EAAd,EAAiB,cAAa,CAAC,CAAD,EAAG,kBAAiB,CAAC,CAAD,EAAG,OAAM,GAAN,EAAU,QAAO,IAAP,EAAY,aAAY,CAAZ,EAAc,YAAW,CAAX,EAAa,aAAY,CAAC,CAAD,EAAG,UAAS,CAAC,CAAD,EAAG,QAAO,CAAC,CAAD,EAAG,aAAY,CAAC,CAAD,EAAG,gBAAe,CAAC,CAAD,EAAG,qBAAoB,GAApB,EAAwB,OAAM,CAAC,CAAD,EAAG,QAAO,CAAC,CAAD,EAAG,eAAc,SAAd,EAAwB,YAAW,CAAC,CAAD,EAAG,aAAY,EAAZ,EAAe,cAAa,CAAC,CAAD,EAAG,gBAAe,EAAf,EAAkB,eAAc,CAAC,CAAD,EAAG,sBAAqB,CAAC,CAAD,EAAG,sBAAqB,CAAC,CAAD,EAAG,OAAM,CAAC,CAAD,EAAG,WAAU,MAAV,EAAiB,qBAAoB,KAApB,EAA0B,eAAc,IAAd,EAAmB,YAAW,IAAX,EAAgB,aAAY,IAAZ,EAAiB,UAAS,CAAC,CAAD,EAAG,UAAS,MAAT,EAAgB,UAAS,MAAT,EAAgB,cAAa,IAAb,EAAkB,cAAa,IAAb,EAAkB,cAAa,CAAC,CAAD,EAAG,WAAU,OAAV,EAAkB,UAAS,MAAT,EAAgB,qBAAoB,CAAC,CAAD,EAAG,sBAAqB,IAArB,EAA0B,MAAK,CAAC,CAAD,EAAG,OAAM,GAAN,EAAU,WAAU,CAAC,CAAD,EAAG,eAAc,MAAd,EAAqB,WAAU,CAAC,CAAD,EAAG,WAAU,CAAV,EAAY,WAAU,CAAV,EAAY,WAAU,CAAV,EAAY,YAAW,CAAX,EAAa,YAAW,CAAX,EAAa;AAAa,8BAAU,EAAV;;;OAAb,EAA0B;AAAc,+BAAU,EAAV;;;OAAd,EAA2B;AAAa,8BAAU,EAAV;;;OAAb,EAA0B;AAAY,6BAAU,EAAV;;;OAAZ,EAAyB;AAAY,6BAAU,EAAV;;;OAAZ,EAAyB;AAAe,gCAAU,EAAV;;;OAAf,EAA/5B,CAAV,CAAs8B,CAAE,EAAF,CAAK,QAAL,GAAc,UAAS,CAAT,EAAW;AAAC,QAAG,KAAG,KAAK,MAAL,EAAY,OAAO,IAAP,CAAlB,IAAiC,KAAK,MAAL,GAAY,CAAZ,EAAc,OAAO,KAAK,IAAL,CAAU,YAAU;AAAC,QAAE,IAAF,EAAQ,QAAR,CAAiB,CAAjB,EAAD;KAAV,CAAV,EAA2C,IAA3C,CAAxB,IAA4E,IAAE,EAAF;QAAK,IAAE,IAAF,CAAhH,CAAuH,CAAE,EAAF,GAAK,IAAL,CAAvH,IAAqI,IAAE,EAAE,MAAF,EAAU,KAAV,EAAF;QAAoB,IAAE,EAAE,MAAF,EAAU,MAAV,EAAF;QAAqB,IAAE,SAAF,CAAE,GAAU;AAAC,QAAE,QAAF,GAAW,EAAE,MAAF,CAAS,EAAT,EAAY,CAAZ,EAAc,CAAd,CAAX,EAA4B,EAAE,QAAF,CAAW,UAAX,GAAsB,SAAS,EAAE,QAAF,CAAW,UAAX,CAA/B,EAAsD,EAAE,QAAF,GAAW,EAAE,QAAF,CAAW,EAAE,QAAF,CAAW,aAAX,CAAtB,EAAgD,EAAE,QAAF,CAAW,MAAX,GAAkB,EAAE,QAAF,CAAW,SAAX,KAAuB,EAAE,QAAF,CAAW,SAAX,GAAqB,EAAE,QAAF,CAAW,MAAX,CAA9D,EAAiF,EAAE,QAAF,CAAW,MAAX,GAAkB,EAAE,QAAF,CAAW,SAAX,KAAuB,EAAE,QAAF,CAAW,SAAX,GAAqB,EAAE,QAAF,CAAW,MAAX,CAA9D,EAAiF,EAAE,QAAF,CAAW,WAAX,KAAyB,EAAE,QAAF,CAAW,UAAX,GAAsB,KAAK,KAAL,CAAW,KAAK,MAAL,KAAc,EAAE,QAAF,CAAW,MAAX,CAA/C,CAAzB,EAA4F,EAAE,MAAF,GAAS,EAAC,OAAM,EAAE,QAAF,CAAW,UAAX,EAAhB,EAAuC,EAAE,QAAF,GAAW,EAAE,QAAF,CAAW,SAAX,GAAqB,CAArB,IAAwB,EAAE,QAAF,CAAW,SAAX,GAAqB,CAArB,EAAuB,EAAE,QAAF,KAAa,EAAE,QAAF,CAAW,aAAX,GAAyB,KAAzB,CAAb,EAA6C,EAAE,YAAF,GAAe,EAAE,QAAF,CAAW,SAAX,GAAqB,EAAE,QAAF,CAAW,UAAX,GAAsB,CAAC,EAAE,QAAF,CAAW,SAAX,GAAqB,CAArB,CAAD,GAAyB,EAAE,QAAF,CAAW,WAAX,EAAuB,EAAE,YAAF,GAAe,EAAE,QAAF,CAAW,SAAX,GAAqB,EAAE,QAAF,CAAW,UAAX,GAAsB,CAAC,EAAE,QAAF,CAAW,SAAX,GAAqB,CAArB,CAAD,GAAyB,EAAE,QAAF,CAAW,WAAX,EAAuB,EAAE,OAAF,GAAU,CAAC,CAAD,EAAG,EAAE,QAAF,GAAW,EAAX,EAAc,EAAE,QAAF,GAAW,IAAX,EAAgB,EAAE,QAAF,GAAW,cAAY,EAAE,QAAF,CAAW,IAAX,GAAgB,KAA5B,GAAkC,MAAlC,EAAyC,EAAE,QAAF,GAAW,EAAE,QAAF,CAAW,MAAX,IAAmB,UAAQ,EAAE,QAAF,CAAW,IAAX,IAAiB,YAAU;AAAC,YAAI,IAAE,SAAS,aAAT,CAAuB,KAAvB,CAAF;YAAgC,IAAE,CAAC,mBAAD,EAAqB,gBAArB,EAAsC,cAAtC,EAAqD,eAArD,CAAF,CAArC,KAAiH,IAAI,CAAJ,2CAAS,EAAb;AAAe,cAAG,KAAK,CAAL,KAAS,EAAE,KAAF,CAAQ,EAAE,CAAF,CAAR,CAAT,EAAuB,OAAO,EAAE,SAAF,GAAY,EAAE,CAAF,EAAK,OAAL,CAAa,aAAb,EAA2B,EAA3B,EAA+B,WAA/B,EAAZ,EAAyD,EAAE,QAAF,GAAW,MAAI,EAAE,SAAF,GAAY,YAAhB,EAA6B,CAAC,CAAD,CAAlI;SAAf,OAA0J,CAAC,CAAD,CAAvQ;OAAV,EAA5C,EAAmU,cAAY,EAAE,QAAF,CAAW,IAAX,KAAkB,EAAE,QAAF,CAAW,SAAX,GAAqB,EAAE,QAAF,CAAW,SAAX,CAAnD,EAAyE,EAAE,IAAF,CAAO,WAAP,EAAmB,EAAE,IAAF,CAAO,OAAP,CAAnB,CAAxtC,EAA4vC,EAAE,QAAF,CAAW,EAAE,QAAF,CAAW,aAAX,CAAX,CAAqC,IAArC,CAA0C,YAAU;AAAC,UAAE,IAAF,EAAQ,IAAR,CAAa,WAAb,EAAyB,EAAE,IAAF,EAAQ,IAAR,CAAa,OAAb,CAAzB,EAAD;OAAV,CAAtyC,EAAm2C,GAAn2C,CAAD;KAAV;QAAm3C,IAAE,SAAF,CAAE,GAAU;AAAC,QAAE,IAAF,CAAO,+DAAP,GAAwE,EAAE,QAAF,GAAW,EAAE,MAAF,EAAX,EAAsB,EAAE,MAAF,GAAS,EAAE,4BAAF,CAAT,EAAyC,EAAE,QAAF,CAAW,OAAX,CAAmB,EAAE,MAAF,CAA1J,EAAoK,EAAE,GAAF,CAAM,EAAC,OAAM,gBAAc,EAAE,QAAF,CAAW,IAAX,GAAgB,MAAI,EAAE,QAAF,CAAW,MAAX,GAAkB,GAAtB,GAA0B,GAA1B,GAA8B,MAA5D,EAAmE,UAAS,UAAT,EAAhF,CAApK,EAA0Q,EAAE,QAAF,IAAY,EAAE,QAAF,CAAW,MAAX,GAAkB,EAAE,GAAF,CAAM,MAAI,EAAE,SAAF,GAAY,6BAAhB,EAA8C,EAAE,QAAF,CAAW,MAAX,CAAlF,GAAqG,EAAE,QAAF,CAAW,MAAX,KAAoB,EAAE,QAAF,CAAW,MAAX,GAAkB,OAAlB,CAApB,EAA+C,GAA9Z,EAAka,EAAE,QAAF,CAAW,GAAX,CAAe,EAAC,OAAM,MAAN,EAAa,UAAS,QAAT,EAAkB,UAAS,UAAT,EAA/C,CAAla,EAAue,EAAE,QAAF,CAAW,MAAX,GAAoB,GAApB,CAAwB,EAAC,UAAS,GAAT,EAAzB,CAAve,EAA+gB,EAAE,QAAF,CAAW,KAAX,IAAkB,EAAE,QAAF,CAAW,MAAX,GAAoB,GAApB,CAAwB,EAAC,QAAO,YAAP,EAAzB,CAAlB,EAAiE,EAAE,QAAF,CAAW,GAAX,CAAe,EAAC,SAAQ,gBAAc,EAAE,QAAF,CAAW,IAAX,GAAgB,MAA9B,GAAqC,MAArC,EAA4C,WAAU,MAAV,EAAiB,UAAS,UAAT,EAArF,CAAhlB,EAA2rB,EAAE,QAAF,CAAW,GAAX,CAAe,OAAf,EAAuB,GAAvB,CAA3rB,EAAutB,gBAAc,EAAE,QAAF,CAAW,IAAX,IAAiB,EAAE,QAAF,CAAW,WAAX,GAAuB,CAAvB,IAA0B,EAAE,QAAF,CAAW,GAAX,CAAe,aAAf,EAA6B,EAAE,QAAF,CAAW,WAAX,CAAtF,EAA8G,cAAY,EAAE,QAAF,CAAW,IAAX,IAAiB,EAAE,QAAF,CAAW,WAAX,GAAuB,CAAvB,IAA0B,EAAE,QAAF,CAAW,GAAX,CAAe,cAAf,EAA8B,EAAE,QAAF,CAAW,WAAX,CAArF,EAA6G,UAAQ,EAAE,QAAF,CAAW,IAAX,KAAkB,EAAE,QAAF,CAAW,GAAX,CAAe,EAAC,UAAS,UAAT,EAAoB,QAAO,CAAP,EAAS,SAAQ,MAAR,EAA7C,GAA8D,EAAE,QAAF,CAAW,EAAX,CAAc,EAAE,QAAF,CAAW,UAAX,CAAd,CAAqC,GAArC,CAAyC,EAAC,QAAO,EAAE,QAAF,CAAW,WAAX,EAAuB,SAAQ,OAAR,EAAxE,CAA9D,CAA1B,EAAmL,EAAE,QAAF,CAAW,EAAX,GAAc,EAAE,6BAAF,CAAd,EAA+C,EAAE,QAAF,CAAW,QAAX,IAAqB,GAArB,EAAyB,EAAE,MAAF,CAAS,IAAT,GAAc,EAAE,QAAF,CAAW,UAAX,IAAuB,MAAI,CAAJ,EAAM,EAAE,QAAF,CAAW,KAAX,IAAkB,EAAE,OAAF,EAAlB,CAAztC,IAA2vC,IAAE,EAAE,QAAF,CAAW,EAAX,CAAc,EAAE,QAAF,CAAW,UAAX,CAAhB,CAA3vC,KAAkyC,IAAO,EAAE,QAAF,CAAW,aAAX,KAA2B,IAAE,EAAE,QAAF,CAApC,EAAgD,EAAE,QAAF,CAAW,MAAX,GAAkB,EAAE,QAAF,CAAW,KAAX,GAAiB,CAAC,CAAD,IAAI,EAAE,QAAF,CAAW,KAAX,IAAkB,GAAlB,EAAsB,EAAE,QAAF,CAAW,QAAX,IAAqB,GAArB,EAAyB,EAAE,QAAF,CAAW,IAAX,IAAiB,EAAE,QAAF,CAAW,YAAX,IAAyB,GAA1C,EAA8C,CAAC,EAAE,QAAF,CAAW,QAAX,IAAqB,EAAE,QAAF,CAAW,YAAX,IAAyB,EAAE,QAAF,CAAW,KAAX,CAA/C,IAAkE,EAAE,QAAF,CAAW,KAAX,CAAiB,EAAE,QAAF,CAAW,EAAX,CAAnF,CAApI,EAAuO,EAAE,CAAF,EAAI,CAAJ,CAAvR,CAAlyC;KAAV;QAA2kD,IAAE,SAAF,CAAE,CAAS,CAAT,EAAW,CAAX,EAAa;AAAC,UAAI,IAAE,EAAE,IAAF,CAAO,aAAP,EAAsB,MAAtB,CAAP,IAAuC,KAAG,CAAH,EAAK,OAAO,KAAI,KAAK,CAAL,CAAnB,IAA8B,IAAE,CAAF,CAAlE,CAAsE,CAAE,IAAF,CAAO,aAAP,EAAsB,IAAtB,CAA2B,YAAU;AAAC,UAAE,IAAF,EAAQ,GAAR,CAAY,MAAZ,EAAmB,YAAU;AAAC,YAAE,CAAF,IAAK,CAAL,IAAQ,GAAR,CAAD;SAAV,CAAnB,CAA4C,IAA5C,CAAiD,YAAU;AAAC,eAAK,QAAL,IAAe,EAAE,IAAF,EAAQ,IAAR,EAAf,CAAD;SAAV,CAAjD,CAAD;OAAV,CAA3B,CAAtE;KAAb;QAAwN,IAAE,SAAF,CAAE,GAAU;AAAC,UAAG,EAAE,QAAF,CAAW,YAAX,IAAyB,UAAQ,EAAE,QAAF,CAAW,IAAX,IAAiB,CAAC,EAAE,QAAF,CAAW,MAAX,EAAkB;AAAC,YAAI,IAAE,cAAY,EAAE,QAAF,CAAW,IAAX,GAAgB,EAAE,QAAF,CAAW,SAAX,GAAqB,EAAE,QAAF,CAAW,SAAX;YAAqB,IAAE,EAAE,QAAF,CAAW,KAAX,CAAiB,CAAjB,EAAmB,CAAnB,EAAsB,KAAtB,GAA8B,QAA9B,CAAuC,UAAvC,CAAF;YAAqD,IAAE,EAAE,QAAF,CAAW,KAAX,CAAiB,CAAC,CAAD,CAAjB,CAAqB,KAArB,GAA6B,QAA7B,CAAsC,UAAtC,CAAF,CAAlI,CAAsL,CAAE,MAAF,CAAS,CAAT,EAAY,OAAZ,CAAoB,CAApB,EAAtL;OAAxE,CAAqR,CAAE,MAAF,CAAS,MAAT,IAAkB,GAAlB,EAAsB,cAAY,EAAE,QAAF,CAAW,IAAX,KAAkB,EAAE,QAAF,CAAW,cAAX,GAA0B,CAAC,CAAD,CAAxD,EAA4D,EAAE,QAAF,CAAW,MAAX,CAAkB,GAAlB,CAAlF,EAAyG,EAAE,YAAF,EAAzG,EAA0H,EAAE,QAAF,CAAW,YAAX,CAAwB,EAAE,MAAF,CAAS,KAAT,CAAlJ,EAAkK,EAAE,WAAF,GAAc,CAAC,CAAD,EAAG,EAAE,QAAF,CAAW,UAAX,IAAuB,EAAE,MAAF,EAAU,IAAV,CAAe,QAAf,EAAwB,CAAxB,CAAvB,EAAkD,EAAE,QAAF,CAAW,IAAX,IAAiB,EAAE,QAAF,CAAW,SAAX,IAAsB,GAAvC,EAA2C,EAAE,QAAF,CAAW,MAAX,IAAmB,GAAnB,EAAuB,EAAE,QAAF,CAAW,KAAX,IAAkB,EAAE,EAAE,QAAF,CAAW,UAAX,CAApB,EAA2C,EAAE,QAAF,CAAW,QAAX,IAAqB,GAArB,EAAyB,EAAE,QAAF,CAAW,YAAX,IAAyB,CAAC,EAAE,QAAF,CAAW,MAAX,IAAmB,GAA7C,CAAjoB;KAAV;QAA6rB,IAAE,SAAF,CAAE,GAAU;AAAC,UAAI,IAAE,CAAF;UAAI,IAAE,GAAF,CAAT,IAAkB,cAAY,EAAE,QAAF,CAAW,IAAX,IAAiB,EAAE,QAAF,CAAW,cAAX;AAA0B,YAAG,EAAE,QAAF,EAAW;AAAC,cAAI,IAAE,KAAG,EAAE,QAAF,CAAW,UAAX,GAAsB,EAAE,MAAF,CAAS,KAAT,GAAe,EAAE,MAAF,CAAS,KAAT,GAAe,GAAf,CAA/C,KAAsE,IAAE,EAAE,QAAF,CAAW,EAAX,CAAc,CAAd,CAAF,EAAmB,IAAE,CAAF,EAAI,KAAG,EAAE,QAAF,CAAW,SAAX,GAAqB,CAArB,EAAuB,GAArD;AAAyD,gBAAE,IAAE,CAAF,IAAK,EAAE,QAAF,CAAW,MAAX,GAAkB,EAAE,GAAF,CAAM,EAAE,QAAF,CAAW,EAAX,CAAc,IAAE,CAAF,CAApB,CAAvB,GAAiD,EAAE,GAAF,CAAM,EAAE,QAAF,CAAW,EAAX,CAAc,IAAE,CAAF,CAApB,CAAjD;WAA3D;SAAhF,MAA2N,IAAE,EAAE,QAAF,CAAW,EAAX,CAAc,EAAE,MAAF,CAAS,KAAT,CAAhB,CAA3N;aAAgQ,IAAE,EAAE,QAAF,CAA5T,OAA6U,cAAY,EAAE,QAAF,CAAW,IAAX,IAAiB,EAAE,IAAF,CAAO,YAAU;AAAC,aAAG,EAAE,IAAF,EAAQ,WAAR,EAAH,CAAD;OAAV,CAAP,EAA6C,EAAE,QAAF,CAAW,WAAX,GAAuB,CAAvB,KAA2B,KAAG,EAAE,QAAF,CAAW,WAAX,IAAwB,EAAE,QAAF,CAAW,SAAX,GAAqB,CAArB,CAAxB,CAA9B,CAA1E,GAA0J,IAAE,KAAK,GAAL,CAAS,KAAT,CAAe,IAAf,EAAoB,EAAE,GAAF,CAAM,YAAU;AAAC,eAAO,EAAE,IAAF,EAAQ,WAAR,CAAoB,CAAC,CAAD,CAA3B,CAAD;OAAV,CAAN,CAAkD,GAAlD,EAApB,CAAF,EAA+E,CAAzO,CAA5V;KAAV;QAAklB,IAAE,SAAF,CAAE,GAAU;AAAC,UAAI,IAAE,MAAF,CAAL,OAAqB,EAAE,QAAF,CAAW,UAAX,GAAsB,CAAtB,KAA0B,IAAE,gBAAc,EAAE,QAAF,CAAW,IAAX,GAAgB,EAAE,QAAF,CAAW,SAAX,GAAqB,EAAE,QAAF,CAAW,UAAX,GAAsB,CAAC,EAAE,QAAF,CAAW,SAAX,GAAqB,CAArB,CAAD,GAAyB,EAAE,QAAF,CAAW,WAAX,GAAuB,EAAE,QAAF,CAAW,UAAX,CAArJ,EAA4K,CAA5K,CAArB;KAAV;QAA8M,IAAE,SAAF,CAAE,GAAU;AAAC,UAAI,IAAE,EAAE,QAAF,CAAW,UAAX;UAAsB,IAAE,EAAE,QAAF,CAAW,KAAX,EAAF,CAA7B,OAAyD,KAAG,EAAE,QAAF,CAAW,UAAX,IAAuB,EAAE,QAAF,CAAW,UAAX,GAAsB,CAAtB,IAAyB,CAAC,EAAE,QAAF,IAAY,cAAY,EAAE,QAAF,CAAW,IAAX,GAAgB,IAAE,CAAF,GAAI,EAAE,QAAF,CAAW,SAAX,GAAqB,CAArB,IAAwB,gBAAc,EAAE,QAAF,CAAW,IAAX,KAAkB,IAAE,EAAE,YAAF,IAAgB,IAAE,EAAE,YAAF,KAAiB,IAAE,CAAC,IAAE,EAAE,QAAF,CAAW,WAAX,IAAwB,EAAE,QAAF,CAAW,SAAX,GAAqB,CAArB,CAAxB,CAAH,GAAoD,EAAE,QAAF,CAAW,SAAX,CAAzE,CAA1E,EAA0K,CAA1Q,CAAzD;KAAV;QAAgV,IAAE,SAAF,CAAE,GAAU;AAAC,UAAI,IAAE,CAAF,CAAL,IAAY,gBAAc,EAAE,QAAF,CAAW,IAAX,IAAiB,EAAE,QAAF,CAAW,UAAX,GAAsB,CAAtB;AAAwB,YAAG,EAAE,QAAF,CAAW,KAAX,KAAmB,EAAE,YAAF,EAAe,IAAE,EAAE,QAAF,CAAW,SAAX,CAAvC,KAAiE,IAAG,EAAE,QAAF,CAAW,KAAX,KAAmB,EAAE,YAAF,EAAe,IAAE,EAAE,QAAF,CAAW,SAAX,CAAvC,KAAgE;AAAC,cAAI,IAAE,EAAE,QAAF,CAAW,KAAX,GAAmB,KAAnB,EAAF,CAAL,CAAkC,GAAE,KAAK,KAAL,CAAW,EAAE,QAAF,CAAW,KAAX,KAAmB,CAAnB,CAAb,CAAlC;SAAhE;aAAyI,cAAY,EAAE,QAAF,CAAW,IAAX,KAAkB,IAAE,EAAE,QAAF,CAAW,SAAX,CAAhC,CAApQ,OAAiU,CAAP,CAAnU;KAAV;QAAuV,IAAE,SAAF,CAAE,GAAU;AAAC,UAAI,IAAE,CAAF,CAAL,IAAY,EAAE,QAAF,CAAW,UAAX,GAAsB,CAAtB;AAAwB,YAAG,EAAE,QAAF,CAAW,YAAX,EAAwB,IAAE,EAAE,QAAF,CAAW,MAAX,GAAkB,GAAlB,CAA7B,KAAwD,KAAI,IAAI,IAAE,CAAF,EAAI,IAAE,CAAF,EAAI,IAAE,EAAE,QAAF,CAAW,MAAX;AAAmB,YAAE,CAAF,EAAI,IAAE,IAAE,GAAF,EAAM,KAAG,EAAE,QAAF,CAAW,UAAX,IAAuB,GAAvB,GAA2B,EAAE,QAAF,CAAW,UAAX,GAAsB,GAAjD;SAApD;aAA8G,IAAE,KAAK,IAAL,CAAU,EAAE,QAAF,CAAW,MAAX,GAAkB,GAAlB,CAAZ,CAAjM,OAA2O,CAAP,CAA7O;KAAV;QAAiQ,IAAE,SAAF,CAAE,GAAU;AAAC,aAAO,EAAE,QAAF,CAAW,UAAX,GAAsB,CAAtB,IAAyB,EAAE,QAAF,CAAW,UAAX,IAAuB,GAAvB,GAA2B,EAAE,QAAF,CAAW,UAAX,GAAsB,GAA1E,CAAR;KAAV;QAAiG,IAAE,SAAF,CAAE,GAAU;AAAC,UAAG,EAAE,QAAF,CAAW,MAAX,GAAkB,EAAE,QAAF,CAAW,SAAX,IAAsB,EAAE,MAAF,CAAS,IAAT,IAAe,CAAC,EAAE,QAAF,CAAW,YAAX,EAAwB;AAAC,YAAG,gBAAc,EAAE,QAAF,CAAW,IAAX,EAAgB;AAAC,cAAI,IAAE,EAAE,QAAF,CAAW,IAAX,EAAF;cAAoB,IAAE,EAAE,QAAF,EAAF,CAAzB,CAAwC,CAAE,EAAE,EAAE,IAAF,IAAQ,EAAE,QAAF,CAAW,KAAX,KAAmB,EAAE,KAAF,EAAnB,CAAR,CAAF,EAAyC,OAA3C,EAAmD,CAAnD,EAAxC;SAAjC,MAAoI,IAAG,cAAY,EAAE,QAAF,CAAW,IAAX,EAAgB;AAAC,cAAI,IAAE,EAAE,QAAF,CAAW,MAAX,GAAkB,EAAE,QAAF,CAAW,SAAX;cAAqB,IAAE,EAAE,QAAF,CAAW,EAAX,CAAc,CAAd,EAAiB,QAAjB,EAAF,CAA9C,CAA4E,CAAE,CAAC,EAAE,GAAF,EAAM,OAAT,EAAiB,CAAjB,EAA5E;SAA/B;OAAxN,MAA4V;AAAC,YAAI,IAAE,EAAE,QAAF,CAAW,EAAX,CAAc,EAAE,MAAF,CAAS,KAAT,GAAe,GAAf,CAAd,CAAkC,QAAlC,EAAF,CAAL,CAAoD,CAAE,MAAF,CAAS,KAAT,IAAgB,MAAI,CAAJ,KAAQ,EAAE,MAAF,CAAS,IAAT,GAAc,CAAC,CAAD,CAAtC,EAA0C,KAAK,CAAL,IAAQ,CAAR,KAAY,gBAAc,EAAE,QAAF,CAAW,IAAX,GAAgB,EAAE,CAAC,EAAE,IAAF,EAAO,OAAV,EAAkB,CAAlB,CAA9B,GAAmD,cAAY,EAAE,QAAF,CAAW,IAAX,IAAiB,EAAE,CAAC,EAAE,GAAF,EAAM,OAAT,EAAiB,CAAjB,CAA7B,CAA/D,CAA9F;OAA5V;KAAX;QAAwjB,IAAE,SAAF,CAAE,CAAS,CAAT,EAAW,CAAX,EAAa,CAAb,EAAe,CAAf,EAAiB;AAAC,UAAG,EAAE,QAAF,EAAW;AAAC,YAAI,IAAE,cAAY,EAAE,QAAF,CAAW,IAAX,GAAgB,oBAAkB,CAAlB,GAAoB,QAApB,GAA6B,iBAAe,CAAf,GAAiB,WAAjB,CAAhE,CAA6F,CAAE,GAAF,CAAM,MAAI,EAAE,SAAF,GAAY,sBAAhB,EAAuC,IAAE,GAAF,GAAM,GAAN,CAA7C,EAAwD,WAAS,CAAT,IAAY,EAAE,GAAF,CAAM,EAAE,QAAF,EAAW,CAAjB,GAAoB,EAAE,IAAF,CAAO,kEAAP,EAA0E,YAAU;AAAC,YAAE,MAAF,CAAS,kEAAT,GAA6E,GAA7E,CAAD;SAAV,CAA9F,CAAZ,GAAyM,WAAS,CAAT,GAAW,EAAE,GAAF,CAAM,EAAE,QAAF,EAAW,CAAjB,CAAX,GAA+B,YAAU,CAAV,KAAc,EAAE,GAAF,CAAM,MAAI,EAAE,SAAF,GAAY,6BAAhB,EAA8C,QAApD,GAA8D,EAAE,GAAF,CAAM,EAAE,QAAF,EAAW,CAAjB,CAA9D,EAAkF,EAAE,IAAF,CAAO,kEAAP,EAA0E,YAAU;AAAC,YAAE,MAAF,CAAS,kEAAT,GAA6E,EAAE,EAAE,UAAF,EAAa,OAAf,EAAuB,CAAvB,CAA7E,EAAuG,GAAvG,CAAD;SAAV,CAA5J,CAAd,CAA7X;OAAd,MAAkrB;AAAC,YAAI,IAAE,EAAF,CAAL,CAAU,CAAE,EAAE,QAAF,CAAF,GAAc,CAAd,EAAgB,WAAS,CAAT,GAAW,EAAE,OAAF,CAAU,CAAV,EAAY,CAAZ,EAAc,EAAE,QAAF,CAAW,MAAX,EAAkB,YAAU;AAAC,cAAD;SAAV,CAA3C,GAA4D,WAAS,CAAT,GAAW,EAAE,GAAF,CAAM,EAAE,QAAF,EAAW,CAAjB,CAAX,GAA+B,YAAU,CAAV,IAAa,EAAE,OAAF,CAAU,CAAV,EAAY,KAAZ,EAAkB,QAAlB,EAA2B,YAAU;AAAC,YAAE,EAAE,UAAF,EAAa,OAAf,EAAuB,CAAvB,GAA0B,GAA1B,CAAD;SAAV,CAAxC,CAArH;OAAlrB;KAAlB;QAA84B,IAAE,SAAF,CAAE,GAAU;AAAC,WAAI,IAAI,IAAE,EAAF,EAAK,IAAE,GAAF,EAAM,IAAE,CAAF,EAAI,IAAE,CAAF,EAAI,GAA3B,EAA+B;AAAC,YAAI,IAAE,EAAF,CAAL,CAAU,CAAE,QAAF,CAAW,UAAX,IAAuB,EAAE,UAAF,CAAa,EAAE,QAAF,CAAW,UAAX,CAApC,IAA4D,IAAE,EAAE,QAAF,CAAW,UAAX,CAAsB,CAAtB,CAAF,EAA2B,EAAE,OAAF,CAAU,QAAV,CAAmB,iBAAnB,CAA3B,CAA5D,IAA+H,IAAE,IAAE,CAAF,EAAI,EAAE,OAAF,CAAU,QAAV,CAAmB,kBAAnB,CAAN,CAA/H,EAA6K,KAAG,6DAA2D,CAA3D,GAA6D,0BAA7D,GAAwF,CAAxF,GAA0F,YAA1F,CAA1L;OAA/B,CAAgU,CAAE,OAAF,CAAU,IAAV,CAAe,CAAf,EAAjU;KAAV;QAA8V,IAAE,SAAF,CAAE,GAAU;AAAC,QAAE,QAAF,CAAW,WAAX,GAAuB,EAAE,OAAF,GAAU,EAAE,EAAE,QAAF,CAAW,WAAX,CAAZ,IAAqC,EAAE,OAAF,GAAU,EAAE,0BAAF,CAAV,EAAwC,EAAE,QAAF,CAAW,aAAX,GAAyB,EAAE,EAAE,QAAF,CAAW,aAAX,CAAF,CAA4B,IAA5B,CAAiC,EAAE,OAAF,CAA1D,GAAqE,EAAE,QAAF,CAAW,EAAX,CAAc,QAAd,CAAuB,cAAvB,EAAuC,MAAvC,CAA8C,EAAE,OAAF,CAAnH,EAA8H,GAAtK,CAA5D,EAAuO,EAAE,OAAF,CAAU,EAAV,CAAa,OAAb,EAAqB,GAArB,EAAyB,CAAzB,CAAvO,CAAD;KAAV;QAA+Q,IAAE,SAAF,CAAE,GAAU;AAAC,QAAE,QAAF,CAAW,IAAX,GAAgB,EAAE,gCAA8B,EAAE,QAAF,CAAW,QAAX,GAAoB,MAAlD,CAAlB,EAA4E,EAAE,QAAF,CAAW,IAAX,GAAgB,EAAE,gCAA8B,EAAE,QAAF,CAAW,QAAX,GAAoB,MAAlD,CAAlB,EAA4E,EAAE,QAAF,CAAW,IAAX,CAAgB,IAAhB,CAAqB,OAArB,EAA6B,CAA7B,CAAxJ,EAAwL,EAAE,QAAF,CAAW,IAAX,CAAgB,IAAhB,CAAqB,OAArB,EAA6B,CAA7B,CAAxL,EAAwN,EAAE,QAAF,CAAW,YAAX,IAAyB,EAAE,EAAE,QAAF,CAAW,YAAX,CAAF,CAA2B,MAA3B,CAAkC,EAAE,QAAF,CAAW,IAAX,CAA3D,EAA4E,EAAE,QAAF,CAAW,YAAX,IAAyB,EAAE,EAAE,QAAF,CAAW,YAAX,CAAF,CAA2B,MAA3B,CAAkC,EAAE,QAAF,CAAW,IAAX,CAA3D,EAA4E,EAAE,QAAF,CAAW,YAAX,IAAyB,EAAE,QAAF,CAAW,YAAX,KAA0B,EAAE,QAAF,CAAW,WAAX,GAAuB,EAAE,uCAAF,CAAvB,EAAkE,EAAE,QAAF,CAAW,WAAX,CAAuB,MAAvB,CAA8B,EAAE,QAAF,CAAW,IAAX,CAA9B,CAA+C,MAA/C,CAAsD,EAAE,QAAF,CAAW,IAAX,CAAxH,EAAyI,EAAE,QAAF,CAAW,EAAX,CAAc,QAAd,CAAuB,2BAAvB,EAAoD,MAApD,CAA2D,EAAE,QAAF,CAAW,WAAX,CAApM,CAAnD,CAAjX;KAAV;QAA4oB,IAAE,SAAF,CAAE,GAAU;AAAC,QAAE,QAAF,CAAW,KAAX,GAAiB,EAAE,oEAAkE,EAAE,QAAF,CAAW,SAAX,GAAqB,YAAvF,CAAnB,EAAwH,EAAE,QAAF,CAAW,IAAX,GAAgB,EAAE,mEAAiE,EAAE,QAAF,CAAW,QAAX,GAAoB,YAArF,CAAlB,EAAqH,EAAE,QAAF,CAAW,MAAX,GAAkB,EAAE,kCAAF,CAAlB,EAAwD,EAAE,QAAF,CAAW,MAAX,CAAkB,EAAlB,CAAqB,OAArB,EAA6B,WAA7B,EAAyC,CAAzC,CAArS,EAAiV,EAAE,QAAF,CAAW,MAAX,CAAkB,EAAlB,CAAqB,OAArB,EAA6B,UAA7B,EAAwC,CAAxC,CAAjV,EAA4X,EAAE,QAAF,CAAW,mBAAX,GAA+B,EAAE,QAAF,CAAW,MAAX,CAAkB,MAAlB,CAAyB,EAAE,QAAF,CAAW,KAAX,CAAxD,GAA0E,EAAE,QAAF,CAAW,MAAX,CAAkB,MAAlB,CAAyB,EAAE,QAAF,CAAW,KAAX,CAAzB,CAA2C,MAA3C,CAAkD,EAAE,QAAF,CAAW,IAAX,CAA5H,EAA6I,EAAE,QAAF,CAAW,oBAAX,GAAgC,EAAE,EAAE,QAAF,CAAW,oBAAX,CAAF,CAAmC,IAAnC,CAAwC,EAAE,QAAF,CAAW,MAAX,CAAxE,GAA2F,EAAE,QAAF,CAAW,EAAX,CAAc,QAAd,CAAuB,sBAAvB,EAA+C,MAA/C,CAAsD,EAAE,QAAF,CAAW,MAAX,CAAjJ,EAAoK,EAAE,EAAE,QAAF,CAAW,SAAX,GAAqB,MAArB,GAA4B,OAA5B,CAA/qB,CAAD;KAAV;QAAguB,IAAE,SAAF,CAAE,GAAU;AAAC,QAAE,QAAF,CAAW,IAAX,CAAgB,YAAU;AAAC,YAAI,IAAE,EAAE,IAAF,EAAQ,IAAR,CAAa,WAAb,EAA0B,IAA1B,CAA+B,OAA/B,CAAF,CAAL,KAAoD,CAAL,IAAQ,CAAR,IAAW,CAAC,KAAG,CAAH,CAAD,CAAO,MAAP,IAAe,EAAE,IAAF,EAAQ,MAAR,CAAe,mCAAiC,CAAjC,GAAmC,eAAnC,CAAzC,CAA/C;OAAV,CAAhB,CAAD;KAAV;QAAoL,IAAE,SAAF,CAAE,CAAS,CAAT,EAAW;AAAC,QAAE,QAAF,CAAW,IAAX,IAAiB,EAAE,QAAF,EAAjB,EAA8B,EAAE,aAAF,EAA9B,EAAgD,EAAE,cAAF,EAAhD,CAAD;KAAX;QAAgF,IAAE,SAAF,CAAE,CAAS,CAAT,EAAW;AAAC,QAAE,QAAF,CAAW,IAAX,IAAiB,EAAE,QAAF,EAAjB,EAA8B,EAAE,aAAF,EAA9B,EAAgD,EAAE,cAAF,EAAhD,CAAD;KAAX;QAAgF,IAAE,SAAF,CAAE,CAAS,CAAT,EAAW;AAAC,QAAE,SAAF,IAAc,EAAE,cAAF,EAAd,CAAD;KAAX;QAA8C,IAAE,SAAF,CAAE,CAAS,CAAT,EAAW;AAAC,QAAE,QAAF,IAAa,EAAE,cAAF,EAAb,CAAD;KAAX;QAA6C,IAAE,SAAF,CAAE,CAAS,CAAT,EAAW;AAAC,QAAE,QAAF,CAAW,IAAX,IAAiB,EAAE,QAAF,EAAjB,CAAD,IAAmC,IAAE,EAAE,EAAE,aAAF,CAAJ;UAAqB,IAAE,SAAS,EAAE,IAAF,CAAO,kBAAP,CAAT,CAAF,CAAxD,CAA+F,IAAG,EAAE,MAAF,CAAS,KAAT,IAAgB,EAAE,SAAF,CAAY,CAAZ,CAAnB,EAAkC,EAAE,cAAF,EAAlC,CAA/F;KAAX;QAAgK,IAAE,SAAF,CAAE,CAAS,CAAT,EAAW;AAAC,UAAI,IAAE,EAAE,QAAF,CAAW,MAAX,CAAP,OAA+B,WAAS,EAAE,QAAF,CAAW,SAAX,IAAsB,EAAE,QAAF,CAAW,SAAX,GAAqB,CAArB,KAAyB,IAAE,KAAK,IAAL,CAAU,EAAE,QAAF,CAAW,MAAX,GAAkB,EAAE,QAAF,CAAW,SAAX,CAA9B,CAAzB,EAA8E,EAAE,OAAF,CAAU,IAAV,CAAe,IAAE,CAAF,GAAI,EAAE,QAAF,CAAW,mBAAX,GAA+B,CAAnC,CAA7F,EAAmI,KAAK,CAAL,CAAlK,IAA2K,EAAE,OAAF,CAAU,IAAV,CAAe,GAAf,EAAoB,WAApB,CAAgC,QAAhC,GAA0C,EAAE,OAAF,CAAU,IAAV,CAAe,UAAS,CAAT,EAAW,CAAX,EAAa;AAAC,UAAE,CAAF,EAAK,IAAL,CAAU,GAAV,EAAe,EAAf,CAAkB,CAAlB,EAAqB,QAArB,CAA8B,QAA9B,EAAD;OAAb,CAAzD,EAAiH,KAAK,CAAL,CAA5R,CAA/B;KAAX;QAA+U,IAAE,SAAF,CAAE,GAAU;AAAC,UAAG,EAAE,QAAF,CAAW,YAAX,EAAwB;AAAC,YAAI,IAAE,EAAF,CAAL,CAAU,IAAG,EAAE,MAAF,CAAS,KAAT,GAAe,IAAE,EAAE,QAAF,CAAW,EAAX,CAAc,CAAd,EAAiB,QAAjB,EAAF,GAA8B,EAAE,MAAF,CAAS,KAAT,IAAgB,MAAI,CAAJ,IAAO,EAAE,QAAF,GAAW,IAAE,EAAE,QAAF,CAAW,EAAX,CAAc,CAAC,MAAI,CAAJ,CAAD,GAAQ,GAAR,CAAd,CAA2B,QAA3B,EAAF,GAAwC,EAAE,MAAF,CAAS,KAAT,IAAgB,EAAE,QAAF,CAAW,MAAX,GAAkB,CAAlB,KAAsB,IAAE,EAAE,QAAF,CAAW,EAAX,CAAc,EAAE,QAAF,CAAW,MAAX,GAAkB,CAAlB,CAAd,CAAmC,QAAnC,EAAF,CAAtC,EAAuF,MAAI,gBAAc,EAAE,QAAF,CAAW,IAAX,GAAgB,EAAE,CAAC,EAAE,IAAF,EAAO,OAAV,EAAkB,CAAlB,CAA9B,GAAmD,cAAY,EAAE,QAAF,CAAW,IAAX,IAAiB,EAAE,CAAC,EAAE,GAAF,EAAM,OAAT,EAAiB,CAAjB,CAA7B,CAAvD,CAA3N;OAA3B,CAA+V,CAAE,OAAF,GAAU,CAAC,CAAD,EAAG,EAAE,QAAF,CAAW,YAAX,CAAwB,EAAE,QAAF,CAAW,EAAX,CAAc,EAAE,MAAF,CAAS,KAAT,CAAtC,EAAsD,EAAE,QAAF,EAAW,EAAE,MAAF,CAAS,KAAT,CAA9E,CAAhW;KAAV;QAAyc,IAAE,SAAF,CAAE,CAAS,CAAT,EAAW;AAAC,QAAE,QAAF,CAAW,mBAAX,GAA+B,EAAE,QAAF,CAAW,MAAX,CAAkB,IAAlB,CAAuB,EAAE,QAAF,CAAW,CAAX,CAAvB,CAA/B,IAAsE,EAAE,QAAF,CAAW,MAAX,CAAkB,IAAlB,CAAuB,GAAvB,EAA4B,WAA5B,CAAwC,QAAxC,GAAkD,EAAE,QAAF,CAAW,MAAX,CAAkB,IAAlB,CAAuB,eAAa,CAAb,GAAe,GAAf,CAAvB,CAA2C,QAA3C,CAAoD,QAApD,CAAlD,CAAtE,CAAD;KAAX;QAAoM,IAAE,SAAF,CAAE,GAAU;AAAC,WAAG,GAAH,IAAQ,EAAE,QAAF,CAAW,IAAX,CAAgB,QAAhB,CAAyB,UAAzB,GAAqC,EAAE,QAAF,CAAW,IAAX,CAAgB,QAAhB,CAAyB,UAAzB,CAArC,CAAR,GAAmF,CAAC,EAAE,QAAF,CAAW,YAAX,IAAyB,EAAE,QAAF,CAAW,gBAAX,KAA8B,KAAG,EAAE,MAAF,CAAS,KAAT,IAAgB,EAAE,QAAF,CAAW,IAAX,CAAgB,QAAhB,CAAyB,UAAzB,GAAqC,EAAE,QAAF,CAAW,IAAX,CAAgB,WAAhB,CAA4B,UAA5B,CAArC,CAAnB,GAAiG,EAAE,MAAF,CAAS,KAAT,IAAgB,MAAI,CAAJ,IAAO,EAAE,QAAF,CAAW,IAAX,CAAgB,QAAhB,CAAyB,UAAzB,GAAqC,EAAE,QAAF,CAAW,IAAX,CAAgB,WAAhB,CAA4B,UAA5B,CAArC,CAAvB,IAAsG,EAAE,QAAF,CAAW,IAAX,CAAgB,WAAhB,CAA4B,UAA5B,GAAwC,EAAE,QAAF,CAAW,IAAX,CAAgB,WAAhB,CAA4B,UAA5B,CAAxC,CAAtG,CAAzJ,CAApF;KAAV;QAAgb,IAAE,SAAF,CAAE,GAAU;AAAC,QAAE,QAAF,CAAW,SAAX,GAAqB,CAArB,GAAuB,WAAW,EAAE,SAAF,EAAY,EAAE,QAAF,CAAW,SAAX,CAA9C,GAAoE,EAAE,SAAF,EAApE,EAAkF,EAAE,QAAF,CAAW,SAAX,IAAsB,EAAE,KAAF,CAAQ,YAAU;AAAC,UAAE,QAAF,KAAa,EAAE,QAAF,CAAW,CAAC,CAAD,CAAX,EAAe,EAAE,UAAF,GAAa,CAAC,CAAD,CAAzC,CAAD;OAAV,EAAyD,YAAU;AAAC,UAAE,UAAF,KAAe,EAAE,SAAF,CAAY,CAAC,CAAD,CAAZ,EAAgB,EAAE,UAAF,GAAa,IAAb,CAA/B,CAAD;OAAV,CAAvF,CAAnF;KAAV;QAAoP,IAAE,SAAF,CAAE,GAAU;AAAC,UAAI,IAAE,CAAF,CAAL,IAAY,UAAQ,EAAE,QAAF,CAAW,aAAX,EAAyB,EAAE,MAAF,CAAS,EAAE,QAAF,CAAW,KAAX,GAAmB,QAAnB,CAA4B,UAA5B,CAAT,EAApC,KAA0F;AAAC,UAAE,OAAF,CAAU,EAAE,QAAF,CAAW,KAAX,GAAmB,QAAnB,CAA4B,UAA5B,CAAV,EAAD,IAAwD,IAAE,EAAE,QAAF,CAAW,KAAX,GAAmB,QAAnB,EAAF,CAAxD,CAAwF,GAAE,gBAAc,EAAE,QAAF,CAAW,IAAX,GAAgB,CAAC,EAAE,IAAF,GAAO,CAAC,EAAE,GAAF,CAAjI;OAA1F,CAAiO,CAAE,CAAF,EAAI,OAAJ,EAAY,CAAZ,GAAe,EAAE,QAAF,CAAW,KAAX,GAAiB,CAAC,CAAD,EAAG,EAAE,QAAF,CAAW,QAAX,GAAoB,CAAC,CAAD,EAAG,EAAE,QAAF,CAAW,YAAX,GAAwB,CAAC,CAAD,EAAG,EAAE,QAAF,CAAW,WAAX,IAAwB,CAAC,EAAE,QAAF,IAAY,EAAE,QAAF,CAAW,KAAX,CAAiB,YAAU;AAAC,UAAE,IAAF,GAAD;OAAV,EAAqB,YAAU;AAAC,YAAI,IAAE,CAAF,CAAL,CAAS,CAAE,QAAF,CAAW,IAAX,CAAgB,YAAU;AAAC,eAAG,gBAAc,EAAE,QAAF,CAAW,IAAX,GAAgB,EAAE,IAAF,EAAQ,UAAR,CAAmB,CAAC,CAAD,CAAjD,GAAqD,EAAE,IAAF,EAAQ,WAAR,CAAoB,CAAC,CAAD,CAAzE,CAAJ;SAAV,CAAhB,CAAT,IAA0H,IAAE,EAAE,QAAF,CAAW,KAAX,GAAiB,CAAjB;YAAmB,IAAE,gBAAc,EAAE,QAAF,CAAW,IAAX,GAAgB,MAA9B,GAAqC,KAArC;YAA2C,IAAE,KAAG,IAAE,KAAK,GAAL,CAAS,SAAS,EAAE,GAAF,CAAM,CAAN,CAAT,CAAT,CAAF,CAAH,CAA9L,CAAiO,CAAE,CAAF,EAAjO;OAAV,CAA3E,EAA6T,GAAlZ,CAA1O;KAAV;QAA2oB,IAAE,SAAF,CAAE,CAAS,CAAT,EAAW;AAAC,cAAM,IAAE,CAAF,GAAI,EAAE,QAAF,CAAW,KAAX,CAAX,IAAgC,IAAE,EAAC,MAAK,CAAL,EAAO,KAAI,CAAJ,EAAV;UAAiB,IAAE,EAAC,MAAK,CAAL,EAAO,KAAI,CAAJ,EAAV,CAAjD,MAAkE,IAAQ,EAAE,QAAF,CAAW,aAAX,GAAyB,IAAE,EAAE,IAAF,CAAO,WAAP,EAAoB,KAApB,GAA4B,QAA5B,EAAF,GAAyC,IAAE,EAAE,QAAF,CAAW,KAAX,GAAmB,QAAnB,EAAF,CAA5I,IAAgL,IAAE,gBAAc,EAAE,QAAF,CAAW,IAAX,GAAgB,CAAC,EAAE,IAAF,GAAO,CAAC,EAAE,GAAF;UAAM,IAAE,gBAAc,EAAE,QAAF,CAAW,IAAX,GAAgB,CAAC,EAAE,IAAF,GAAO,CAAC,EAAE,GAAF;UAAM,IAAE,EAAC,YAAW,CAAX,EAAH,CAA9Q,CAA+R,CAAE,CAAF,EAAI,QAAJ,EAAa,KAAb,EAAmB,CAAnB,EAA/R;KAAX;QAAiU,IAAE,SAAF,CAAE,GAAU;AAAC,QAAE,KAAF,GAAQ,EAAC,OAAM,EAAC,GAAE,CAAF,EAAI,GAAE,CAAF,EAAX,EAAgB,KAAI,EAAC,GAAE,CAAF,EAAI,GAAE,CAAF,EAAT,EAAzB,EAAwC,EAAE,QAAF,CAAW,IAAX,CAAgB,YAAhB,EAA6B,CAA7B,CAAxC,CAAD;KAAV;QAAoF,IAAE,SAAF,CAAE,CAAS,CAAT,EAAW;AAAC,UAAG,EAAE,OAAF,EAAU,EAAE,cAAF,GAAb,KAAoC;AAAC,UAAE,KAAF,CAAQ,WAAR,GAAoB,EAAE,QAAF,EAApB,CAAD,IAAsC,IAAE,EAAE,aAAF,CAAxC,CAAwD,CAAE,KAAF,CAAQ,KAAR,CAAc,CAAd,GAAgB,EAAE,cAAF,CAAiB,CAAjB,EAAoB,KAApB,EAA0B,EAAE,KAAF,CAAQ,KAAR,CAAc,CAAd,GAAgB,EAAE,cAAF,CAAiB,CAAjB,EAAoB,KAApB,EAA0B,EAAE,QAAF,CAAW,IAAX,CAAgB,WAAhB,EAA4B,CAA5B,CAApF,EAAmH,EAAE,QAAF,CAAW,IAAX,CAAgB,UAAhB,EAA2B,CAA3B,CAAnH,CAAxD;OAApC;KAAZ;QAA2P,IAAE,SAAF,CAAE,CAAS,CAAT,EAAW;AAAC,UAAI,IAAE,EAAE,aAAF;UAAgB,IAAE,KAAK,GAAL,CAAS,EAAE,cAAF,CAAiB,CAAjB,EAAoB,KAApB,GAA0B,EAAE,KAAF,CAAQ,KAAR,CAAc,CAAd,CAArC;UAAsD,IAAE,KAAK,GAAL,CAAS,EAAE,cAAF,CAAiB,CAAjB,EAAoB,KAApB,GAA0B,EAAE,KAAF,CAAQ,KAAR,CAAc,CAAd,CAArC,CAA7E,IAAsI,IAAE,CAAF,GAAI,CAAJ,IAAO,EAAE,QAAF,CAAW,oBAAX,GAAgC,EAAE,cAAF,EAAvC,GAA0D,IAAE,CAAF,GAAI,CAAJ,IAAO,EAAE,QAAF,CAAW,oBAAX,IAAiC,EAAE,cAAF,EAAxC,EAA2D,UAAQ,EAAE,QAAF,CAAW,IAAX,IAAiB,EAAE,QAAF,CAAW,aAAX,EAAyB;AAAC,YAAI,IAAE,CAAF,CAAL,IAAY,gBAAc,EAAE,QAAF,CAAW,IAAX,EAAgB;AAAC,cAAI,IAAE,EAAE,cAAF,CAAiB,CAAjB,EAAoB,KAApB,GAA0B,EAAE,KAAF,CAAQ,KAAR,CAAc,CAAd,CAAjC,CAAiD,GAAE,EAAE,KAAF,CAAQ,WAAR,CAAoB,IAApB,GAAyB,CAAzB,CAAnD;SAAjC,MAAmH;AAAC,cAAI,IAAE,EAAE,cAAF,CAAiB,CAAjB,EAAoB,KAApB,GAA0B,EAAE,KAAF,CAAQ,KAAR,CAAc,CAAd,CAAjC,CAAiD,GAAE,EAAE,KAAF,CAAQ,WAAR,CAAoB,GAApB,GAAwB,CAAxB,CAAnD;SAAnH,CAAgM,CAAE,CAAF,EAAI,OAAJ,EAAY,CAAZ,EAAzM;OAA1K;KAA9I;QAAkhB,IAAE,SAAF,CAAE,CAAS,CAAT,EAAW;AAAC,QAAE,QAAF,CAAW,MAAX,CAAkB,WAAlB,EAA8B,CAA9B,EAAD,IAAsC,IAAE,EAAE,aAAF;UAAgB,IAAE,CAAF,CAAxD,IAA+D,EAAE,KAAF,CAAQ,GAAR,CAAY,CAAZ,GAAc,EAAE,cAAF,CAAiB,CAAjB,EAAoB,KAApB,EAA0B,EAAE,KAAF,CAAQ,GAAR,CAAY,CAAZ,GAAc,EAAE,cAAF,CAAiB,CAAjB,EAAoB,KAApB,EAA0B,UAAQ,EAAE,QAAF,CAAW,IAAX,EAAgB;AAAC,YAAI,IAAE,KAAK,GAAL,CAAS,EAAE,KAAF,CAAQ,KAAR,CAAc,CAAd,GAAgB,EAAE,KAAF,CAAQ,GAAR,CAAY,CAAZ,CAA3B,CAAL,CAA+C,IAAG,EAAE,QAAF,CAAW,cAAX,KAA4B,EAAE,KAAF,CAAQ,KAAR,CAAc,CAAd,GAAgB,EAAE,KAAF,CAAQ,GAAR,CAAY,CAAZ,GAAc,EAAE,aAAF,EAA9B,GAAgD,EAAE,aAAF,EAAhD,EAAkE,EAAE,QAAF,EAAlE,CAA/B,CAA/C;OAA3G,MAA6Q;AAAC,YAAI,IAAE,CAAF,CAAL,YAAS,IAAc,EAAE,QAAF,CAAW,IAAX,IAAiB,IAAE,EAAE,KAAF,CAAQ,GAAR,CAAY,CAAZ,GAAc,EAAE,KAAF,CAAQ,KAAR,CAAc,CAAd,EAAgB,IAAE,EAAE,KAAF,CAAQ,WAAR,CAAoB,IAApB,CAAjE,IAA4F,IAAE,EAAE,KAAF,CAAQ,GAAR,CAAY,CAAZ,GAAc,EAAE,KAAF,CAAQ,KAAR,CAAc,CAAd,EAAgB,IAAE,EAAE,KAAF,CAAQ,WAAR,CAAoB,GAApB,CAA9H,EAAuJ,CAAC,EAAE,QAAF,CAAW,YAAX,KAA0B,KAAG,EAAE,MAAF,CAAS,KAAT,IAAgB,IAAE,CAAF,IAAK,EAAE,MAAF,CAAS,IAAT,IAAe,IAAE,CAAF,CAAlE,GAAuE,EAAE,CAAF,EAAI,OAAJ,EAAY,GAAZ,CAAvE,GAAwF,KAAK,GAAL,CAAS,CAAT,KAAa,EAAE,QAAF,CAAW,cAAX,IAA2B,IAAE,CAAF,GAAI,EAAE,aAAF,EAAJ,GAAsB,EAAE,aAAF,EAAtB,EAAwC,EAAE,QAAF,EAAxC,CAAxC,GAA8F,EAAE,CAAF,EAAI,OAAJ,EAAY,GAAZ,CAA9F,CAAxP;OAA7Q,CAAonB,CAAE,QAAF,CAAW,MAAX,CAAkB,UAAlB,EAA6B,CAA7B,EAAhrB;KAAX;QAA4tB,IAAE,SAAF,CAAE,GAAU;AAAC,UAAI,IAAE,EAAE,MAAF,EAAU,KAAV,EAAF;UAAoB,IAAE,EAAE,MAAF,EAAU,MAAV,EAAF,CAAzB,CAA+C,KAAG,CAAH,IAAM,KAAG,CAAH,CAAP,KAAe,IAAE,CAAF,EAAI,IAAE,CAAF,EAAI,EAAE,YAAF,EAAR,EAAyB,EAAE,QAAF,CAAW,cAAX,CAA0B,IAA1B,CAA+B,CAA/B,EAAiC,EAAE,MAAF,CAAS,KAAT,CAA1D,CAAf,CAA9C;KAAV,CAAr+b,OAA+nc,EAAE,SAAF,GAAY,UAAS,CAAT,EAAW,CAAX,EAAa;AAAC,UAAG,CAAC,EAAE,OAAF,IAAW,EAAE,MAAF,CAAS,KAAT,IAAgB,CAAhB,EAAkB,IAAG,EAAE,OAAF,GAAU,CAAC,CAAD,EAAG,EAAE,QAAF,GAAW,EAAE,MAAF,CAAS,KAAT,EAAe,EAAE,MAAF,CAAS,KAAT,GAAe,IAAE,CAAF,GAAI,MAAI,CAAJ,GAAM,KAAG,GAAH,GAAO,CAAP,GAAS,CAAT,EAAW,EAAE,QAAF,CAAW,aAAX,CAAyB,EAAE,QAAF,CAAW,EAAX,CAAc,EAAE,MAAF,CAAS,KAAT,CAAvC,EAAuD,EAAE,QAAF,EAAW,EAAE,MAAF,CAAS,KAAT,CAA7I,EAA6J,UAAQ,CAAR,GAAU,EAAE,QAAF,CAAW,WAAX,CAAuB,EAAE,QAAF,CAAW,EAAX,CAAc,EAAE,MAAF,CAAS,KAAT,CAArC,EAAqD,EAAE,QAAF,EAAW,EAAE,MAAF,CAAS,KAAT,CAA1E,GAA0F,UAAQ,CAAR,IAAW,EAAE,QAAF,CAAW,WAAX,CAAuB,EAAE,QAAF,CAAW,EAAX,CAAc,EAAE,MAAF,CAAS,KAAT,CAArC,EAAqD,EAAE,QAAF,EAAW,EAAE,MAAF,CAAS,KAAT,CAA3E,EAA2F,EAAE,MAAF,CAAS,IAAT,GAAc,EAAE,MAAF,CAAS,KAAT,IAAgB,MAAI,CAAJ,EAAM,EAAE,QAAF,CAAW,KAAX,IAAkB,EAAE,EAAE,MAAF,CAAS,KAAT,CAApB,EAAoC,EAAE,QAAF,CAAW,QAAX,IAAqB,GAArB,EAAyB,UAAQ,EAAE,QAAF,CAAW,IAAX,EAAgB,EAAE,QAAF,CAAW,cAAX,IAA2B,EAAE,QAAF,CAAW,MAAX,MAAqB,GAArB,IAA0B,EAAE,QAAF,CAAW,OAAX,CAAmB,EAAC,QAAO,GAAP,EAApB,EAAgC,EAAE,QAAF,CAAW,mBAAX,CAArF,EAAqH,EAAE,QAAF,CAAW,MAAX,CAAkB,UAAlB,EAA8B,OAA9B,CAAsC,EAAE,QAAF,CAAW,KAAX,CAAtC,CAAwD,GAAxD,CAA4D,EAAC,QAAO,CAAP,EAA7D,CAArH,EAA6L,EAAE,QAAF,CAAW,EAAX,CAAc,EAAE,MAAF,CAAS,KAAT,CAAd,CAA8B,GAA9B,CAAkC,QAAlC,EAA2C,EAAE,QAAF,CAAW,WAAX,GAAuB,CAAvB,CAA3C,CAAqE,MAArE,CAA4E,EAAE,QAAF,CAAW,KAAX,EAAiB,YAAU;AAAC,UAAE,IAAF,EAAQ,GAAR,CAAY,QAAZ,EAAqB,EAAE,QAAF,CAAW,WAAX,CAArB,EAA6C,GAA7C,CAAD;OAAV,CAA1R,CAA9c,KAA0yB;AAAC,UAAE,QAAF,CAAW,cAAX,IAA2B,EAAE,QAAF,CAAW,MAAX,MAAqB,GAArB,IAA0B,EAAE,QAAF,CAAW,OAAX,CAAmB,EAAC,QAAO,GAAP,EAApB,EAAgC,EAAE,QAAF,CAAW,mBAAX,CAArF,CAAD,IAA0H,IAAE,CAAF;YAAI,IAAE,EAAC,MAAK,CAAL,EAAO,KAAI,CAAJ,EAAV,CAA9H,IAAkJ,CAAC,EAAE,QAAF,CAAW,YAAX,IAAyB,EAAE,QAAF,IAAY,EAAE,MAAF,CAAS,IAAT;AAAc,cAAG,gBAAc,EAAE,QAAF,CAAW,IAAX,EAAgB;AAAC,gBAAI,IAAE,EAAE,QAAF,CAAW,EAAX,CAAc,EAAE,QAAF,CAAW,MAAX,GAAkB,CAAlB,CAAhB,CAAL,CAA0C,GAAE,EAAE,QAAF,EAAF,EAAe,IAAE,EAAE,QAAF,CAAW,KAAX,KAAmB,EAAE,UAAF,EAAnB,CAA3D;WAAjC,MAAkI;AAAC,gBAAI,IAAE,EAAE,QAAF,CAAW,MAAX,GAAkB,EAAE,QAAF,CAAW,SAAX,CAAzB,CAA8C,GAAE,EAAE,QAAF,CAAW,EAAX,CAAc,CAAd,EAAiB,QAAjB,EAAF,CAA9C;WAAlI;eAAmN,IAAG,EAAE,QAAF,IAAY,EAAE,MAAF,CAAS,IAAT,IAAe,UAAQ,CAAR,EAAU;AAAC,cAAI,IAAE,KAAG,EAAE,QAAF,CAAW,UAAX,GAAsB,EAAE,QAAF,CAAW,SAAX,GAAqB,GAArB,GAAyB,CAAC,MAAI,CAAJ,CAAD,GAAQ,GAAR,IAAa,EAAE,QAAF,CAAW,MAAX,GAAkB,EAAE,QAAF,CAAW,SAAX,CAA/B;cAAqD,IAAE,EAAE,QAAF,CAAW,WAAX,EAAwB,EAAxB,CAA2B,CAA3B,CAAF,CAA9G,CAA8I,GAAE,EAAE,QAAF,EAAF,CAA9I;SAAxC,MAA0M,IAAG,UAAQ,CAAR,IAAW,KAAG,EAAE,MAAF,CAAS,KAAT,EAAe,IAAE,EAAE,IAAF,CAAO,aAAP,EAAsB,EAAtB,CAAyB,EAAE,QAAF,CAAW,SAAX,CAAzB,CAA+C,QAA/C,EAAF,EAA4D,EAAE,MAAF,CAAS,IAAT,GAAc,CAAC,CAAD,CAA1G,KAAkH,IAAG,KAAG,CAAH,EAAK;AAAC,cAAI,IAAE,IAAE,GAAF,CAAP,CAAa,GAAE,EAAE,QAAF,CAAW,EAAX,CAAc,CAAd,EAAiB,QAAjB,EAAF,CAAb;SAAR,IAAsD,eAAa,OAAO,CAAP,EAAS;AAAC,cAAI,IAAE,gBAAc,EAAE,QAAF,CAAW,IAAX,GAAgB,EAAE,EAAE,IAAF,GAAO,CAAP,CAAF,GAAY,CAAC,EAAE,GAAF,CAAlD,CAAwD,CAAE,CAAF,EAAI,OAAJ,EAAY,EAAE,QAAF,CAAW,KAAX,CAAZ,CAAxD;SAAzB;OAAljD;KAA/C,EAAmtD,EAAE,aAAF,GAAgB,YAAU;AAAC,UAAG,EAAE,QAAF,CAAW,YAAX,IAAyB,CAAC,EAAE,MAAF,CAAS,IAAT,EAAc;AAAC,YAAI,IAAE,SAAS,EAAE,MAAF,CAAS,KAAT,CAAT,GAAyB,CAAzB,CAAP,CAAkC,CAAE,SAAF,CAAY,CAAZ,EAAc,MAAd,EAAlC;OAA3C;KAAX,EAAgH,EAAE,aAAF,GAAgB,YAAU;AAAC,UAAG,EAAE,QAAF,CAAW,YAAX,IAAyB,KAAG,EAAE,MAAF,CAAS,KAAT,EAAe;AAAC,YAAI,IAAE,SAAS,EAAE,MAAF,CAAS,KAAT,CAAT,GAAyB,CAAzB,CAAP,CAAkC,CAAE,SAAF,CAAY,CAAZ,EAAc,MAAd,EAAlC;OAA9C;KAAX,EAAmH,EAAE,SAAF,GAAY,UAAS,CAAT,EAAW;AAAC,QAAE,QAAF,KAAa,EAAE,QAAF,GAAW,YAAY,YAAU;AAAC,kBAAQ,EAAE,QAAF,CAAW,aAAX,GAAyB,EAAE,aAAF,EAAjC,GAAmD,EAAE,aAAF,EAAnD,CAAD;OAAV,EAAiF,EAAE,QAAF,CAAW,KAAX,CAAxG,EAA0H,EAAE,QAAF,CAAW,YAAX,IAAyB,KAAG,CAAH,IAAM,EAAE,MAAF,CAA/B,CAAvI,CAAD;KAAX,EAA8L,EAAE,QAAF,GAAW,UAAS,CAAT,EAAW;AAAC,QAAE,QAAF,KAAa,cAAc,EAAE,QAAF,CAAd,EAA0B,EAAE,QAAF,GAAW,IAAX,EAAgB,EAAE,QAAF,CAAW,YAAX,IAAyB,KAAG,CAAH,IAAM,EAAE,OAAF,CAA/B,CAAvD,CAAD;KAAX,EAA+G,EAAE,eAAF,GAAkB,YAAU;AAAC,aAAO,EAAE,MAAF,CAAS,KAAT,CAAR;KAAV,EAAkC,EAAE,sBAAF,GAAyB,YAAU;AAAC,aAAO,EAAE,QAAF,CAAW,EAAX,CAAc,EAAE,MAAF,CAAS,KAAT,CAArB,CAAD;KAAV,EAAiD,EAAE,aAAF,GAAgB,YAAU;AAAC,aAAO,EAAE,QAAF,CAAW,MAAX,CAAR;KAAV,EAAqC,EAAE,YAAF,GAAe,YAAU;AAAC,QAAE,QAAF,CAAW,GAAX,CAAe,EAAE,IAAF,CAAO,WAAP,CAAf,EAAoC,UAApC,CAA+C,GAA/C,GAAoD,EAAE,QAAF,CAAW,GAAX,CAAe,QAAf,EAAwB,GAAxB,CAApD,EAAiF,EAAE,QAAF,CAAW,MAAX,IAAmB,GAAnB,EAAuB,EAAE,MAAF,CAAS,IAAT,KAAgB,EAAE,MAAF,CAAS,KAAT,GAAe,MAAI,CAAJ,CAA/B,EAAsC,EAAE,MAAF,CAAS,KAAT,IAAgB,GAAhB,KAAsB,EAAE,MAAF,CAAS,IAAT,GAAc,CAAC,CAAD,CAApC,EAAwC,EAAE,QAAF,CAAW,KAAX,IAAkB,CAAC,EAAE,QAAF,CAAW,WAAX,KAAyB,KAAI,EAAE,EAAE,MAAF,CAAS,KAAT,CAAN,CAA5C,CAAvL;KAAV,EAAqQ,EAAE,aAAF,GAAgB,YAAU;AAAC,QAAE,WAAF,KAAgB,EAAE,WAAF,GAAc,CAAC,CAAD,EAAG,EAAE,WAAF,EAAc,IAAd,EAAoB,MAApB,EAAjB,EAA8C,EAAE,QAAF,CAAW,IAAX,CAAgB,YAAU;AAAC,aAAK,CAAL,IAAQ,EAAE,IAAF,EAAQ,IAAR,CAAa,WAAb,CAAR,GAAkC,EAAE,IAAF,EAAQ,IAAR,CAAa,OAAb,EAAqB,EAAE,IAAF,EAAQ,IAAR,CAAa,WAAb,CAArB,CAAlC,GAAkF,EAAE,IAAF,EAAQ,UAAR,CAAmB,OAAnB,CAAlF,CAAD;OAAV,CAA9D,EAAyL,KAAK,CAAL,IAAQ,EAAE,IAAF,EAAQ,IAAR,CAAa,WAAb,CAAR,GAAkC,KAAK,IAAL,CAAU,OAAV,EAAkB,EAAE,IAAF,EAAQ,IAAR,CAAa,WAAb,CAAlB,CAAlC,GAA+E,EAAE,IAAF,EAAQ,UAAR,CAAmB,OAAnB,CAA/E,EAA2G,EAAE,IAAF,EAAQ,MAAR,GAAiB,MAAjB,EAApS,EAA8T,EAAE,QAAF,CAAW,EAAX,IAAe,EAAE,QAAF,CAAW,EAAX,CAAc,MAAd,EAAf,EAAsC,EAAE,QAAF,CAAW,IAAX,IAAiB,EAAE,QAAF,CAAW,IAAX,CAAgB,MAAhB,EAAjB,EAA0C,EAAE,QAAF,CAAW,IAAX,IAAiB,EAAE,QAAF,CAAW,IAAX,CAAgB,MAAhB,EAAjB,EAA0C,EAAE,OAAF,IAAW,EAAE,QAAF,CAAW,QAAX,IAAqB,EAAE,OAAF,CAAU,MAAV,EAAhC,EAAmD,EAAE,aAAF,EAAgB,IAAhB,EAAsB,MAAtB,EAA3e,EAA0gB,EAAE,QAAF,CAAW,MAAX,IAAmB,EAAE,QAAF,CAAW,MAAX,CAAkB,MAAlB,EAAnB,EAA8C,cAAc,EAAE,QAAF,CAAtkB,EAAklB,EAAE,QAAF,CAAW,UAAX,IAAuB,EAAE,MAAF,EAAU,MAAV,CAAiB,QAAjB,EAA0B,CAA1B,CAAvB,CAAlmB,CAAD;KAAV,EAAmqB,EAAE,YAAF,GAAe,UAAS,CAAT,EAAW;AAAC,WAAK,CAAL,IAAQ,CAAR,KAAY,IAAE,CAAF,CAAZ,EAAiB,EAAE,aAAF,EAAjB,EAAmC,GAAnC,CAAD;KAAX,EAAoD,GAAn+G,EAAu+G,IAAv+G,CAA/nc;GAAX,CAAp9B;CAAX,CAAullB,MAAvllB,CAAD","file":"/client/lib/compatibility/slicklab/js/jquery.bxslider.min.js.map","sourcesContent":["/**\n * BxSlider v4.1.2 - Fully loaded, responsive content slider\n * http://bxslider.com\n *\n * Copyright 2014, Steven Wanderski - http://stevenwanderski.com - http://bxcreative.com\n * Written while drinking Belgian ales and listening to jazz\n *\n * Released under the MIT license - http://opensource.org/licenses/MIT\n */\n!function(t){var e={},s={mode:\"horizontal\",slideSelector:\"\",infiniteLoop:!0,hideControlOnEnd:!1,speed:500,easing:null,slideMargin:0,startSlide:0,randomStart:!1,captions:!1,ticker:!1,tickerHover:!1,adaptiveHeight:!1,adaptiveHeightSpeed:500,video:!1,useCSS:!0,preloadImages:\"visible\",responsive:!0,slideZIndex:50,touchEnabled:!0,swipeThreshold:50,oneToOneTouch:!0,preventDefaultSwipeX:!0,preventDefaultSwipeY:!1,pager:!0,pagerType:\"full\",pagerShortSeparator:\" / \",pagerSelector:null,buildPager:null,pagerCustom:null,controls:!0,nextText:\"Next\",prevText:\"Prev\",nextSelector:null,prevSelector:null,autoControls:!1,startText:\"Start\",stopText:\"Stop\",autoControlsCombine:!1,autoControlsSelector:null,auto:!1,pause:4e3,autoStart:!0,autoDirection:\"next\",autoHover:!1,autoDelay:0,minSlides:1,maxSlides:1,moveSlides:0,slideWidth:0,onSliderLoad:function(){},onSlideBefore:function(){},onSlideAfter:function(){},onSlideNext:function(){},onSlidePrev:function(){},onSliderResize:function(){}};t.fn.bxSlider=function(n){if(0==this.length)return this;if(this.length>1)return this.each(function(){t(this).bxSlider(n)}),this;var o={},r=this;e.el=this;var a=t(window).width(),l=t(window).height(),d=function(){o.settings=t.extend({},s,n),o.settings.slideWidth=parseInt(o.settings.slideWidth),o.children=r.children(o.settings.slideSelector),o.children.length<o.settings.minSlides&&(o.settings.minSlides=o.children.length),o.children.length<o.settings.maxSlides&&(o.settings.maxSlides=o.children.length),o.settings.randomStart&&(o.settings.startSlide=Math.floor(Math.random()*o.children.length)),o.active={index:o.settings.startSlide},o.carousel=o.settings.minSlides>1||o.settings.maxSlides>1,o.carousel&&(o.settings.preloadImages=\"all\"),o.minThreshold=o.settings.minSlides*o.settings.slideWidth+(o.settings.minSlides-1)*o.settings.slideMargin,o.maxThreshold=o.settings.maxSlides*o.settings.slideWidth+(o.settings.maxSlides-1)*o.settings.slideMargin,o.working=!1,o.controls={},o.interval=null,o.animProp=\"vertical\"==o.settings.mode?\"top\":\"left\",o.usingCSS=o.settings.useCSS&&\"fade\"!=o.settings.mode&&function(){var t=document.createElement(\"div\"),e=[\"WebkitPerspective\",\"MozPerspective\",\"OPerspective\",\"msPerspective\"];for(var i in e)if(void 0!==t.style[e[i]])return o.cssPrefix=e[i].replace(\"Perspective\",\"\").toLowerCase(),o.animProp=\"-\"+o.cssPrefix+\"-transform\",!0;return!1}(),\"vertical\"==o.settings.mode&&(o.settings.maxSlides=o.settings.minSlides),r.data(\"origStyle\",r.attr(\"style\")),r.children(o.settings.slideSelector).each(function(){t(this).data(\"origStyle\",t(this).attr(\"style\"))}),c()},c=function(){r.wrap('<div class=\"bx-wrapper\"><div class=\"bx-viewport\"></div></div>'),o.viewport=r.parent(),o.loader=t('<div class=\"bx-loading\" />'),o.viewport.prepend(o.loader),r.css({width:\"horizontal\"==o.settings.mode?100*o.children.length+215+\"%\":\"auto\",position:\"relative\"}),o.usingCSS&&o.settings.easing?r.css(\"-\"+o.cssPrefix+\"-transition-timing-function\",o.settings.easing):o.settings.easing||(o.settings.easing=\"swing\"),f(),o.viewport.css({width:\"100%\",overflow:\"hidden\",position:\"relative\"}),o.viewport.parent().css({maxWidth:p()}),o.settings.pager||o.viewport.parent().css({margin:\"0 auto 0px\"}),o.children.css({\"float\":\"horizontal\"==o.settings.mode?\"left\":\"none\",listStyle:\"none\",position:\"relative\"}),o.children.css(\"width\",u()),\"horizontal\"==o.settings.mode&&o.settings.slideMargin>0&&o.children.css(\"marginRight\",o.settings.slideMargin),\"vertical\"==o.settings.mode&&o.settings.slideMargin>0&&o.children.css(\"marginBottom\",o.settings.slideMargin),\"fade\"==o.settings.mode&&(o.children.css({position:\"absolute\",zIndex:0,display:\"none\"}),o.children.eq(o.settings.startSlide).css({zIndex:o.settings.slideZIndex,display:\"block\"})),o.controls.el=t('<div class=\"bx-controls\" />'),o.settings.captions&&P(),o.active.last=o.settings.startSlide==x()-1,o.settings.video&&r.fitVids();var e=o.children.eq(o.settings.startSlide);\"all\"==o.settings.preloadImages&&(e=o.children),o.settings.ticker?o.settings.pager=!1:(o.settings.pager&&T(),o.settings.controls&&C(),o.settings.auto&&o.settings.autoControls&&E(),(o.settings.controls||o.settings.autoControls||o.settings.pager)&&o.viewport.after(o.controls.el)),g(e,h)},g=function(e,i){var s=e.find(\"img, iframe\").length;if(0==s)return i(),void 0;var n=0;e.find(\"img, iframe\").each(function(){t(this).one(\"load\",function(){++n==s&&i()}).each(function(){this.complete&&t(this).load()})})},h=function(){if(o.settings.infiniteLoop&&\"fade\"!=o.settings.mode&&!o.settings.ticker){var e=\"vertical\"==o.settings.mode?o.settings.minSlides:o.settings.maxSlides,i=o.children.slice(0,e).clone().addClass(\"bx-clone\"),s=o.children.slice(-e).clone().addClass(\"bx-clone\");r.append(i).prepend(s)}o.loader.remove(),S(),\"vertical\"==o.settings.mode&&(o.settings.adaptiveHeight=!0),o.viewport.height(v()),r.redrawSlider(),o.settings.onSliderLoad(o.active.index),o.initialized=!0,o.settings.responsive&&t(window).bind(\"resize\",Z),o.settings.auto&&o.settings.autoStart&&H(),o.settings.ticker&&L(),o.settings.pager&&q(o.settings.startSlide),o.settings.controls&&W(),o.settings.touchEnabled&&!o.settings.ticker&&O()},v=function(){var e=0,s=t();if(\"vertical\"==o.settings.mode||o.settings.adaptiveHeight)if(o.carousel){var n=1==o.settings.moveSlides?o.active.index:o.active.index*m();for(s=o.children.eq(n),i=1;i<=o.settings.maxSlides-1;i++)s=n+i>=o.children.length?s.add(o.children.eq(i-1)):s.add(o.children.eq(n+i))}else s=o.children.eq(o.active.index);else s=o.children;return\"vertical\"==o.settings.mode?(s.each(function(){e+=t(this).outerHeight()}),o.settings.slideMargin>0&&(e+=o.settings.slideMargin*(o.settings.minSlides-1))):e=Math.max.apply(Math,s.map(function(){return t(this).outerHeight(!1)}).get()),e},p=function(){var t=\"100%\";return o.settings.slideWidth>0&&(t=\"horizontal\"==o.settings.mode?o.settings.maxSlides*o.settings.slideWidth+(o.settings.maxSlides-1)*o.settings.slideMargin:o.settings.slideWidth),t},u=function(){var t=o.settings.slideWidth,e=o.viewport.width();return 0==o.settings.slideWidth||o.settings.slideWidth>e&&!o.carousel||\"vertical\"==o.settings.mode?t=e:o.settings.maxSlides>1&&\"horizontal\"==o.settings.mode&&(e>o.maxThreshold||e<o.minThreshold&&(t=(e-o.settings.slideMargin*(o.settings.minSlides-1))/o.settings.minSlides)),t},f=function(){var t=1;if(\"horizontal\"==o.settings.mode&&o.settings.slideWidth>0)if(o.viewport.width()<o.minThreshold)t=o.settings.minSlides;else if(o.viewport.width()>o.maxThreshold)t=o.settings.maxSlides;else{var e=o.children.first().width();t=Math.floor(o.viewport.width()/e)}else\"vertical\"==o.settings.mode&&(t=o.settings.minSlides);return t},x=function(){var t=0;if(o.settings.moveSlides>0)if(o.settings.infiniteLoop)t=o.children.length/m();else for(var e=0,i=0;e<o.children.length;)++t,e=i+f(),i+=o.settings.moveSlides<=f()?o.settings.moveSlides:f();else t=Math.ceil(o.children.length/f());return t},m=function(){return o.settings.moveSlides>0&&o.settings.moveSlides<=f()?o.settings.moveSlides:f()},S=function(){if(o.children.length>o.settings.maxSlides&&o.active.last&&!o.settings.infiniteLoop){if(\"horizontal\"==o.settings.mode){var t=o.children.last(),e=t.position();b(-(e.left-(o.viewport.width()-t.width())),\"reset\",0)}else if(\"vertical\"==o.settings.mode){var i=o.children.length-o.settings.minSlides,e=o.children.eq(i).position();b(-e.top,\"reset\",0)}}else{var e=o.children.eq(o.active.index*m()).position();o.active.index==x()-1&&(o.active.last=!0),void 0!=e&&(\"horizontal\"==o.settings.mode?b(-e.left,\"reset\",0):\"vertical\"==o.settings.mode&&b(-e.top,\"reset\",0))}},b=function(t,e,i,s){if(o.usingCSS){var n=\"vertical\"==o.settings.mode?\"translate3d(0, \"+t+\"px, 0)\":\"translate3d(\"+t+\"px, 0, 0)\";r.css(\"-\"+o.cssPrefix+\"-transition-duration\",i/1e3+\"s\"),\"slide\"==e?(r.css(o.animProp,n),r.bind(\"transitionend webkitTransitionEnd oTransitionEnd MSTransitionEnd\",function(){r.unbind(\"transitionend webkitTransitionEnd oTransitionEnd MSTransitionEnd\"),D()})):\"reset\"==e?r.css(o.animProp,n):\"ticker\"==e&&(r.css(\"-\"+o.cssPrefix+\"-transition-timing-function\",\"linear\"),r.css(o.animProp,n),r.bind(\"transitionend webkitTransitionEnd oTransitionEnd MSTransitionEnd\",function(){r.unbind(\"transitionend webkitTransitionEnd oTransitionEnd MSTransitionEnd\"),b(s.resetValue,\"reset\",0),N()}))}else{var a={};a[o.animProp]=t,\"slide\"==e?r.animate(a,i,o.settings.easing,function(){D()}):\"reset\"==e?r.css(o.animProp,t):\"ticker\"==e&&r.animate(a,speed,\"linear\",function(){b(s.resetValue,\"reset\",0),N()})}},w=function(){for(var e=\"\",i=x(),s=0;i>s;s++){var n=\"\";o.settings.buildPager&&t.isFunction(o.settings.buildPager)?(n=o.settings.buildPager(s),o.pagerEl.addClass(\"bx-custom-pager\")):(n=s+1,o.pagerEl.addClass(\"bx-default-pager\")),e+='<div class=\"bx-pager-item\"><a href=\"\" data-slide-index=\"'+s+'\" class=\"bx-pager-link\">'+n+\"</a></div>\"}o.pagerEl.html(e)},T=function(){o.settings.pagerCustom?o.pagerEl=t(o.settings.pagerCustom):(o.pagerEl=t('<div class=\"bx-pager\" />'),o.settings.pagerSelector?t(o.settings.pagerSelector).html(o.pagerEl):o.controls.el.addClass(\"bx-has-pager\").append(o.pagerEl),w()),o.pagerEl.on(\"click\",\"a\",I)},C=function(){o.controls.next=t('<a class=\"bx-next\" href=\"\">'+o.settings.nextText+\"</a>\"),o.controls.prev=t('<a class=\"bx-prev\" href=\"\">'+o.settings.prevText+\"</a>\"),o.controls.next.bind(\"click\",y),o.controls.prev.bind(\"click\",z),o.settings.nextSelector&&t(o.settings.nextSelector).append(o.controls.next),o.settings.prevSelector&&t(o.settings.prevSelector).append(o.controls.prev),o.settings.nextSelector||o.settings.prevSelector||(o.controls.directionEl=t('<div class=\"bx-controls-direction\" />'),o.controls.directionEl.append(o.controls.prev).append(o.controls.next),o.controls.el.addClass(\"bx-has-controls-direction\").append(o.controls.directionEl))},E=function(){o.controls.start=t('<div class=\"bx-controls-auto-item\"><a class=\"bx-start\" href=\"\">'+o.settings.startText+\"</a></div>\"),o.controls.stop=t('<div class=\"bx-controls-auto-item\"><a class=\"bx-stop\" href=\"\">'+o.settings.stopText+\"</a></div>\"),o.controls.autoEl=t('<div class=\"bx-controls-auto\" />'),o.controls.autoEl.on(\"click\",\".bx-start\",k),o.controls.autoEl.on(\"click\",\".bx-stop\",M),o.settings.autoControlsCombine?o.controls.autoEl.append(o.controls.start):o.controls.autoEl.append(o.controls.start).append(o.controls.stop),o.settings.autoControlsSelector?t(o.settings.autoControlsSelector).html(o.controls.autoEl):o.controls.el.addClass(\"bx-has-controls-auto\").append(o.controls.autoEl),A(o.settings.autoStart?\"stop\":\"start\")},P=function(){o.children.each(function(){var e=t(this).find(\"img:first\").attr(\"title\");void 0!=e&&(\"\"+e).length&&t(this).append('<div class=\"bx-caption\"><span>'+e+\"</span></div>\")})},y=function(t){o.settings.auto&&r.stopAuto(),r.goToNextSlide(),t.preventDefault()},z=function(t){o.settings.auto&&r.stopAuto(),r.goToPrevSlide(),t.preventDefault()},k=function(t){r.startAuto(),t.preventDefault()},M=function(t){r.stopAuto(),t.preventDefault()},I=function(e){o.settings.auto&&r.stopAuto();var i=t(e.currentTarget),s=parseInt(i.attr(\"data-slide-index\"));s!=o.active.index&&r.goToSlide(s),e.preventDefault()},q=function(e){var i=o.children.length;return\"short\"==o.settings.pagerType?(o.settings.maxSlides>1&&(i=Math.ceil(o.children.length/o.settings.maxSlides)),o.pagerEl.html(e+1+o.settings.pagerShortSeparator+i),void 0):(o.pagerEl.find(\"a\").removeClass(\"active\"),o.pagerEl.each(function(i,s){t(s).find(\"a\").eq(e).addClass(\"active\")}),void 0)},D=function(){if(o.settings.infiniteLoop){var t=\"\";0==o.active.index?t=o.children.eq(0).position():o.active.index==x()-1&&o.carousel?t=o.children.eq((x()-1)*m()).position():o.active.index==o.children.length-1&&(t=o.children.eq(o.children.length-1).position()),t&&(\"horizontal\"==o.settings.mode?b(-t.left,\"reset\",0):\"vertical\"==o.settings.mode&&b(-t.top,\"reset\",0))}o.working=!1,o.settings.onSlideAfter(o.children.eq(o.active.index),o.oldIndex,o.active.index)},A=function(t){o.settings.autoControlsCombine?o.controls.autoEl.html(o.controls[t]):(o.controls.autoEl.find(\"a\").removeClass(\"active\"),o.controls.autoEl.find(\"a:not(.bx-\"+t+\")\").addClass(\"active\"))},W=function(){1==x()?(o.controls.prev.addClass(\"disabled\"),o.controls.next.addClass(\"disabled\")):!o.settings.infiniteLoop&&o.settings.hideControlOnEnd&&(0==o.active.index?(o.controls.prev.addClass(\"disabled\"),o.controls.next.removeClass(\"disabled\")):o.active.index==x()-1?(o.controls.next.addClass(\"disabled\"),o.controls.prev.removeClass(\"disabled\")):(o.controls.prev.removeClass(\"disabled\"),o.controls.next.removeClass(\"disabled\")))},H=function(){o.settings.autoDelay>0?setTimeout(r.startAuto,o.settings.autoDelay):r.startAuto(),o.settings.autoHover&&r.hover(function(){o.interval&&(r.stopAuto(!0),o.autoPaused=!0)},function(){o.autoPaused&&(r.startAuto(!0),o.autoPaused=null)})},L=function(){var e=0;if(\"next\"==o.settings.autoDirection)r.append(o.children.clone().addClass(\"bx-clone\"));else{r.prepend(o.children.clone().addClass(\"bx-clone\"));var i=o.children.first().position();e=\"horizontal\"==o.settings.mode?-i.left:-i.top}b(e,\"reset\",0),o.settings.pager=!1,o.settings.controls=!1,o.settings.autoControls=!1,o.settings.tickerHover&&!o.usingCSS&&o.viewport.hover(function(){r.stop()},function(){var e=0;o.children.each(function(){e+=\"horizontal\"==o.settings.mode?t(this).outerWidth(!0):t(this).outerHeight(!0)});var i=o.settings.speed/e,s=\"horizontal\"==o.settings.mode?\"left\":\"top\",n=i*(e-Math.abs(parseInt(r.css(s))));N(n)}),N()},N=function(t){speed=t?t:o.settings.speed;var e={left:0,top:0},i={left:0,top:0};\"next\"==o.settings.autoDirection?e=r.find(\".bx-clone\").first().position():i=o.children.first().position();var s=\"horizontal\"==o.settings.mode?-e.left:-e.top,n=\"horizontal\"==o.settings.mode?-i.left:-i.top,a={resetValue:n};b(s,\"ticker\",speed,a)},O=function(){o.touch={start:{x:0,y:0},end:{x:0,y:0}},o.viewport.bind(\"touchstart\",X)},X=function(t){if(o.working)t.preventDefault();else{o.touch.originalPos=r.position();var e=t.originalEvent;o.touch.start.x=e.changedTouches[0].pageX,o.touch.start.y=e.changedTouches[0].pageY,o.viewport.bind(\"touchmove\",Y),o.viewport.bind(\"touchend\",V)}},Y=function(t){var e=t.originalEvent,i=Math.abs(e.changedTouches[0].pageX-o.touch.start.x),s=Math.abs(e.changedTouches[0].pageY-o.touch.start.y);if(3*i>s&&o.settings.preventDefaultSwipeX?t.preventDefault():3*s>i&&o.settings.preventDefaultSwipeY&&t.preventDefault(),\"fade\"!=o.settings.mode&&o.settings.oneToOneTouch){var n=0;if(\"horizontal\"==o.settings.mode){var r=e.changedTouches[0].pageX-o.touch.start.x;n=o.touch.originalPos.left+r}else{var r=e.changedTouches[0].pageY-o.touch.start.y;n=o.touch.originalPos.top+r}b(n,\"reset\",0)}},V=function(t){o.viewport.unbind(\"touchmove\",Y);var e=t.originalEvent,i=0;if(o.touch.end.x=e.changedTouches[0].pageX,o.touch.end.y=e.changedTouches[0].pageY,\"fade\"==o.settings.mode){var s=Math.abs(o.touch.start.x-o.touch.end.x);s>=o.settings.swipeThreshold&&(o.touch.start.x>o.touch.end.x?r.goToNextSlide():r.goToPrevSlide(),r.stopAuto())}else{var s=0;\"horizontal\"==o.settings.mode?(s=o.touch.end.x-o.touch.start.x,i=o.touch.originalPos.left):(s=o.touch.end.y-o.touch.start.y,i=o.touch.originalPos.top),!o.settings.infiniteLoop&&(0==o.active.index&&s>0||o.active.last&&0>s)?b(i,\"reset\",200):Math.abs(s)>=o.settings.swipeThreshold?(0>s?r.goToNextSlide():r.goToPrevSlide(),r.stopAuto()):b(i,\"reset\",200)}o.viewport.unbind(\"touchend\",V)},Z=function(){var e=t(window).width(),i=t(window).height();(a!=e||l!=i)&&(a=e,l=i,r.redrawSlider(),o.settings.onSliderResize.call(r,o.active.index))};return r.goToSlide=function(e,i){if(!o.working&&o.active.index!=e)if(o.working=!0,o.oldIndex=o.active.index,o.active.index=0>e?x()-1:e>=x()?0:e,o.settings.onSlideBefore(o.children.eq(o.active.index),o.oldIndex,o.active.index),\"next\"==i?o.settings.onSlideNext(o.children.eq(o.active.index),o.oldIndex,o.active.index):\"prev\"==i&&o.settings.onSlidePrev(o.children.eq(o.active.index),o.oldIndex,o.active.index),o.active.last=o.active.index>=x()-1,o.settings.pager&&q(o.active.index),o.settings.controls&&W(),\"fade\"==o.settings.mode)o.settings.adaptiveHeight&&o.viewport.height()!=v()&&o.viewport.animate({height:v()},o.settings.adaptiveHeightSpeed),o.children.filter(\":visible\").fadeOut(o.settings.speed).css({zIndex:0}),o.children.eq(o.active.index).css(\"zIndex\",o.settings.slideZIndex+1).fadeIn(o.settings.speed,function(){t(this).css(\"zIndex\",o.settings.slideZIndex),D()});else{o.settings.adaptiveHeight&&o.viewport.height()!=v()&&o.viewport.animate({height:v()},o.settings.adaptiveHeightSpeed);var s=0,n={left:0,top:0};if(!o.settings.infiniteLoop&&o.carousel&&o.active.last)if(\"horizontal\"==o.settings.mode){var a=o.children.eq(o.children.length-1);n=a.position(),s=o.viewport.width()-a.outerWidth()}else{var l=o.children.length-o.settings.minSlides;n=o.children.eq(l).position()}else if(o.carousel&&o.active.last&&\"prev\"==i){var d=1==o.settings.moveSlides?o.settings.maxSlides-m():(x()-1)*m()-(o.children.length-o.settings.maxSlides),a=r.children(\".bx-clone\").eq(d);n=a.position()}else if(\"next\"==i&&0==o.active.index)n=r.find(\"> .bx-clone\").eq(o.settings.maxSlides).position(),o.active.last=!1;else if(e>=0){var c=e*m();n=o.children.eq(c).position()}if(\"undefined\"!=typeof n){var g=\"horizontal\"==o.settings.mode?-(n.left-s):-n.top;b(g,\"slide\",o.settings.speed)}}},r.goToNextSlide=function(){if(o.settings.infiniteLoop||!o.active.last){var t=parseInt(o.active.index)+1;r.goToSlide(t,\"next\")}},r.goToPrevSlide=function(){if(o.settings.infiniteLoop||0!=o.active.index){var t=parseInt(o.active.index)-1;r.goToSlide(t,\"prev\")}},r.startAuto=function(t){o.interval||(o.interval=setInterval(function(){\"next\"==o.settings.autoDirection?r.goToNextSlide():r.goToPrevSlide()},o.settings.pause),o.settings.autoControls&&1!=t&&A(\"stop\"))},r.stopAuto=function(t){o.interval&&(clearInterval(o.interval),o.interval=null,o.settings.autoControls&&1!=t&&A(\"start\"))},r.getCurrentSlide=function(){return o.active.index},r.getCurrentSlideElement=function(){return o.children.eq(o.active.index)},r.getSlideCount=function(){return o.children.length},r.redrawSlider=function(){o.children.add(r.find(\".bx-clone\")).outerWidth(u()),o.viewport.css(\"height\",v()),o.settings.ticker||S(),o.active.last&&(o.active.index=x()-1),o.active.index>=x()&&(o.active.last=!0),o.settings.pager&&!o.settings.pagerCustom&&(w(),q(o.active.index))},r.destroySlider=function(){o.initialized&&(o.initialized=!1,t(\".bx-clone\",this).remove(),o.children.each(function(){void 0!=t(this).data(\"origStyle\")?t(this).attr(\"style\",t(this).data(\"origStyle\")):t(this).removeAttr(\"style\")}),void 0!=t(this).data(\"origStyle\")?this.attr(\"style\",t(this).data(\"origStyle\")):t(this).removeAttr(\"style\"),t(this).unwrap().unwrap(),o.controls.el&&o.controls.el.remove(),o.controls.next&&o.controls.next.remove(),o.controls.prev&&o.controls.prev.remove(),o.pagerEl&&o.settings.controls&&o.pagerEl.remove(),t(\".bx-caption\",this).remove(),o.controls.autoEl&&o.controls.autoEl.remove(),clearInterval(o.interval),o.settings.responsive&&t(window).unbind(\"resize\",Z))},r.reloadSlider=function(t){void 0!=t&&(n=t),r.destroySlider(),d()},d(),this}}(jQuery);"]},"hash":"8ac7469390a4bd868456efa9bc6026c7221ad6a2"}
