{"metadata":{"usedHelpers":[],"marked":[],"modules":{"imports":[],"exports":{"exported":[],"specifiers":[]}}},"options":{"filename":"/client/lib/compatibility/slicklab/js/select2-init.js","filenameRelative":"/client/lib/compatibility/slicklab/js/select2-init.js","env":{},"retainLines":false,"highlightCode":true,"suppressDeprecationMessages":false,"presets":[],"plugins":[[[],null],[[],null],[[],null],[[],null],[[],null],[[],null],[[],null],[[],{"polyfill":false}],[[],null],[[],null],[[],null],[[],null],[[],null],[[],null],[[],null],[[],null],[[],{"loose":true}],[[],{"loose":true}],[[],null],[[],{"loose":true}],[[],null],[[],null],[[],{"allowTopLevelThis":true,"strict":false,"loose":true}],[[],null],[[],null],[[],null],[[],null],[[],null],[[],{"loose":true}],[[],null],[[],null],[[],null],[[],null],[[],null],[[],null],[[],null],[[],null]],"ignore":[],"code":true,"metadata":true,"ast":false,"comments":true,"compact":false,"minified":false,"sourceMap":true,"sourceMaps":true,"sourceMapTarget":"/client/lib/compatibility/slicklab/js/select2-init.js.map","sourceFileName":"/client/lib/compatibility/slicklab/js/select2-init.js","babelrc":false,"sourceType":"module","moduleIds":false,"passPerPreset":false,"basename":"select2-init"},"ignored":false,"code":"/**\n * Created by mosaddek on 3/9/15.\n */\n\n// Select2\n\nfunction format(state) {\n    if (!state.id) return state.text; // optgroup\n    return \"<img class='flag' src='img/flags/\" + state.id.toLowerCase() + \".png'/>\" + state.text;\n}\n//        if ($.fn.select2) {\nvar placeholder = \"Select a State\";\n$('.select2, .select2-multiple').select2({\n    placeholder: placeholder\n});\n$(\"#e4\").select2({\n    formatResult: format,\n    formatSelection: format,\n    escapeMarkup: function () {\n        function escapeMarkup(m) {\n            return m;\n        }\n\n        return escapeMarkup;\n    }()\n});\n$('.select2-allow-clear').select2({\n    allowClear: true,\n    placeholder: placeholder\n});\n$('button[data-select2-open]').click(function () {\n    $('#' + $(this).data('select2-open')).select2('open');\n});\nvar select2OpenEventName = \"select2-open\";\n$(':checkbox').on(\"click\", function () {\n    $(this).parent().nextAll('select').select2(\"enable\", this.checked);\n});","ast":null,"map":{"version":3,"sources":["/client/lib/compatibility/slicklab/js/select2-init.js"],"names":[],"mappings":";;;;;;AAMA,SAAS,MAAT,CAAgB,KAAhB,EAAuB;AACnB,QAAI,CAAC,MAAM,EAAN,EAAU,OAAO,MAAM,IAAN,CAAtB;AADmB,WAEZ,sCAAsC,MAAM,EAAN,CAAS,WAAT,EAAtC,GAA+D,SAA/D,GAA2E,MAAM,IAAN,CAF/D;CAAvB;;AAKA,IAAI,cAAc,gBAAd;AACJ,EAAE,6BAAF,EAAiC,OAAjC,CAAyC;AACrC,iBAAa,WAAb;CADJ;AAGA,EAAE,KAAF,EAAS,OAAT,CAAiB;AACb,kBAAc,MAAd;AACA,qBAAiB,MAAjB;AACA;AAAc,8BAAS,CAAT,EAAY;AACtB,mBAAO,CAAP,CADsB;SAAZ;;;OAAd;CAHJ;AAOA,EAAE,sBAAF,EAA0B,OAA1B,CAAkC;AAC9B,gBAAY,IAAZ;AACA,iBAAa,WAAb;CAFJ;AAIA,EAAE,2BAAF,EAA+B,KAA/B,CAAqC,YAAW;AAC5C,MAAE,MAAM,EAAE,IAAF,EAAQ,IAAR,CAAa,cAAb,CAAN,CAAF,CAAsC,OAAtC,CAA8C,MAA9C,EAD4C;CAAX,CAArC;AAGA,IAAI,uBAAuB,cAAvB;AACJ,EAAE,WAAF,EAAe,EAAf,CAAkB,OAAlB,EAA2B,YAAW;AAClC,MAAE,IAAF,EAAQ,MAAR,GAAiB,OAAjB,CAAyB,QAAzB,EAAmC,OAAnC,CAA2C,QAA3C,EAAqD,KAAK,OAAL,CAArD,CADkC;CAAX,CAA3B","file":"/client/lib/compatibility/slicklab/js/select2-init.js.map","sourcesContent":["/**\n * Created by mosaddek on 3/9/15.\n */\n\n// Select2\n\nfunction format(state) {\n    if (!state.id) return state.text; // optgroup\n    return \"<img class='flag' src='img/flags/\" + state.id.toLowerCase() + \".png'/>\" + state.text;\n}\n//        if ($.fn.select2) {\nvar placeholder = \"Select a State\";\n$('.select2, .select2-multiple').select2({\n    placeholder: placeholder\n});\n$(\"#e4\").select2({\n    formatResult: format,\n    formatSelection: format,\n    escapeMarkup: function(m) {\n        return m;\n    }\n});\n$('.select2-allow-clear').select2({\n    allowClear: true,\n    placeholder: placeholder\n});\n$('button[data-select2-open]').click(function() {\n    $('#' + $(this).data('select2-open')).select2('open');\n});\nvar select2OpenEventName = \"select2-open\";\n$(':checkbox').on(\"click\", function() {\n    $(this).parent().nextAll('select').select2(\"enable\", this.checked);\n});\n\n"]},"hash":"91575433caf4d27ebc05a16f166f323d30372028"}
