{"metadata":{"usedHelpers":[],"marked":[],"modules":{"imports":[],"exports":{"exported":[],"specifiers":[]}}},"options":{"filename":"/client/lib/compatibility/slicklab/js/easy-pie-chart.js","filenameRelative":"/client/lib/compatibility/slicklab/js/easy-pie-chart.js","env":{},"retainLines":false,"highlightCode":true,"suppressDeprecationMessages":false,"presets":[],"plugins":[[[],null],[[],null],[[],null],[[],null],[[],null],[[],null],[[],null],[[],{"polyfill":false}],[[],null],[[],null],[[],null],[[],null],[[],null],[[],null],[[],null],[[],null],[[],{"loose":true}],[[],{"loose":true}],[[],null],[[],{"loose":true}],[[],null],[[],null],[[],{"allowTopLevelThis":true,"strict":false,"loose":true}],[[],null],[[],null],[[],null],[[],null],[[],null],[[],{"loose":true}],[[],null],[[],null],[[],null],[[],null],[[],null],[[],null],[[],null],[[],null]],"ignore":[],"code":true,"metadata":true,"ast":false,"comments":true,"compact":false,"minified":false,"sourceMap":true,"sourceMaps":true,"sourceMapTarget":"/client/lib/compatibility/slicklab/js/easy-pie-chart.js.map","sourceFileName":"/client/lib/compatibility/slicklab/js/easy-pie-chart.js","babelrc":false,"sourceType":"module","moduleIds":false,"passPerPreset":false,"basename":"easy-pie-chart"},"ignored":false,"code":"var Script = function () {\n\n    // easy pie chart\n\n    $('.iphone-visitor').easyPieChart({\n        animate: 1000,\n        size: 90,\n        barColor: '#43c584'\n    });\n\n    $('.android-visitor').easyPieChart({\n        animate: 1000,\n        size: 90,\n        barColor: '#a979d1'\n    });\n\n    $('.todo').easyPieChart({\n        animate: 1000,\n        size: 130,\n        barColor: '#a979d1'\n    });\n\n    $('.percentage-light').easyPieChart({\n        barColor: function () {\n            function barColor(percent) {\n                percent /= 100;\n                return \"rgb(\" + Math.round(255 * (1 - percent)) + \", \" + Math.round(255 * percent) + \", 0)\";\n            }\n\n            return barColor;\n        }(),\n        trackColor: '#eeeeee',\n        barColor: '#90d7ed',\n        scaleColor: false,\n        lineCap: 'butt',\n        lineWidth: 15,\n        animate: 1000,\n        size: 150\n    });\n\n    $('.update-easy-pie-chart').click(function () {\n        $('.easy-pie-chart .percentage').each(function () {\n            var newValue = Math.floor(100 * Math.random());\n            $(this).data('easyPieChart').update(newValue);\n            $('span', this).text(newValue);\n        });\n    });\n\n    $('.updateEasyPieChart').on('click', function (e) {\n        e.preventDefault();\n        $('.percentage, .percentage-light').each(function () {\n            var newValue = Math.round(100 * Math.random());\n            $(this).data('easyPieChart').update(newValue);\n            $('span', this).text(newValue);\n        });\n    });\n}();","ast":null,"map":{"version":3,"sources":["/client/lib/compatibility/slicklab/js/easy-pie-chart.js"],"names":[],"mappings":"AAAA,IAAI,SAAS,YAAY;;;;AAIrB,MAAE,iBAAF,EAAqB,YAArB,CAAkC;AAC9B,iBAAS,IAAT;AACA,cAAM,EAAN;AACA,kBAAS,SAAT;KAHJ,EAJqB;;AAUrB,MAAE,kBAAF,EAAsB,YAAtB,CAAmC;AAC/B,iBAAS,IAAT;AACA,cAAM,EAAN;AACA,kBAAS,SAAT;KAHJ,EAVqB;;AAgBrB,MAAE,OAAF,EAAW,YAAX,CAAwB;AACpB,iBAAS,IAAT;AACA,cAAM,GAAN;AACA,kBAAS,SAAT;KAHJ,EAhBqB;;AAsBrB,MAAE,mBAAF,EAAuB,YAAvB,CAAoC;AAChC;AAAU,8BAAS,OAAT,EAAkB;AACxB,2BAAW,GAAX,CADwB;AAExB,uBAAO,SAAS,KAAK,KAAL,CAAW,OAAO,IAAE,OAAF,CAAP,CAApB,GAAyC,IAAzC,GAAgD,KAAK,KAAL,CAAW,MAAM,OAAN,CAA3D,GAA4E,MAA5E,CAFiB;aAAlB;;;WAAV;AAIA,oBAAY,SAAZ;AACA,kBAAS,SAAT;AACA,oBAAY,KAAZ;AACA,iBAAS,MAAT;AACA,mBAAW,EAAX;AACA,iBAAS,IAAT;AACA,cAAM,GAAN;KAXJ,EAtBqB;;AAoCrB,MAAE,wBAAF,EAA4B,KAA5B,CAAkC,YAAU;AACxC,UAAE,6BAAF,EAAiC,IAAjC,CAAsC,YAAW;AAC7C,gBAAI,WAAW,KAAK,KAAL,CAAW,MAAI,KAAK,MAAL,EAAJ,CAAtB,CADyC;AAE7C,cAAE,IAAF,EAAQ,IAAR,CAAa,cAAb,EAA6B,MAA7B,CAAoC,QAApC,EAF6C;AAG7C,cAAE,MAAF,EAAU,IAAV,EAAgB,IAAhB,CAAqB,QAArB,EAH6C;SAAX,CAAtC,CADwC;KAAV,CAAlC,CApCqB;;AA4CrB,MAAE,qBAAF,EAAyB,EAAzB,CAA4B,OAA5B,EAAqC,UAAS,CAAT,EAAY;AAC7C,UAAE,cAAF,GAD6C;AAE7C,UAAE,gCAAF,EAAoC,IAApC,CAAyC,YAAW;AAChD,gBAAI,WAAW,KAAK,KAAL,CAAW,MAAI,KAAK,MAAL,EAAJ,CAAtB,CAD4C;AAEhD,cAAE,IAAF,EAAQ,IAAR,CAAa,cAAb,EAA6B,MAA7B,CAAoC,QAApC,EAFgD;AAGhD,cAAE,MAAF,EAAU,IAAV,EAAgB,IAAhB,CAAqB,QAArB,EAHgD;SAAX,CAAzC,CAF6C;KAAZ,CAArC,CA5CqB;CAAZ,EAAT","file":"/client/lib/compatibility/slicklab/js/easy-pie-chart.js.map","sourcesContent":["var Script = function () {\r\n\r\n// easy pie chart\r\n\r\n    $('.iphone-visitor').easyPieChart({\r\n        animate: 1000,\r\n        size: 90,\r\n        barColor:'#43c584'\r\n    });\r\n\r\n    $('.android-visitor').easyPieChart({\r\n        animate: 1000,\r\n        size: 90,\r\n        barColor:'#a979d1'\r\n    });\r\n\r\n    $('.todo').easyPieChart({\r\n        animate: 1000,\r\n        size: 130,\r\n        barColor:'#a979d1'\r\n    });\r\n\r\n    $('.percentage-light').easyPieChart({\r\n        barColor: function(percent) {\r\n            percent /= 100;\r\n            return \"rgb(\" + Math.round(255 * (1-percent)) + \", \" + Math.round(255 * percent) + \", 0)\";\r\n        },\r\n        trackColor: '#eeeeee',\r\n        barColor:'#90d7ed',\r\n        scaleColor: false,\r\n        lineCap: 'butt',\r\n        lineWidth: 15,\r\n        animate: 1000,\r\n        size: 150\r\n    });\r\n\r\n    $('.update-easy-pie-chart').click(function(){\r\n        $('.easy-pie-chart .percentage').each(function() {\r\n            var newValue = Math.floor(100*Math.random());\r\n            $(this).data('easyPieChart').update(newValue);\r\n            $('span', this).text(newValue);\r\n        });\r\n    });\r\n\r\n    $('.updateEasyPieChart').on('click', function(e) {\r\n        e.preventDefault();\r\n        $('.percentage, .percentage-light').each(function() {\r\n            var newValue = Math.round(100*Math.random());\r\n            $(this).data('easyPieChart').update(newValue);\r\n            $('span', this).text(newValue);\r\n        });\r\n    });\r\n\r\n}();"]},"hash":"92be9920a12b393813987976d701e917d4fcf6bd"}
