{"metadata":{"usedHelpers":[],"marked":[],"modules":{"imports":[],"exports":{"exported":[],"specifiers":[]}}},"options":{"filename":"/client/lib/compatibility/slicklab/js/jquery-easy-pie-chart/jquery.easy-pie-chart.js","filenameRelative":"/client/lib/compatibility/slicklab/js/jquery-easy-pie-chart/jquery.easy-pie-chart.js","env":{},"retainLines":false,"highlightCode":true,"suppressDeprecationMessages":false,"presets":[],"plugins":[[[],null],[[],null],[[],null],[[],null],[[],null],[[],null],[[],null],[[],{"polyfill":false}],[[],null],[[],null],[[],null],[[],null],[[],null],[[],null],[[],null],[[],null],[[],{"loose":true}],[[],{"loose":true}],[[],null],[[],{"loose":true}],[[],null],[[],null],[[],{"allowTopLevelThis":true,"strict":false,"loose":true}],[[],null],[[],null],[[],null],[[],null],[[],null],[[],{"loose":true}],[[],null],[[],null],[[],null],[[],null],[[],null],[[],null],[[],null],[[],null]],"ignore":[],"code":true,"metadata":true,"ast":false,"comments":true,"compact":false,"minified":false,"sourceMap":true,"sourceMaps":true,"sourceMapTarget":"/client/lib/compatibility/slicklab/js/jquery-easy-pie-chart/jquery.easy-pie-chart.js.map","sourceFileName":"/client/lib/compatibility/slicklab/js/jquery-easy-pie-chart/jquery.easy-pie-chart.js","babelrc":false,"sourceType":"module","moduleIds":false,"passPerPreset":false,"basename":"jquery.easy-pie-chart"},"ignored":false,"code":"// Generated by CoffeeScript 1.4.0\n\n/*\nEasy pie chart is a jquery plugin to display simple animated pie charts for only one value\n\nDual licensed under the MIT (http://www.opensource.org/licenses/mit-license.php)\nand GPL (http://www.opensource.org/licenses/gpl-license.php) licenses.\n\nBuilt on top of the jQuery library (http://jquery.com)\n\n@source: http://github.com/rendro/easy-pie-chart/\n@autor: Robert Fleischmann\n@version: 1.0.1\n\nInspired by: http://dribbble.com/shots/631074-Simple-Pie-Charts-II?list=popular&offset=210\nThanks to Philip Thrasher for the jquery plugin boilerplate for coffee script\n*/\n\n(function () {\n\n  (function ($) {\n    $.easyPieChart = function (el, options) {\n      var addScaleLine,\n          animateLine,\n          drawLine,\n          easeInOutQuad,\n          renderBackground,\n          renderScale,\n          renderTrack,\n          _this = this;\n      this.el = el;\n      this.$el = $(el);\n      this.$el.data(\"easyPieChart\", this);\n      this.init = function () {\n        var percent;\n        _this.options = $.extend({}, $.easyPieChart.defaultOptions, options);\n        percent = parseInt(_this.$el.data('percent'), 10);\n        _this.percentage = 0;\n        _this.canvas = $(\"<canvas width='\" + _this.options.size + \"' height='\" + _this.options.size + \"'></canvas>\").get(0);\n        _this.$el.append(_this.canvas);\n        if (typeof G_vmlCanvasManager !== \"undefined\" && G_vmlCanvasManager !== null) {\n          G_vmlCanvasManager.initElement(_this.canvas);\n        }\n        _this.ctx = _this.canvas.getContext('2d');\n        if (window.devicePixelRatio > 1.5) {\n          $(_this.canvas).css({\n            width: _this.options.size,\n            height: _this.options.size\n          });\n          _this.canvas.width *= 2;\n          _this.canvas.height *= 2;\n          _this.ctx.scale(2, 2);\n        }\n        _this.ctx.translate(_this.options.size / 2, _this.options.size / 2);\n        _this.$el.addClass('easyPieChart');\n        _this.$el.css({\n          width: _this.options.size,\n          height: _this.options.size,\n          lineHeight: \"\" + _this.options.size + \"px\"\n        });\n        _this.update(percent);\n        return _this;\n      };\n      this.update = function (percent) {\n        if (_this.options.animate === false) {\n          return drawLine(percent);\n        } else {\n          return animateLine(_this.percentage, percent);\n        }\n      };\n      renderScale = function renderScale() {\n        var i, _i, _results;\n        _this.ctx.fillStyle = _this.options.scaleColor;\n        _this.ctx.lineWidth = 1;\n        _results = [];\n        for (i = _i = 0; _i <= 24; i = ++_i) {\n          _results.push(addScaleLine(i));\n        }\n        return _results;\n      };\n      addScaleLine = function addScaleLine(i) {\n        var offset;\n        offset = i % 6 === 0 ? 0 : _this.options.size * 0.017;\n        _this.ctx.save();\n        _this.ctx.rotate(i * Math.PI / 12);\n        _this.ctx.fillRect(_this.options.size / 2 - offset, 0, -_this.options.size * 0.05 + offset, 1);\n        return _this.ctx.restore();\n      };\n      renderTrack = function renderTrack() {\n        var offset;\n        offset = _this.options.size / 2 - _this.options.lineWidth / 2;\n        if (_this.options.scaleColor !== false) {\n          offset -= _this.options.size * 0.08;\n        }\n        _this.ctx.beginPath();\n        _this.ctx.arc(0, 0, offset, 0, Math.PI * 2, true);\n        _this.ctx.closePath();\n        _this.ctx.strokeStyle = _this.options.trackColor;\n        _this.ctx.lineWidth = _this.options.lineWidth;\n        return _this.ctx.stroke();\n      };\n      renderBackground = function renderBackground() {\n        if (_this.options.scaleColor !== false) {\n          renderScale();\n        }\n        if (_this.options.trackColor !== false) {\n          return renderTrack();\n        }\n      };\n      drawLine = function drawLine(percent) {\n        var offset;\n        renderBackground();\n        _this.ctx.strokeStyle = $.isFunction(_this.options.barColor) ? _this.options.barColor(percent) : _this.options.barColor;\n        _this.ctx.lineCap = _this.options.lineCap;\n        _this.ctx.lineWidth = _this.options.lineWidth;\n        offset = _this.options.size / 2 - _this.options.lineWidth / 2;\n        if (_this.options.scaleColor !== false) {\n          offset -= _this.options.size * 0.08;\n        }\n        _this.ctx.save();\n        _this.ctx.rotate(-Math.PI / 2);\n        _this.ctx.beginPath();\n        _this.ctx.arc(0, 0, offset, 0, Math.PI * 2 * percent / 100, false);\n        _this.ctx.stroke();\n        return _this.ctx.restore();\n      };\n      animateLine = function animateLine(from, to) {\n        var currentStep, fps, steps;\n        fps = 30;\n        steps = fps * _this.options.animate / 1000;\n        currentStep = 0;\n        _this.options.onStart.call(_this);\n        _this.percentage = to;\n        if (_this.animation) {\n          clearInterval(_this.animation);\n          _this.animation = false;\n        }\n        return _this.animation = setInterval(function () {\n          _this.ctx.clearRect(-_this.options.size / 2, -_this.options.size / 2, _this.options.size, _this.options.size);\n          renderBackground.call(_this);\n          drawLine.call(_this, [easeInOutQuad(currentStep, from, to - from, steps)]);\n          currentStep++;\n          if (currentStep / steps > 1) {\n            clearInterval(_this.animation);\n            _this.animation = false;\n            return _this.options.onStop.call(_this);\n          }\n        }, 1000 / fps);\n      };\n      easeInOutQuad = function easeInOutQuad(t, b, c, d) {\n        var easeIn, easing;\n        easeIn = function easeIn(t) {\n          return Math.pow(t, 2);\n        };\n        easing = function easing(t) {\n          if (t < 1) {\n            return easeIn(t);\n          } else {\n            return 2 - easeIn(t / 2 * -2 + 2);\n          }\n        };\n        t /= d / 2;\n        return c / 2 * easing(t) + b;\n      };\n      return this.init();\n    };\n    $.easyPieChart.defaultOptions = {\n      barColor: '#ef1e25',\n      trackColor: '#f2f2f2',\n      scaleColor: '#dfe0e0',\n      lineCap: 'round',\n      size: 110,\n      lineWidth: 3,\n      animate: false,\n      onStart: $.noop,\n      onStop: $.noop\n    };\n    $.fn.easyPieChart = function (options) {\n      return $.each(this, function (i, el) {\n        var $el;\n        $el = $(el);\n        if (!$el.data('easyPieChart')) {\n          return $el.data('easyPieChart', new $.easyPieChart(el, options));\n        }\n      });\n    };\n    return void 0;\n  })(jQuery);\n}).call(this);","ast":null,"map":{"version":3,"sources":["/client/lib/compatibility/slicklab/js/jquery-easy-pie-chart/jquery.easy-pie-chart.js"],"names":[],"mappings":";;;;;;;;;;;;;;;;;;AAmBA,CAAC,YAAW;;AAEV,GAAC,UAAS,CAAT,EAAY;AACX,MAAE,YAAF,GAAiB,UAAS,EAAT,EAAa,OAAb,EAAsB;AACrC,UAAI,YAAJ;UAAkB,WAAlB;UAA+B,QAA/B;UAAyC,aAAzC;UAAwD,gBAAxD;UAA0E,WAA1E;UAAuF,WAAvF;UACE,QAAQ,IAAR,CAFmC;AAGrC,WAAK,EAAL,GAAU,EAAV,CAHqC;AAIrC,WAAK,GAAL,GAAW,EAAE,EAAF,CAAX,CAJqC;AAKrC,WAAK,GAAL,CAAS,IAAT,CAAc,cAAd,EAA8B,IAA9B,EALqC;AAMrC,WAAK,IAAL,GAAY,YAAW;AACrB,YAAI,OAAJ,CADqB;AAErB,cAAM,OAAN,GAAgB,EAAE,MAAF,CAAS,EAAT,EAAa,EAAE,YAAF,CAAe,cAAf,EAA+B,OAA5C,CAAhB,CAFqB;AAGrB,kBAAU,SAAS,MAAM,GAAN,CAAU,IAAV,CAAe,SAAf,CAAT,EAAoC,EAApC,CAAV,CAHqB;AAIrB,cAAM,UAAN,GAAmB,CAAnB,CAJqB;AAKrB,cAAM,MAAN,GAAe,EAAE,oBAAoB,MAAM,OAAN,CAAc,IAAd,GAAqB,YAAzC,GAAwD,MAAM,OAAN,CAAc,IAAd,GAAqB,aAA7E,CAAF,CAA8F,GAA9F,CAAkG,CAAlG,CAAf,CALqB;AAMrB,cAAM,GAAN,CAAU,MAAV,CAAiB,MAAM,MAAN,CAAjB,CANqB;AAOrB,YAAI,OAAO,kBAAP,KAA8B,WAA9B,IAA6C,uBAAuB,IAAvB,EAA6B;AAC5E,6BAAmB,WAAnB,CAA+B,MAAM,MAAN,CAA/B,CAD4E;SAA9E;AAGA,cAAM,GAAN,GAAY,MAAM,MAAN,CAAa,UAAb,CAAwB,IAAxB,CAAZ,CAVqB;AAWrB,YAAI,OAAO,gBAAP,GAA0B,GAA1B,EAA+B;AACjC,YAAE,MAAM,MAAN,CAAF,CAAgB,GAAhB,CAAoB;AAClB,mBAAO,MAAM,OAAN,CAAc,IAAd;AACP,oBAAQ,MAAM,OAAN,CAAc,IAAd;WAFV,EADiC;AAKjC,gBAAM,MAAN,CAAa,KAAb,IAAsB,CAAtB,CALiC;AAMjC,gBAAM,MAAN,CAAa,MAAb,IAAuB,CAAvB,CANiC;AAOjC,gBAAM,GAAN,CAAU,KAAV,CAAgB,CAAhB,EAAmB,CAAnB,EAPiC;SAAnC;AASA,cAAM,GAAN,CAAU,SAAV,CAAoB,MAAM,OAAN,CAAc,IAAd,GAAqB,CAArB,EAAwB,MAAM,OAAN,CAAc,IAAd,GAAqB,CAArB,CAA5C,CApBqB;AAqBrB,cAAM,GAAN,CAAU,QAAV,CAAmB,cAAnB,EArBqB;AAsBrB,cAAM,GAAN,CAAU,GAAV,CAAc;AACZ,iBAAO,MAAM,OAAN,CAAc,IAAd;AACP,kBAAQ,MAAM,OAAN,CAAc,IAAd;AACR,sBAAY,KAAK,MAAM,OAAN,CAAc,IAAd,GAAqB,IAA1B;SAHd,EAtBqB;AA2BrB,cAAM,MAAN,CAAa,OAAb,EA3BqB;AA4BrB,eAAO,KAAP,CA5BqB;OAAX,CANyB;AAoCrC,WAAK,MAAL,GAAc,UAAS,OAAT,EAAkB;AAC9B,YAAI,MAAM,OAAN,CAAc,OAAd,KAA0B,KAA1B,EAAiC;AACnC,iBAAO,SAAS,OAAT,CAAP,CADmC;SAArC,MAEO;AACL,iBAAO,YAAY,MAAM,UAAN,EAAkB,OAA9B,CAAP,CADK;SAFP;OADY,CApCuB;AA2CrC,oBAAc,uBAAW;AACvB,YAAI,CAAJ,EAAO,EAAP,EAAW,QAAX,CADuB;AAEvB,cAAM,GAAN,CAAU,SAAV,GAAsB,MAAM,OAAN,CAAc,UAAd,CAFC;AAGvB,cAAM,GAAN,CAAU,SAAV,GAAsB,CAAtB,CAHuB;AAIvB,mBAAW,EAAX,CAJuB;AAKvB,aAAK,IAAI,KAAK,CAAL,EAAQ,MAAM,EAAN,EAAU,IAAI,EAAE,EAAF,EAAM;AACnC,mBAAS,IAAT,CAAc,aAAa,CAAb,CAAd,EADmC;SAArC;AAGA,eAAO,QAAP,CARuB;OAAX,CA3CuB;AAqDrC,qBAAe,sBAAS,CAAT,EAAY;AACzB,YAAI,MAAJ,CADyB;AAEzB,iBAAS,IAAI,CAAJ,KAAU,CAAV,GAAc,CAAd,GAAkB,MAAM,OAAN,CAAc,IAAd,GAAqB,KAArB,CAFF;AAGzB,cAAM,GAAN,CAAU,IAAV,GAHyB;AAIzB,cAAM,GAAN,CAAU,MAAV,CAAiB,IAAI,KAAK,EAAL,GAAU,EAAd,CAAjB,CAJyB;AAKzB,cAAM,GAAN,CAAU,QAAV,CAAmB,MAAM,OAAN,CAAc,IAAd,GAAqB,CAArB,GAAyB,MAAzB,EAAiC,CAApD,EAAuD,CAAC,MAAM,OAAN,CAAc,IAAd,GAAqB,IAAtB,GAA6B,MAA7B,EAAqC,CAA5F,EALyB;AAMzB,eAAO,MAAM,GAAN,CAAU,OAAV,EAAP,CANyB;OAAZ,CArDsB;AA6DrC,oBAAc,uBAAW;AACvB,YAAI,MAAJ,CADuB;AAEvB,iBAAS,MAAM,OAAN,CAAc,IAAd,GAAqB,CAArB,GAAyB,MAAM,OAAN,CAAc,SAAd,GAA0B,CAA1B,CAFX;AAGvB,YAAI,MAAM,OAAN,CAAc,UAAd,KAA6B,KAA7B,EAAoC;AACtC,oBAAU,MAAM,OAAN,CAAc,IAAd,GAAqB,IAArB,CAD4B;SAAxC;AAGA,cAAM,GAAN,CAAU,SAAV,GANuB;AAOvB,cAAM,GAAN,CAAU,GAAV,CAAc,CAAd,EAAiB,CAAjB,EAAoB,MAApB,EAA4B,CAA5B,EAA+B,KAAK,EAAL,GAAU,CAAV,EAAa,IAA5C,EAPuB;AAQvB,cAAM,GAAN,CAAU,SAAV,GARuB;AASvB,cAAM,GAAN,CAAU,WAAV,GAAwB,MAAM,OAAN,CAAc,UAAd,CATD;AAUvB,cAAM,GAAN,CAAU,SAAV,GAAsB,MAAM,OAAN,CAAc,SAAd,CAVC;AAWvB,eAAO,MAAM,GAAN,CAAU,MAAV,EAAP,CAXuB;OAAX,CA7DuB;AA0ErC,yBAAmB,4BAAW;AAC5B,YAAI,MAAM,OAAN,CAAc,UAAd,KAA6B,KAA7B,EAAoC;AACtC,wBADsC;SAAxC;AAGA,YAAI,MAAM,OAAN,CAAc,UAAd,KAA6B,KAA7B,EAAoC;AACtC,iBAAO,aAAP,CADsC;SAAxC;OAJiB,CA1EkB;AAkFrC,iBAAW,kBAAS,OAAT,EAAkB;AAC3B,YAAI,MAAJ,CAD2B;AAE3B,2BAF2B;AAG3B,cAAM,GAAN,CAAU,WAAV,GAAwB,EAAE,UAAF,CAAa,MAAM,OAAN,CAAc,QAAd,CAAb,GAAuC,MAAM,OAAN,CAAc,QAAd,CAAuB,OAAvB,CAAvC,GAAyE,MAAM,OAAN,CAAc,QAAd,CAHtE;AAI3B,cAAM,GAAN,CAAU,OAAV,GAAoB,MAAM,OAAN,CAAc,OAAd,CAJO;AAK3B,cAAM,GAAN,CAAU,SAAV,GAAsB,MAAM,OAAN,CAAc,SAAd,CALK;AAM3B,iBAAS,MAAM,OAAN,CAAc,IAAd,GAAqB,CAArB,GAAyB,MAAM,OAAN,CAAc,SAAd,GAA0B,CAA1B,CANP;AAO3B,YAAI,MAAM,OAAN,CAAc,UAAd,KAA6B,KAA7B,EAAoC;AACtC,oBAAU,MAAM,OAAN,CAAc,IAAd,GAAqB,IAArB,CAD4B;SAAxC;AAGA,cAAM,GAAN,CAAU,IAAV,GAV2B;AAW3B,cAAM,GAAN,CAAU,MAAV,CAAiB,CAAC,KAAK,EAAL,GAAU,CAAX,CAAjB,CAX2B;AAY3B,cAAM,GAAN,CAAU,SAAV,GAZ2B;AAa3B,cAAM,GAAN,CAAU,GAAV,CAAc,CAAd,EAAiB,CAAjB,EAAoB,MAApB,EAA4B,CAA5B,EAA+B,KAAK,EAAL,GAAU,CAAV,GAAc,OAAd,GAAwB,GAAxB,EAA6B,KAA5D,EAb2B;AAc3B,cAAM,GAAN,CAAU,MAAV,GAd2B;AAe3B,eAAO,MAAM,GAAN,CAAU,OAAV,EAAP,CAf2B;OAAlB,CAlF0B;AAmGrC,oBAAc,qBAAS,IAAT,EAAe,EAAf,EAAmB;AAC/B,YAAI,WAAJ,EAAiB,GAAjB,EAAsB,KAAtB,CAD+B;AAE/B,cAAM,EAAN,CAF+B;AAG/B,gBAAQ,MAAM,MAAM,OAAN,CAAc,OAAd,GAAwB,IAA9B,CAHuB;AAI/B,sBAAc,CAAd,CAJ+B;AAK/B,cAAM,OAAN,CAAc,OAAd,CAAsB,IAAtB,CAA2B,KAA3B,EAL+B;AAM/B,cAAM,UAAN,GAAmB,EAAnB,CAN+B;AAO/B,YAAI,MAAM,SAAN,EAAiB;AACnB,wBAAc,MAAM,SAAN,CAAd,CADmB;AAEnB,gBAAM,SAAN,GAAkB,KAAlB,CAFmB;SAArB;AAIA,eAAO,MAAM,SAAN,GAAkB,YAAY,YAAW;AAC9C,gBAAM,GAAN,CAAU,SAAV,CAAoB,CAAC,MAAM,OAAN,CAAc,IAAd,GAAqB,CAAtB,EAAyB,CAAC,MAAM,OAAN,CAAc,IAAd,GAAqB,CAAtB,EAAyB,MAAM,OAAN,CAAc,IAAd,EAAoB,MAAM,OAAN,CAAc,IAAd,CAA1F,CAD8C;AAE9C,2BAAiB,IAAjB,CAAsB,KAAtB,EAF8C;AAG9C,mBAAS,IAAT,CAAc,KAAd,EAAqB,CAAC,cAAc,WAAd,EAA2B,IAA3B,EAAiC,KAAK,IAAL,EAAW,KAA5C,CAAD,CAArB,EAH8C;AAI9C,wBAJ8C;AAK9C,cAAI,WAAC,GAAc,KAAd,GAAuB,CAAxB,EAA2B;AAC7B,0BAAc,MAAM,SAAN,CAAd,CAD6B;AAE7B,kBAAM,SAAN,GAAkB,KAAlB,CAF6B;AAG7B,mBAAO,MAAM,OAAN,CAAc,MAAd,CAAqB,IAArB,CAA0B,KAA1B,CAAP,CAH6B;WAA/B;SALmC,EAUlC,OAAO,GAAP,CAVI,CAXwB;OAAnB,CAnGuB;AA0HrC,sBAAgB,uBAAS,CAAT,EAAY,CAAZ,EAAe,CAAf,EAAkB,CAAlB,EAAqB;AACnC,YAAI,MAAJ,EAAY,MAAZ,CADmC;AAEnC,iBAAS,gBAAS,CAAT,EAAY;AACnB,iBAAO,KAAK,GAAL,CAAS,CAAT,EAAY,CAAZ,CAAP,CADmB;SAAZ,CAF0B;AAKnC,iBAAS,gBAAS,CAAT,EAAY;AACnB,cAAI,IAAI,CAAJ,EAAO;AACT,mBAAO,OAAO,CAAP,CAAP,CADS;WAAX,MAEO;AACL,mBAAO,IAAI,OAAO,CAAC,GAAI,CAAJ,GAAS,CAAC,CAAD,GAAK,CAAf,CAAX,CADF;WAFP;SADO,CAL0B;AAYnC,aAAK,IAAI,CAAJ,CAZ8B;AAanC,eAAO,IAAI,CAAJ,GAAQ,OAAO,CAAP,CAAR,GAAoB,CAApB,CAb4B;OAArB,CA1HqB;AAyIrC,aAAO,KAAK,IAAL,EAAP,CAzIqC;KAAtB,CADN;AA4IX,MAAE,YAAF,CAAe,cAAf,GAAgC;AAC9B,gBAAU,SAAV;AACA,kBAAY,SAAZ;AACA,kBAAY,SAAZ;AACA,eAAS,OAAT;AACA,YAAM,GAAN;AACA,iBAAW,CAAX;AACA,eAAS,KAAT;AACA,eAAS,EAAE,IAAF;AACT,cAAQ,EAAE,IAAF;KATV,CA5IW;AAuJX,MAAE,EAAF,CAAK,YAAL,GAAoB,UAAS,OAAT,EAAkB;AACpC,aAAO,EAAE,IAAF,CAAO,IAAP,EAAa,UAAS,CAAT,EAAY,EAAZ,EAAgB;AAClC,YAAI,GAAJ,CADkC;AAElC,cAAM,EAAE,EAAF,CAAN,CAFkC;AAGlC,YAAI,CAAC,IAAI,IAAJ,CAAS,cAAT,CAAD,EAA2B;AAC7B,iBAAO,IAAI,IAAJ,CAAS,cAAT,EAAyB,IAAI,EAAE,YAAF,CAAe,EAAnB,EAAuB,OAAvB,CAAzB,CAAP,CAD6B;SAA/B;OAHkB,CAApB,CADoC;KAAlB,CAvJT;AAgKX,WAAO,KAAK,CAAL,CAhKI;GAAZ,CAAD,CAiKG,MAjKH,EAFU;CAAX,CAAD,CAqKG,IArKH,CAqKQ,IArKR","file":"/client/lib/compatibility/slicklab/js/jquery-easy-pie-chart/jquery.easy-pie-chart.js.map","sourcesContent":["// Generated by CoffeeScript 1.4.0\n\n/*\nEasy pie chart is a jquery plugin to display simple animated pie charts for only one value\n\nDual licensed under the MIT (http://www.opensource.org/licenses/mit-license.php)\nand GPL (http://www.opensource.org/licenses/gpl-license.php) licenses.\n\nBuilt on top of the jQuery library (http://jquery.com)\n\n@source: http://github.com/rendro/easy-pie-chart/\n@autor: Robert Fleischmann\n@version: 1.0.1\n\nInspired by: http://dribbble.com/shots/631074-Simple-Pie-Charts-II?list=popular&offset=210\nThanks to Philip Thrasher for the jquery plugin boilerplate for coffee script\n*/\n\n\n(function() {\n\n  (function($) {\n    $.easyPieChart = function(el, options) {\n      var addScaleLine, animateLine, drawLine, easeInOutQuad, renderBackground, renderScale, renderTrack,\n        _this = this;\n      this.el = el;\n      this.$el = $(el);\n      this.$el.data(\"easyPieChart\", this);\n      this.init = function() {\n        var percent;\n        _this.options = $.extend({}, $.easyPieChart.defaultOptions, options);\n        percent = parseInt(_this.$el.data('percent'), 10);\n        _this.percentage = 0;\n        _this.canvas = $(\"<canvas width='\" + _this.options.size + \"' height='\" + _this.options.size + \"'></canvas>\").get(0);\n        _this.$el.append(_this.canvas);\n        if (typeof G_vmlCanvasManager !== \"undefined\" && G_vmlCanvasManager !== null) {\n          G_vmlCanvasManager.initElement(_this.canvas);\n        }\n        _this.ctx = _this.canvas.getContext('2d');\n        if (window.devicePixelRatio > 1.5) {\n          $(_this.canvas).css({\n            width: _this.options.size,\n            height: _this.options.size\n          });\n          _this.canvas.width *= 2;\n          _this.canvas.height *= 2;\n          _this.ctx.scale(2, 2);\n        }\n        _this.ctx.translate(_this.options.size / 2, _this.options.size / 2);\n        _this.$el.addClass('easyPieChart');\n        _this.$el.css({\n          width: _this.options.size,\n          height: _this.options.size,\n          lineHeight: \"\" + _this.options.size + \"px\"\n        });\n        _this.update(percent);\n        return _this;\n      };\n      this.update = function(percent) {\n        if (_this.options.animate === false) {\n          return drawLine(percent);\n        } else {\n          return animateLine(_this.percentage, percent);\n        }\n      };\n      renderScale = function() {\n        var i, _i, _results;\n        _this.ctx.fillStyle = _this.options.scaleColor;\n        _this.ctx.lineWidth = 1;\n        _results = [];\n        for (i = _i = 0; _i <= 24; i = ++_i) {\n          _results.push(addScaleLine(i));\n        }\n        return _results;\n      };\n      addScaleLine = function(i) {\n        var offset;\n        offset = i % 6 === 0 ? 0 : _this.options.size * 0.017;\n        _this.ctx.save();\n        _this.ctx.rotate(i * Math.PI / 12);\n        _this.ctx.fillRect(_this.options.size / 2 - offset, 0, -_this.options.size * 0.05 + offset, 1);\n        return _this.ctx.restore();\n      };\n      renderTrack = function() {\n        var offset;\n        offset = _this.options.size / 2 - _this.options.lineWidth / 2;\n        if (_this.options.scaleColor !== false) {\n          offset -= _this.options.size * 0.08;\n        }\n        _this.ctx.beginPath();\n        _this.ctx.arc(0, 0, offset, 0, Math.PI * 2, true);\n        _this.ctx.closePath();\n        _this.ctx.strokeStyle = _this.options.trackColor;\n        _this.ctx.lineWidth = _this.options.lineWidth;\n        return _this.ctx.stroke();\n      };\n      renderBackground = function() {\n        if (_this.options.scaleColor !== false) {\n          renderScale();\n        }\n        if (_this.options.trackColor !== false) {\n          return renderTrack();\n        }\n      };\n      drawLine = function(percent) {\n        var offset;\n        renderBackground();\n        _this.ctx.strokeStyle = $.isFunction(_this.options.barColor) ? _this.options.barColor(percent) : _this.options.barColor;\n        _this.ctx.lineCap = _this.options.lineCap;\n        _this.ctx.lineWidth = _this.options.lineWidth;\n        offset = _this.options.size / 2 - _this.options.lineWidth / 2;\n        if (_this.options.scaleColor !== false) {\n          offset -= _this.options.size * 0.08;\n        }\n        _this.ctx.save();\n        _this.ctx.rotate(-Math.PI / 2);\n        _this.ctx.beginPath();\n        _this.ctx.arc(0, 0, offset, 0, Math.PI * 2 * percent / 100, false);\n        _this.ctx.stroke();\n        return _this.ctx.restore();\n      };\n      animateLine = function(from, to) {\n        var currentStep, fps, steps;\n        fps = 30;\n        steps = fps * _this.options.animate / 1000;\n        currentStep = 0;\n        _this.options.onStart.call(_this);\n        _this.percentage = to;\n        if (_this.animation) {\n          clearInterval(_this.animation);\n          _this.animation = false;\n        }\n        return _this.animation = setInterval(function() {\n          _this.ctx.clearRect(-_this.options.size / 2, -_this.options.size / 2, _this.options.size, _this.options.size);\n          renderBackground.call(_this);\n          drawLine.call(_this, [easeInOutQuad(currentStep, from, to - from, steps)]);\n          currentStep++;\n          if ((currentStep / steps) > 1) {\n            clearInterval(_this.animation);\n            _this.animation = false;\n            return _this.options.onStop.call(_this);\n          }\n        }, 1000 / fps);\n      };\n      easeInOutQuad = function(t, b, c, d) {\n        var easeIn, easing;\n        easeIn = function(t) {\n          return Math.pow(t, 2);\n        };\n        easing = function(t) {\n          if (t < 1) {\n            return easeIn(t);\n          } else {\n            return 2 - easeIn((t / 2) * -2 + 2);\n          }\n        };\n        t /= d / 2;\n        return c / 2 * easing(t) + b;\n      };\n      return this.init();\n    };\n    $.easyPieChart.defaultOptions = {\n      barColor: '#ef1e25',\n      trackColor: '#f2f2f2',\n      scaleColor: '#dfe0e0',\n      lineCap: 'round',\n      size: 110,\n      lineWidth: 3,\n      animate: false,\n      onStart: $.noop,\n      onStop: $.noop\n    };\n    $.fn.easyPieChart = function(options) {\n      return $.each(this, function(i, el) {\n        var $el;\n        $el = $(el);\n        if (!$el.data('easyPieChart')) {\n          return $el.data('easyPieChart', new $.easyPieChart(el, options));\n        }\n      });\n    };\n    return void 0;\n  })(jQuery);\n\n}).call(this);\n"]},"hash":"9424423f78d6e364387ca5aee87aadb3de6aa26c"}
