{"metadata":{"usedHelpers":[],"marked":[],"modules":{"imports":[],"exports":{"exported":[],"specifiers":[]}}},"options":{"filename":"/client/lib/compatibility/slicklab/js/toastr-init.js","filenameRelative":"/client/lib/compatibility/slicklab/js/toastr-init.js","env":{},"retainLines":false,"highlightCode":true,"suppressDeprecationMessages":false,"presets":[],"plugins":[[[],null],[[],null],[[],null],[[],null],[[],null],[[],null],[[],null],[[],{"polyfill":false}],[[],null],[[],null],[[],null],[[],null],[[],null],[[],null],[[],null],[[],null],[[],{"loose":true}],[[],{"loose":true}],[[],null],[[],{"loose":true}],[[],null],[[],null],[[],{"allowTopLevelThis":true,"strict":false,"loose":true}],[[],null],[[],null],[[],null],[[],null],[[],null],[[],{"loose":true}],[[],null],[[],null],[[],null],[[],null],[[],null],[[],null],[[],null],[[],null]],"ignore":[],"code":true,"metadata":true,"ast":false,"comments":true,"compact":false,"minified":false,"sourceMap":true,"sourceMaps":true,"sourceMapTarget":"/client/lib/compatibility/slicklab/js/toastr-init.js.map","sourceFileName":"/client/lib/compatibility/slicklab/js/toastr-init.js","babelrc":false,"sourceType":"module","moduleIds":false,"passPerPreset":false,"basename":"toastr-init"},"ignored":false,"code":"$(function () {\n    var i = -1;\n    var toastCount = 0;\n    var $toastlast;\n\n    var getMessage = function getMessage() {\n        var msgs = ['Hi, this is toastr notification', '<div><input class=\"input-small\" value=\"textbox\"/>&nbsp;<a href=\"http://thevectorlab.net/flatlab/\" target=\"_blank\">This is a hyperlink</a></div><div><button type=\"button\" id=\"okBtn\" class=\"btn btn-primary\">Close me</button><button type=\"button\" id=\"surpriseBtn\" class=\"btn\" style=\"margin: 0 8px 0 8px\">Surprise me</button></div>', 'SlickLab is awesome', 'Build with BS3+!', 'Easy to use', 'Have fun storming the castle!'];\n        i++;\n        if (i === msgs.length) {\n            i = 0;\n        }\n\n        return msgs[i];\n    };\n    $('#showtoast').click(function () {\n        var shortCutFunction = $(\"#toastTypeGroup input:radio:checked\").val();\n        var msg = $('#message').val();\n        var title = $('#title').val() || '';\n        var $showDuration = $('#showDuration');\n        var $hideDuration = $('#hideDuration');\n        var $timeOut = $('#timeOut');\n        var $extendedTimeOut = $('#extendedTimeOut');\n        var $showEasing = $('#showEasing');\n        var $hideEasing = $('#hideEasing');\n        var $showMethod = $('#showMethod');\n        var $hideMethod = $('#hideMethod');\n        var toastIndex = toastCount++;\n\n        toastr.options = {\n            closeButton: $('#closeButton').prop('checked'),\n            debug: $('#debugInfo').prop('checked'),\n            progressBar: $('#progressBar').prop('checked'),\n            positionClass: $('#positionGroup input:radio:checked').val() || 'toast-top-right',\n            preventDuplicates: $('#preventDuplicates').prop('checked'),\n            onclick: null\n        };\n\n        if ($('#addBehaviorOnToastClick').prop('checked')) {\n            toastr.options.onclick = function () {\n                alert('You can perform some custom action after a toast goes away');\n            };\n        }\n\n        if ($showDuration.val().length) {\n            toastr.options.showDuration = $showDuration.val();\n        }\n\n        if ($hideDuration.val().length) {\n            toastr.options.hideDuration = $hideDuration.val();\n        }\n\n        if ($timeOut.val().length) {\n            toastr.options.timeOut = $timeOut.val();\n        }\n\n        if ($extendedTimeOut.val().length) {\n            toastr.options.extendedTimeOut = $extendedTimeOut.val();\n        }\n\n        if ($showEasing.val().length) {\n            toastr.options.showEasing = $showEasing.val();\n        }\n\n        if ($hideEasing.val().length) {\n            toastr.options.hideEasing = $hideEasing.val();\n        }\n\n        if ($showMethod.val().length) {\n            toastr.options.showMethod = $showMethod.val();\n        }\n\n        if ($hideMethod.val().length) {\n            toastr.options.hideMethod = $hideMethod.val();\n        }\n\n        if (!msg) {\n            msg = getMessage();\n        }\n\n        $(\"#toastrOptions\").text(\"Command: toastr[\" + shortCutFunction + \"](\\\"\" + msg + (title ? \"\\\", \\\"\" + title : '') + \"\\\")\\n\\ntoastr.options = \" + JSON.stringify(toastr.options, null, 2));\n\n        var $toast = toastr[shortCutFunction](msg, title); // Wire up an event handler to a button in the toast, if it exists\n        $toastlast = $toast;\n        if ($toast.find('#okBtn').length) {\n            $toast.delegate('#okBtn', 'click', function () {\n                alert('you clicked me. i was toast #' + toastIndex + '. goodbye!');\n                $toast.remove();\n            });\n        }\n        if ($toast.find('#surpriseBtn').length) {\n            $toast.delegate('#surpriseBtn', 'click', function () {\n                alert('Surprise! you clicked me. i was toast #' + toastIndex + '. You could perform an action here.');\n            });\n        }\n    });\n    function getLastToast() {\n        return $toastlast;\n    }\n    $('#clearlasttoast').click(function () {\n        toastr.clear(getLastToast());\n    });\n    $('#cleartoasts').click(function () {\n        toastr.clear();\n    });\n});","ast":null,"map":{"version":3,"sources":["/client/lib/compatibility/slicklab/js/toastr-init.js"],"names":[],"mappings":"AAAA,EAAE,YAAY;AACV,QAAI,IAAI,CAAC,CAAD,CADE;AAEV,QAAI,aAAa,CAAb,CAFM;AAGV,QAAI,UAAJ,CAHU;;AAKV,QAAI,aAAa,SAAb,UAAa,GAAY;AACzB,YAAI,OAAO,CAAC,iCAAD,EACP,yUADO,EAEP,qBAFO,EAGP,kBAHO,EAIP,aAJO,EAKP,+BALO,CAAP,CADqB;AAQzB,YARyB;AASzB,YAAI,MAAM,KAAK,MAAL,EAAa;AACnB,gBAAI,CAAJ,CADmB;SAAvB;;AAIA,eAAO,KAAK,CAAL,CAAP,CAbyB;KAAZ,CALP;AAoBV,MAAE,YAAF,EAAgB,KAAhB,CAAsB,YAAY;AAC9B,YAAI,mBAAmB,EAAE,qCAAF,EAAyC,GAAzC,EAAnB,CAD0B;AAE9B,YAAI,MAAM,EAAE,UAAF,EAAc,GAAd,EAAN,CAF0B;AAG9B,YAAI,QAAQ,EAAE,QAAF,EAAY,GAAZ,MAAqB,EAArB,CAHkB;AAI9B,YAAI,gBAAgB,EAAE,eAAF,CAAhB,CAJ0B;AAK9B,YAAI,gBAAgB,EAAE,eAAF,CAAhB,CAL0B;AAM9B,YAAI,WAAW,EAAE,UAAF,CAAX,CAN0B;AAO9B,YAAI,mBAAmB,EAAE,kBAAF,CAAnB,CAP0B;AAQ9B,YAAI,cAAc,EAAE,aAAF,CAAd,CAR0B;AAS9B,YAAI,cAAc,EAAE,aAAF,CAAd,CAT0B;AAU9B,YAAI,cAAc,EAAE,aAAF,CAAd,CAV0B;AAW9B,YAAI,cAAc,EAAE,aAAF,CAAd,CAX0B;AAY9B,YAAI,aAAa,YAAb,CAZ0B;;AAc9B,eAAO,OAAP,GAAiB;AACb,yBAAa,EAAE,cAAF,EAAkB,IAAlB,CAAuB,SAAvB,CAAb;AACA,mBAAO,EAAE,YAAF,EAAgB,IAAhB,CAAqB,SAArB,CAAP;AACA,yBAAa,EAAE,cAAF,EAAkB,IAAlB,CAAuB,SAAvB,CAAb;AACA,2BAAe,EAAE,oCAAF,EAAwC,GAAxC,MAAiD,iBAAjD;AACf,+BAAmB,EAAE,oBAAF,EAAwB,IAAxB,CAA6B,SAA7B,CAAnB;AACA,qBAAS,IAAT;SANJ,CAd8B;;AAuB9B,YAAI,EAAE,0BAAF,EAA8B,IAA9B,CAAmC,SAAnC,CAAJ,EAAmD;AAC/C,mBAAO,OAAP,CAAe,OAAf,GAAyB,YAAY;AACjC,sBAAM,4DAAN,EADiC;aAAZ,CADsB;SAAnD;;AAMA,YAAI,cAAc,GAAd,GAAoB,MAApB,EAA4B;AAC5B,mBAAO,OAAP,CAAe,YAAf,GAA8B,cAAc,GAAd,EAA9B,CAD4B;SAAhC;;AAIA,YAAI,cAAc,GAAd,GAAoB,MAApB,EAA4B;AAC5B,mBAAO,OAAP,CAAe,YAAf,GAA8B,cAAc,GAAd,EAA9B,CAD4B;SAAhC;;AAIA,YAAI,SAAS,GAAT,GAAe,MAAf,EAAuB;AACvB,mBAAO,OAAP,CAAe,OAAf,GAAyB,SAAS,GAAT,EAAzB,CADuB;SAA3B;;AAIA,YAAI,iBAAiB,GAAjB,GAAuB,MAAvB,EAA+B;AAC/B,mBAAO,OAAP,CAAe,eAAf,GAAiC,iBAAiB,GAAjB,EAAjC,CAD+B;SAAnC;;AAIA,YAAI,YAAY,GAAZ,GAAkB,MAAlB,EAA0B;AAC1B,mBAAO,OAAP,CAAe,UAAf,GAA4B,YAAY,GAAZ,EAA5B,CAD0B;SAA9B;;AAIA,YAAI,YAAY,GAAZ,GAAkB,MAAlB,EAA0B;AAC1B,mBAAO,OAAP,CAAe,UAAf,GAA4B,YAAY,GAAZ,EAA5B,CAD0B;SAA9B;;AAIA,YAAI,YAAY,GAAZ,GAAkB,MAAlB,EAA0B;AAC1B,mBAAO,OAAP,CAAe,UAAf,GAA4B,YAAY,GAAZ,EAA5B,CAD0B;SAA9B;;AAIA,YAAI,YAAY,GAAZ,GAAkB,MAAlB,EAA0B;AAC1B,mBAAO,OAAP,CAAe,UAAf,GAA4B,YAAY,GAAZ,EAA5B,CAD0B;SAA9B;;AAMA,YAAI,CAAC,GAAD,EAAM;AACN,kBAAM,YAAN,CADM;SAAV;;AAIA,UAAE,gBAAF,EAAoB,IAApB,CAAyB,qBACnB,gBADmB,GAEnB,MAFmB,GAGnB,GAHmB,IAIlB,QAAQ,WAAW,KAAX,GAAmB,EAA3B,CAJkB,GAKnB,0BALmB,GAMnB,KAAK,SAAL,CAAe,OAAO,OAAP,EAAgB,IAA/B,EAAqC,CAArC,CANmB,CAAzB,CAnE8B;;AA4E9B,YAAI,SAAS,OAAO,gBAAP,EAAyB,GAAzB,EAA8B,KAA9B,CAAT;AA5E0B,kBA6E9B,GAAa,MAAb,CA7E8B;AA8E9B,YAAI,OAAO,IAAP,CAAY,QAAZ,EAAsB,MAAtB,EAA8B;AAC9B,mBAAO,QAAP,CAAgB,QAAhB,EAA0B,OAA1B,EAAmC,YAAY;AAC3C,sBAAM,kCAAkC,UAAlC,GAA+C,YAA/C,CAAN,CAD2C;AAE3C,uBAAO,MAAP,GAF2C;aAAZ,CAAnC,CAD8B;SAAlC;AAMA,YAAI,OAAO,IAAP,CAAY,cAAZ,EAA4B,MAA5B,EAAoC;AACpC,mBAAO,QAAP,CAAgB,cAAhB,EAAgC,OAAhC,EAAyC,YAAY;AACjD,sBAAM,4CAA4C,UAA5C,GAAyD,qCAAzD,CAAN,CADiD;aAAZ,CAAzC,CADoC;SAAxC;KApFkB,CAAtB,CApBU;AA8GV,aAAS,YAAT,GAAuB;AACnB,eAAO,UAAP,CADmB;KAAvB;AAGA,MAAE,iBAAF,EAAqB,KAArB,CAA2B,YAAY;AACnC,eAAO,KAAP,CAAa,cAAb,EADmC;KAAZ,CAA3B,CAjHU;AAoHV,MAAE,cAAF,EAAkB,KAAlB,CAAwB,YAAY;AAChC,eAAO,KAAP,GADgC;KAAZ,CAAxB,CApHU;CAAZ,CAAF","file":"/client/lib/compatibility/slicklab/js/toastr-init.js.map","sourcesContent":["$(function () {\n    var i = -1;\n    var toastCount = 0;\n    var $toastlast;\n\n    var getMessage = function () {\n        var msgs = ['Hi, this is toastr notification',\n            '<div><input class=\"input-small\" value=\"textbox\"/>&nbsp;<a href=\"http://thevectorlab.net/flatlab/\" target=\"_blank\">This is a hyperlink</a></div><div><button type=\"button\" id=\"okBtn\" class=\"btn btn-primary\">Close me</button><button type=\"button\" id=\"surpriseBtn\" class=\"btn\" style=\"margin: 0 8px 0 8px\">Surprise me</button></div>',\n            'SlickLab is awesome',\n            'Build with BS3+!',\n            'Easy to use',\n            'Have fun storming the castle!'\n        ];\n        i++;\n        if (i === msgs.length) {\n            i = 0;\n        }\n\n        return msgs[i];\n    };\n    $('#showtoast').click(function () {\n        var shortCutFunction = $(\"#toastTypeGroup input:radio:checked\").val();\n        var msg = $('#message').val();\n        var title = $('#title').val() || '';\n        var $showDuration = $('#showDuration');\n        var $hideDuration = $('#hideDuration');\n        var $timeOut = $('#timeOut');\n        var $extendedTimeOut = $('#extendedTimeOut');\n        var $showEasing = $('#showEasing');\n        var $hideEasing = $('#hideEasing');\n        var $showMethod = $('#showMethod');\n        var $hideMethod = $('#hideMethod');\n        var toastIndex = toastCount++;\n\n        toastr.options = {\n            closeButton: $('#closeButton').prop('checked'),\n            debug: $('#debugInfo').prop('checked'),\n            progressBar: $('#progressBar').prop('checked'),\n            positionClass: $('#positionGroup input:radio:checked').val() || 'toast-top-right',\n            preventDuplicates: $('#preventDuplicates').prop('checked'),\n            onclick: null\n        };\n\n        if ($('#addBehaviorOnToastClick').prop('checked')) {\n            toastr.options.onclick = function () {\n                alert('You can perform some custom action after a toast goes away');\n            };\n        }\n\n        if ($showDuration.val().length) {\n            toastr.options.showDuration = $showDuration.val();\n        }\n\n        if ($hideDuration.val().length) {\n            toastr.options.hideDuration = $hideDuration.val();\n        }\n\n        if ($timeOut.val().length) {\n            toastr.options.timeOut = $timeOut.val();\n        }\n\n        if ($extendedTimeOut.val().length) {\n            toastr.options.extendedTimeOut = $extendedTimeOut.val();\n        }\n\n        if ($showEasing.val().length) {\n            toastr.options.showEasing = $showEasing.val();\n        }\n\n        if ($hideEasing.val().length) {\n            toastr.options.hideEasing = $hideEasing.val();\n        }\n\n        if ($showMethod.val().length) {\n            toastr.options.showMethod = $showMethod.val();\n        }\n\n        if ($hideMethod.val().length) {\n            toastr.options.hideMethod = $hideMethod.val();\n        }\n\n\n\n        if (!msg) {\n            msg = getMessage();\n        }\n\n        $(\"#toastrOptions\").text(\"Command: toastr[\"\n            + shortCutFunction\n            + \"](\\\"\"\n            + msg\n            + (title ? \"\\\", \\\"\" + title : '')\n            + \"\\\")\\n\\ntoastr.options = \"\n            + JSON.stringify(toastr.options, null, 2)\n        );\n\n        var $toast = toastr[shortCutFunction](msg, title); // Wire up an event handler to a button in the toast, if it exists\n        $toastlast = $toast;\n        if ($toast.find('#okBtn').length) {\n            $toast.delegate('#okBtn', 'click', function () {\n                alert('you clicked me. i was toast #' + toastIndex + '. goodbye!');\n                $toast.remove();\n            });\n        }\n        if ($toast.find('#surpriseBtn').length) {\n            $toast.delegate('#surpriseBtn', 'click', function () {\n                alert('Surprise! you clicked me. i was toast #' + toastIndex + '. You could perform an action here.');\n            });\n        }\n    });\n    function getLastToast(){\n        return $toastlast;\n    }\n    $('#clearlasttoast').click(function () {\n        toastr.clear(getLastToast());\n    });\n    $('#cleartoasts').click(function () {\n        toastr.clear();\n    });\n})"]},"hash":"95590309f4bc2f48bc56ab9ddf62b80b1ed47ade"}
