{"metadata":{"usedHelpers":[],"marked":[],"modules":{"imports":[],"exports":{"exported":[],"specifiers":[]}}},"options":{"filename":"/client/lib/compatibility/slicklab/js/ion-slider-init.js","filenameRelative":"/client/lib/compatibility/slicklab/js/ion-slider-init.js","env":{},"retainLines":false,"highlightCode":true,"suppressDeprecationMessages":false,"presets":[],"plugins":[[[],null],[[],null],[[],null],[[],null],[[],null],[[],null],[[],null],[[],{"polyfill":false}],[[],null],[[],null],[[],null],[[],null],[[],null],[[],null],[[],null],[[],null],[[],{"loose":true}],[[],{"loose":true}],[[],null],[[],{"loose":true}],[[],null],[[],null],[[],{"allowTopLevelThis":true,"strict":false,"loose":true}],[[],null],[[],null],[[],null],[[],null],[[],null],[[],{"loose":true}],[[],null],[[],null],[[],null],[[],null],[[],null],[[],null],[[],null],[[],null]],"ignore":[],"code":true,"metadata":true,"ast":false,"comments":true,"compact":false,"minified":false,"sourceMap":true,"sourceMaps":true,"sourceMapTarget":"/client/lib/compatibility/slicklab/js/ion-slider-init.js.map","sourceFileName":"/client/lib/compatibility/slicklab/js/ion-slider-init.js","babelrc":false,"sourceType":"module","moduleIds":false,"passPerPreset":false,"basename":"ion-slider-init"},"ignored":false,"code":"$(function () {\n\n    $(\"#range_01\").ionRangeSlider({ min: 10, from: 10 });\n\n    $(\"#range_02\").ionRangeSlider({\n        min: 100,\n        max: 1000,\n        from: 550\n    });\n\n    $(\"#range_03\").ionRangeSlider({\n        type: \"double\",\n        grid: true,\n        min: 0,\n        max: 1000,\n        from: 200,\n        to: 800,\n        prefix: \"$\"\n    });\n\n    $(\"#range_color_1\").ionRangeSlider({\n        type: \"double\",\n        grid: true,\n        min: 0,\n        max: 1000,\n        from: 200,\n        to: 800,\n        prefix: \"$\"\n    });\n    $(\"#range_color_2\").ionRangeSlider({\n        type: \"double\",\n        grid: true,\n        min: 0,\n        max: 1000,\n        from: 200,\n        to: 800,\n        prefix: \"$\"\n    });\n    $(\"#range_color_3\").ionRangeSlider({\n        type: \"double\",\n        grid: true,\n        min: 0,\n        max: 1000,\n        from: 200,\n        to: 800,\n        prefix: \"$\"\n    });\n    $(\"#range_color_4\").ionRangeSlider({\n        type: \"double\",\n        grid: true,\n        min: 0,\n        max: 1000,\n        from: 200,\n        to: 800,\n        prefix: \"$\"\n    });\n    $(\"#range_color_5\").ionRangeSlider({\n        type: \"double\",\n        grid: true,\n        min: 0,\n        max: 1000,\n        from: 200,\n        to: 800,\n        prefix: \"$\"\n    });\n\n    $(\"#range_04\").ionRangeSlider({\n        type: \"double\",\n        grid: true,\n        min: -1000,\n        max: 1000,\n        from: -500,\n        to: 500\n    });\n\n    $(\"#range_05\").ionRangeSlider({\n        type: \"double\",\n        grid: true,\n        min: -1000,\n        max: 1000,\n        from: -500,\n        to: 500,\n        step: 250\n    });\n\n    $(\"#range_06\").ionRangeSlider({\n        type: \"double\",\n        grid: true,\n        min: -12.8,\n        max: 12.8,\n        from: -3.2,\n        to: 3.2,\n        step: 0.1\n    });\n\n    $(\"#range_07\").ionRangeSlider({\n        type: \"double\",\n        grid: true,\n        from: 1,\n        to: 5,\n        values: [0, 10, 100, 1000, 10000, 100000, 1000000]\n    });\n\n    $(\"#range_08\").ionRangeSlider({\n        grid: true,\n        from: 5,\n        values: [\"zero\", \"one\", \"two\", \"three\", \"four\", \"five\", \"six\", \"seven\", \"eight\", \"nine\", \"ten\"]\n    });\n\n    $(\"#range_09\").ionRangeSlider({\n        grid: true,\n        from: 3,\n        values: [\"January\", \"February\", \"March\", \"April\", \"May\", \"June\", \"July\", \"August\", \"September\", \"October\", \"November\", \"December\"]\n    });\n\n    $(\"#range_10\").ionRangeSlider({\n        grid: true,\n        min: 1000,\n        max: 1000000,\n        from: 100000,\n        step: 1000,\n        prettify_enabled: false\n    });\n\n    $(\"#range_11\").ionRangeSlider({\n        grid: true,\n        min: 1000,\n        max: 1000000,\n        from: 200000,\n        step: 1000,\n        prettify_enabled: true\n    });\n\n    $(\"#range_12\").ionRangeSlider({\n        grid: true,\n        min: 1000,\n        max: 1000000,\n        from: 300000,\n        step: 1000,\n        prettify_enabled: true,\n        prettify_separator: \".\"\n    });\n\n    $(\"#range_13\").ionRangeSlider({\n        grid: true,\n        min: 1000,\n        max: 1000000,\n        from: 400000,\n        step: 1000,\n        prettify_enabled: true,\n        prettify: function () {\n            function prettify(num) {\n                return (Math.random() * num).toFixed(0);\n            }\n\n            return prettify;\n        }()\n    });\n\n    $(\"#range_14\").ionRangeSlider({\n        type: \"double\",\n        grid: true,\n        min: 0,\n        max: 10000,\n        from: 1000,\n        step: 9000,\n        prefix: \"$\"\n    });\n\n    $(\"#range_15\").ionRangeSlider({\n        type: \"single\",\n        grid: true,\n        min: -90,\n        max: 90,\n        from: 0,\n        postfix: \"°\"\n    });\n\n    $(\"#range_16\").ionRangeSlider({\n        grid: true,\n        min: 18,\n        max: 70,\n        from: 30,\n        prefix: \"Age \",\n        max_postfix: \"+\"\n    });\n\n    $(\"#range_17\").ionRangeSlider({\n        type: \"double\",\n        min: 100,\n        max: 200,\n        from: 145,\n        to: 155,\n        prefix: \"Weight: \",\n        postfix: \" million pounds\",\n        decorate_both: true\n    });\n\n    $(\"#range_18\").ionRangeSlider({\n        type: \"double\",\n        min: 100,\n        max: 200,\n        from: 145,\n        to: 155,\n        prefix: \"Weight: \",\n        postfix: \" million pounds\",\n        decorate_both: false\n    });\n\n    $(\"#range_19\").ionRangeSlider({\n        type: \"double\",\n        min: 100,\n        max: 200,\n        from: 148,\n        to: 152,\n        prefix: \"Weight: \",\n        postfix: \" million pounds\",\n        values_separator: \" → \"\n    });\n\n    $(\"#range_20\").ionRangeSlider({\n        type: \"double\",\n        min: 100,\n        max: 200,\n        from: 148,\n        to: 152,\n        prefix: \"Range: \",\n        postfix: \" light years\",\n        decorate_both: false,\n        values_separator: \" to \"\n    });\n});","ast":null,"map":{"version":3,"sources":["/client/lib/compatibility/slicklab/js/ion-slider-init.js"],"names":[],"mappings":"AAAA,EAAE,YAAY;;AAEV,MAAE,WAAF,EAAe,cAAf,CAA8B,EAAC,KAAK,EAAL,EAAQ,MAAM,EAAN,EAAvC,EAFU;;AAIV,MAAE,WAAF,EAAe,cAAf,CAA8B;AAC1B,aAAK,GAAL;AACA,aAAK,IAAL;AACA,cAAM,GAAN;KAHJ,EAJU;;AAUV,MAAE,WAAF,EAAe,cAAf,CAA8B;AAC1B,cAAM,QAAN;AACA,cAAM,IAAN;AACA,aAAK,CAAL;AACA,aAAK,IAAL;AACA,cAAM,GAAN;AACA,YAAI,GAAJ;AACA,gBAAQ,GAAR;KAPJ,EAVU;;AAoBV,MAAE,gBAAF,EAAoB,cAApB,CAAmC;AAC/B,cAAM,QAAN;AACA,cAAM,IAAN;AACA,aAAK,CAAL;AACA,aAAK,IAAL;AACA,cAAM,GAAN;AACA,YAAI,GAAJ;AACA,gBAAQ,GAAR;KAPJ,EApBU;AA6BV,MAAE,gBAAF,EAAoB,cAApB,CAAmC;AAC/B,cAAM,QAAN;AACA,cAAM,IAAN;AACA,aAAK,CAAL;AACA,aAAK,IAAL;AACA,cAAM,GAAN;AACA,YAAI,GAAJ;AACA,gBAAQ,GAAR;KAPJ,EA7BU;AAsCV,MAAE,gBAAF,EAAoB,cAApB,CAAmC;AAC/B,cAAM,QAAN;AACA,cAAM,IAAN;AACA,aAAK,CAAL;AACA,aAAK,IAAL;AACA,cAAM,GAAN;AACA,YAAI,GAAJ;AACA,gBAAQ,GAAR;KAPJ,EAtCU;AA+CV,MAAE,gBAAF,EAAoB,cAApB,CAAmC;AAC/B,cAAM,QAAN;AACA,cAAM,IAAN;AACA,aAAK,CAAL;AACA,aAAK,IAAL;AACA,cAAM,GAAN;AACA,YAAI,GAAJ;AACA,gBAAQ,GAAR;KAPJ,EA/CU;AAwDV,MAAE,gBAAF,EAAoB,cAApB,CAAmC;AAC/B,cAAM,QAAN;AACA,cAAM,IAAN;AACA,aAAK,CAAL;AACA,aAAK,IAAL;AACA,cAAM,GAAN;AACA,YAAI,GAAJ;AACA,gBAAQ,GAAR;KAPJ,EAxDU;;AAkEV,MAAE,WAAF,EAAe,cAAf,CAA8B;AAC1B,cAAM,QAAN;AACA,cAAM,IAAN;AACA,aAAK,CAAC,IAAD;AACL,aAAK,IAAL;AACA,cAAM,CAAC,GAAD;AACN,YAAI,GAAJ;KANJ,EAlEU;;AA2EV,MAAE,WAAF,EAAe,cAAf,CAA8B;AAC1B,cAAM,QAAN;AACA,cAAM,IAAN;AACA,aAAK,CAAC,IAAD;AACL,aAAK,IAAL;AACA,cAAM,CAAC,GAAD;AACN,YAAI,GAAJ;AACA,cAAM,GAAN;KAPJ,EA3EU;;AAqFV,MAAE,WAAF,EAAe,cAAf,CAA8B;AAC1B,cAAM,QAAN;AACA,cAAM,IAAN;AACA,aAAK,CAAC,IAAD;AACL,aAAK,IAAL;AACA,cAAM,CAAC,GAAD;AACN,YAAI,GAAJ;AACA,cAAM,GAAN;KAPJ,EArFU;;AA+FV,MAAE,WAAF,EAAe,cAAf,CAA8B;AAC1B,cAAM,QAAN;AACA,cAAM,IAAN;AACA,cAAM,CAAN;AACA,YAAI,CAAJ;AACA,gBAAQ,CAAC,CAAD,EAAI,EAAJ,EAAQ,GAAR,EAAa,IAAb,EAAmB,KAAnB,EAA0B,MAA1B,EAAkC,OAAlC,CAAR;KALJ,EA/FU;;AAuGV,MAAE,WAAF,EAAe,cAAf,CAA8B;AAC1B,cAAM,IAAN;AACA,cAAM,CAAN;AACA,gBAAQ,CACJ,MADI,EACI,KADJ,EAEJ,KAFI,EAEG,OAFH,EAGJ,MAHI,EAGI,MAHJ,EAIJ,KAJI,EAIG,OAJH,EAKJ,OALI,EAKK,MALL,EAMJ,KANI,CAAR;KAHJ,EAvGU;;AAoHV,MAAE,WAAF,EAAe,cAAf,CAA8B;AAC1B,cAAM,IAAN;AACA,cAAM,CAAN;AACA,gBAAQ,CACJ,SADI,EACO,UADP,EACmB,OADnB,EAEJ,OAFI,EAEK,KAFL,EAEY,MAFZ,EAGJ,MAHI,EAGI,QAHJ,EAGc,WAHd,EAIJ,SAJI,EAIO,UAJP,EAImB,UAJnB,CAAR;KAHJ,EApHU;;AA+HV,MAAE,WAAF,EAAe,cAAf,CAA8B;AAC1B,cAAM,IAAN;AACA,aAAK,IAAL;AACA,aAAK,OAAL;AACA,cAAM,MAAN;AACA,cAAM,IAAN;AACA,0BAAkB,KAAlB;KANJ,EA/HU;;AAwIV,MAAE,WAAF,EAAe,cAAf,CAA8B;AAC1B,cAAM,IAAN;AACA,aAAK,IAAL;AACA,aAAK,OAAL;AACA,cAAM,MAAN;AACA,cAAM,IAAN;AACA,0BAAkB,IAAlB;KANJ,EAxIU;;AAiJV,MAAE,WAAF,EAAe,cAAf,CAA8B;AAC1B,cAAM,IAAN;AACA,aAAK,IAAL;AACA,aAAK,OAAL;AACA,cAAM,MAAN;AACA,cAAM,IAAN;AACA,0BAAkB,IAAlB;AACA,4BAAoB,GAApB;KAPJ,EAjJU;;AA2JV,MAAE,WAAF,EAAe,cAAf,CAA8B;AAC1B,cAAM,IAAN;AACA,aAAK,IAAL;AACA,aAAK,OAAL;AACA,cAAM,MAAN;AACA,cAAM,IAAN;AACA,0BAAkB,IAAlB;AACA;AAAU,8BAAU,GAAV,EAAe;AACrB,uBAAO,CAAC,KAAK,MAAL,KAAgB,GAAhB,CAAD,CAAsB,OAAtB,CAA8B,CAA9B,CAAP,CADqB;aAAf;;;WAAV;KAPJ,EA3JU;;AAuKV,MAAE,WAAF,EAAe,cAAf,CAA8B;AAC1B,cAAM,QAAN;AACA,cAAM,IAAN;AACA,aAAK,CAAL;AACA,aAAK,KAAL;AACA,cAAM,IAAN;AACA,cAAM,IAAN;AACA,gBAAQ,GAAR;KAPJ,EAvKU;;AAiLV,MAAE,WAAF,EAAe,cAAf,CAA8B;AAC1B,cAAM,QAAN;AACA,cAAM,IAAN;AACA,aAAK,CAAC,EAAD;AACL,aAAK,EAAL;AACA,cAAM,CAAN;AACA,iBAAS,GAAT;KANJ,EAjLU;;AA0LV,MAAE,WAAF,EAAe,cAAf,CAA8B;AAC1B,cAAM,IAAN;AACA,aAAK,EAAL;AACA,aAAK,EAAL;AACA,cAAM,EAAN;AACA,gBAAQ,MAAR;AACA,qBAAa,GAAb;KANJ,EA1LU;;AAmMV,MAAE,WAAF,EAAe,cAAf,CAA8B;AAC1B,cAAM,QAAN;AACA,aAAK,GAAL;AACA,aAAK,GAAL;AACA,cAAM,GAAN;AACA,YAAI,GAAJ;AACA,gBAAQ,UAAR;AACA,iBAAS,iBAAT;AACA,uBAAe,IAAf;KARJ,EAnMU;;AA+MV,MAAE,WAAF,EAAe,cAAf,CAA8B;AAC1B,cAAM,QAAN;AACA,aAAK,GAAL;AACA,aAAK,GAAL;AACA,cAAM,GAAN;AACA,YAAI,GAAJ;AACA,gBAAQ,UAAR;AACA,iBAAS,iBAAT;AACA,uBAAe,KAAf;KARJ,EA/MU;;AA0NV,MAAE,WAAF,EAAe,cAAf,CAA8B;AAC1B,cAAM,QAAN;AACA,aAAK,GAAL;AACA,aAAK,GAAL;AACA,cAAM,GAAN;AACA,YAAI,GAAJ;AACA,gBAAQ,UAAR;AACA,iBAAS,iBAAT;AACA,0BAAkB,KAAlB;KARJ,EA1NU;;AAqOV,MAAE,WAAF,EAAe,cAAf,CAA8B;AAC1B,cAAM,QAAN;AACA,aAAK,GAAL;AACA,aAAK,GAAL;AACA,cAAM,GAAN;AACA,YAAI,GAAJ;AACA,gBAAQ,SAAR;AACA,iBAAS,cAAT;AACA,uBAAe,KAAf;AACA,0BAAkB,MAAlB;KATJ,EArOU;CAAZ,CAAF","file":"/client/lib/compatibility/slicklab/js/ion-slider-init.js.map","sourcesContent":["$(function () {\n\n    $(\"#range_01\").ionRangeSlider({min: 10,from: 10});\n\n    $(\"#range_02\").ionRangeSlider({\n        min: 100,\n        max: 1000,\n        from: 550\n    });\n\n    $(\"#range_03\").ionRangeSlider({\n        type: \"double\",\n        grid: true,\n        min: 0,\n        max: 1000,\n        from: 200,\n        to: 800,\n        prefix: \"$\"\n    });\n\n    $(\"#range_color_1\").ionRangeSlider({\n        type: \"double\",\n        grid: true,\n        min: 0,\n        max: 1000,\n        from: 200,\n        to: 800,\n        prefix: \"$\"\n    });\n    $(\"#range_color_2\").ionRangeSlider({\n        type: \"double\",\n        grid: true,\n        min: 0,\n        max: 1000,\n        from: 200,\n        to: 800,\n        prefix: \"$\"\n    });\n    $(\"#range_color_3\").ionRangeSlider({\n        type: \"double\",\n        grid: true,\n        min: 0,\n        max: 1000,\n        from: 200,\n        to: 800,\n        prefix: \"$\"\n    });\n    $(\"#range_color_4\").ionRangeSlider({\n        type: \"double\",\n        grid: true,\n        min: 0,\n        max: 1000,\n        from: 200,\n        to: 800,\n        prefix: \"$\"\n    });\n    $(\"#range_color_5\").ionRangeSlider({\n        type: \"double\",\n        grid: true,\n        min: 0,\n        max: 1000,\n        from: 200,\n        to: 800,\n        prefix: \"$\"\n    });\n\n    $(\"#range_04\").ionRangeSlider({\n        type: \"double\",\n        grid: true,\n        min: -1000,\n        max: 1000,\n        from: -500,\n        to: 500\n    });\n\n    $(\"#range_05\").ionRangeSlider({\n        type: \"double\",\n        grid: true,\n        min: -1000,\n        max: 1000,\n        from: -500,\n        to: 500,\n        step: 250\n    });\n\n    $(\"#range_06\").ionRangeSlider({\n        type: \"double\",\n        grid: true,\n        min: -12.8,\n        max: 12.8,\n        from: -3.2,\n        to: 3.2,\n        step: 0.1\n    });\n\n    $(\"#range_07\").ionRangeSlider({\n        type: \"double\",\n        grid: true,\n        from: 1,\n        to: 5,\n        values: [0, 10, 100, 1000, 10000, 100000, 1000000]\n    });\n\n    $(\"#range_08\").ionRangeSlider({\n        grid: true,\n        from: 5,\n        values: [\n            \"zero\", \"one\",\n            \"two\", \"three\",\n            \"four\", \"five\",\n            \"six\", \"seven\",\n            \"eight\", \"nine\",\n            \"ten\"\n        ]\n    });\n\n    $(\"#range_09\").ionRangeSlider({\n        grid: true,\n        from: 3,\n        values: [\n            \"January\", \"February\", \"March\",\n            \"April\", \"May\", \"June\",\n            \"July\", \"August\", \"September\",\n            \"October\", \"November\", \"December\"\n        ]\n    });\n\n    $(\"#range_10\").ionRangeSlider({\n        grid: true,\n        min: 1000,\n        max: 1000000,\n        from: 100000,\n        step: 1000,\n        prettify_enabled: false\n    });\n\n    $(\"#range_11\").ionRangeSlider({\n        grid: true,\n        min: 1000,\n        max: 1000000,\n        from: 200000,\n        step: 1000,\n        prettify_enabled: true\n    });\n\n    $(\"#range_12\").ionRangeSlider({\n        grid: true,\n        min: 1000,\n        max: 1000000,\n        from: 300000,\n        step: 1000,\n        prettify_enabled: true,\n        prettify_separator: \".\"\n    });\n\n    $(\"#range_13\").ionRangeSlider({\n        grid: true,\n        min: 1000,\n        max: 1000000,\n        from: 400000,\n        step: 1000,\n        prettify_enabled: true,\n        prettify: function (num) {\n            return (Math.random() * num).toFixed(0);\n        }\n    });\n\n    $(\"#range_14\").ionRangeSlider({\n        type: \"double\",\n        grid: true,\n        min: 0,\n        max: 10000,\n        from: 1000,\n        step: 9000,\n        prefix: \"$\"\n    });\n\n    $(\"#range_15\").ionRangeSlider({\n        type: \"single\",\n        grid: true,\n        min: -90,\n        max: 90,\n        from: 0,\n        postfix: \"°\"\n    });\n\n    $(\"#range_16\").ionRangeSlider({\n        grid: true,\n        min: 18,\n        max: 70,\n        from: 30,\n        prefix: \"Age \",\n        max_postfix: \"+\"\n    });\n\n    $(\"#range_17\").ionRangeSlider({\n        type: \"double\",\n        min: 100,\n        max: 200,\n        from: 145,\n        to: 155,\n        prefix: \"Weight: \",\n        postfix: \" million pounds\",\n        decorate_both: true\n    });\n\n\n    $(\"#range_18\").ionRangeSlider({\n        type: \"double\",\n        min: 100,\n        max: 200,\n        from: 145,\n        to: 155,\n        prefix: \"Weight: \",\n        postfix: \" million pounds\",\n        decorate_both: false\n    });\n\n    $(\"#range_19\").ionRangeSlider({\n        type: \"double\",\n        min: 100,\n        max: 200,\n        from: 148,\n        to: 152,\n        prefix: \"Weight: \",\n        postfix: \" million pounds\",\n        values_separator: \" → \"\n    });\n\n    $(\"#range_20\").ionRangeSlider({\n        type: \"double\",\n        min: 100,\n        max: 200,\n        from: 148,\n        to: 152,\n        prefix: \"Range: \",\n        postfix: \" light years\",\n        decorate_both: false,\n        values_separator: \" to \"\n    });\n\n});"]},"hash":"9a40b3442c2e5702bc241242c30ca3541d47c1a6"}
