{"metadata":{"usedHelpers":[],"marked":[],"modules":{"imports":[],"exports":{"exported":[],"specifiers":[]}}},"options":{"filename":"/client/layout/applicationLayout.js","filenameRelative":"/client/layout/applicationLayout.js","env":{},"retainLines":false,"highlightCode":true,"suppressDeprecationMessages":false,"presets":[],"plugins":[[[],null],[[],null],[[],null],[[],null],[[],null],[[],null],[[],null],[[],{"polyfill":false}],[[],null],[[],null],[[],null],[[],null],[[],null],[[],null],[[],null],[[],null],[[],{"loose":true}],[[],{"loose":true}],[[],null],[[],{"loose":true}],[[],null],[[],null],[[],{"allowTopLevelThis":true,"strict":false,"loose":true}],[[],null],[[],null],[[],null],[[],null],[[],null],[[],{"loose":true}],[[],null],[[],null],[[],null],[[],null],[[],null],[[],null],[[],null],[[],null]],"ignore":[],"code":true,"metadata":true,"ast":false,"comments":true,"compact":false,"minified":false,"sourceMap":true,"sourceMaps":true,"sourceMapTarget":"/client/layout/applicationLayout.js.map","sourceFileName":"/client/layout/applicationLayout.js","babelrc":false,"sourceType":"module","moduleIds":false,"passPerPreset":false,"basename":"applicationLayout"},"ignored":false,"code":"","ast":null,"map":{"version":3,"sources":[],"names":[],"mappings":"","file":"/client/layout/applicationLayout.js.map","sourcesContent":[]},"hash":"9b1a92b767fa59b2f1b30ee575400ecb2098120f"}
