{"metadata":{"usedHelpers":[],"marked":[],"modules":{"imports":[],"exports":{"exported":[],"specifiers":[]}}},"options":{"filename":"/client/lib/compatibility/slicklab/js/html5shiv.js","filenameRelative":"/client/lib/compatibility/slicklab/js/html5shiv.js","env":{},"retainLines":false,"highlightCode":true,"suppressDeprecationMessages":false,"presets":[],"plugins":[[[],null],[[],null],[[],null],[[],null],[[],null],[[],null],[[],null],[[],{"polyfill":false}],[[],null],[[],null],[[],null],[[],null],[[],null],[[],null],[[],null],[[],null],[[],{"loose":true}],[[],{"loose":true}],[[],null],[[],{"loose":true}],[[],null],[[],null],[[],{"allowTopLevelThis":true,"strict":false,"loose":true}],[[],null],[[],null],[[],null],[[],null],[[],null],[[],{"loose":true}],[[],null],[[],null],[[],null],[[],null],[[],null],[[],null],[[],null],[[],null]],"ignore":[],"code":true,"metadata":true,"ast":false,"comments":true,"compact":false,"minified":false,"sourceMap":true,"sourceMaps":true,"sourceMapTarget":"/client/lib/compatibility/slicklab/js/html5shiv.js.map","sourceFileName":"/client/lib/compatibility/slicklab/js/html5shiv.js","babelrc":false,"sourceType":"module","moduleIds":false,"passPerPreset":false,"basename":"html5shiv"},"ignored":false,"code":"/*\n HTML5 Shiv v3.6.2pre | @afarkas @jdalton @jon_neal @rem | MIT/GPL2 Licensed\n*/\n(function (l, f) {\n  function m() {\n    var a = e.elements;return \"string\" == typeof a ? a.split(\" \") : a;\n  }function i(a) {\n    var b = n[a[o]];b || (b = {}, h++, a[o] = h, n[h] = b);return b;\n  }function p(a, b, c) {\n    b || (b = f);if (g) return b.createElement(a);c || (c = i(b));b = c.cache[a] ? c.cache[a].cloneNode() : r.test(a) ? (c.cache[a] = c.createElem(a)).cloneNode() : c.createElem(a);return b.canHaveChildren && !s.test(a) ? c.frag.appendChild(b) : b;\n  }function t(a, b) {\n    if (!b.cache) b.cache = {}, b.createElem = a.createElement, b.createFrag = a.createDocumentFragment, b.frag = b.createFrag();\n    a.createElement = function (c) {\n      return !e.shivMethods ? b.createElem(c) : p(c, a, b);\n    };a.createDocumentFragment = Function(\"h,f\", \"return function(){var n=f.cloneNode(),c=n.createElement;h.shivMethods&&(\" + m().join().replace(/\\w+/g, function (a) {\n      b.createElem(a);b.frag.createElement(a);return 'c(\"' + a + '\")';\n    }) + \");return n}\")(e, b.frag);\n  }function q(a) {\n    a || (a = f);var b = i(a);if (e.shivCSS && !j && !b.hasCSS) {\n      var c,\n          d = a;c = d.createElement(\"p\");d = d.getElementsByTagName(\"head\")[0] || d.documentElement;c.innerHTML = \"x<style>article,aside,figcaption,figure,footer,header,hgroup,nav,section{display:block}mark{background:#FF0;color:#000}</style>\";\n      c = d.insertBefore(c.lastChild, d.firstChild);b.hasCSS = !!c;\n    }g || t(a, b);return a;\n  }var k = l.html5 || {},\n      s = /^<|^(?:button|map|select|textarea|object|iframe|option|optgroup)$/i,\n      r = /^(?:a|b|code|div|fieldset|h1|h2|h3|h4|h5|h6|i|label|li|ol|p|q|span|strong|style|table|tbody|td|th|tr|ul)$/i,\n      j,\n      o = \"_html5shiv\",\n      h = 0,\n      n = {},\n      g;(function () {\n    try {\n      var a = f.createElement(\"a\");a.innerHTML = \"<xyz></xyz>\";j = \"hidden\" in a;var b;if (!(b = 1 == a.childNodes.length)) {\n        f.createElement(\"a\");var c = f.createDocumentFragment();b = \"undefined\" == typeof c.cloneNode || \"undefined\" == typeof c.createDocumentFragment || \"undefined\" == typeof c.createElement;\n      }g = b;\n    } catch (d) {\n      g = j = !0;\n    }\n  })();var e = { elements: k.elements || \"abbr article aside audio bdi canvas data datalist details figcaption figure footer header hgroup mark meter nav output progress section summary time video\", version: \"3.6.2pre\", shivCSS: !1 !== k.shivCSS, supportsUnknownElements: g, shivMethods: !1 !== k.shivMethods, type: \"default\", shivDocument: q, createElement: p, createDocumentFragment: function () {\n      function createDocumentFragment(a, b) {\n        a || (a = f);if (g) return a.createDocumentFragment();\n        for (var b = b || i(a), c = b.frag.cloneNode(), d = 0, e = m(), h = e.length; d < h; d++) {\n          c.createElement(e[d]);\n        }return c;\n      }\n\n      return createDocumentFragment;\n    }() };l.html5 = e;q(f);\n})(this, document);","ast":null,"map":{"version":3,"sources":["/client/lib/compatibility/slicklab/js/html5shiv.js"],"names":[],"mappings":";;;AAGA,CAAC,UAAS,CAAT,EAAW,CAAX,EAAa;AAAC,WAAS,CAAT,GAAY;AAAC,QAAI,IAAE,EAAE,QAAF,CAAP,OAAwB,YAAU,OAAO,CAAP,GAAS,EAAE,KAAF,CAAQ,GAAR,CAAnB,GAAgC,CAAhC,CAAxB;GAAZ,SAA+E,CAAT,CAAW,CAAX,EAAa;AAAC,QAAI,IAAE,EAAE,EAAE,CAAF,CAAF,CAAF,CAAL,CAAe,KAAI,IAAE,EAAF,EAAK,GAAL,EAAS,EAAE,CAAF,IAAK,CAAL,EAAO,EAAE,CAAF,IAAK,CAAL,CAApB,CAAf,OAAkD,CAAP,CAA3C;GAAb,SAA0E,CAAT,CAAW,CAAX,EAAa,CAAb,EAAe,CAAf,EAAiB;AAAC,UAAI,IAAE,CAAF,CAAJ,CAAD,IAAa,CAAH,EAAK,OAAO,EAAE,aAAF,CAAgB,CAAhB,CAAP,CAAL,CAA+B,KAAI,IAAE,EAAE,CAAF,CAAF,CAAJ,CAAzC,CAAqD,GAAE,EAAE,KAAF,CAAQ,CAAR,IAAW,EAAE,KAAF,CAAQ,CAAR,EAAW,SAAX,EAAX,GAAkC,EAAE,IAAF,CAAO,CAAP,IAAU,CAAC,EAAE,KAAF,CAAQ,CAAR,IAAW,EAAE,UAAF,CAAa,CAAb,CAAX,CAAD,CAA6B,SAA7B,EAAV,GAAmD,EAAE,UAAF,CAAa,CAAb,CAAnD,CAAzF,OAAmK,EAAE,eAAF,IAAmB,CAAC,EAAE,IAAF,CAAO,CAAP,CAAD,GAAW,EAAE,IAAF,CAAO,WAAP,CAAmB,CAAnB,CAA9B,GAAoD,CAApD,CAAnK;GAAjB,SAAmP,CAAT,CAAW,CAAX,EAAa,CAAb,EAAe;AAAC,QAAG,CAAC,EAAE,KAAF,EAAQ,EAAE,KAAF,GAAQ,EAAR,EAAW,EAAE,UAAF,GAAa,EAAE,aAAF,EAAgB,EAAE,UAAF,GAAa,EAAE,sBAAF,EAAyB,EAAE,IAAF,GAAO,EAAE,UAAF,EAAP,CAA1F;AAChZ,MAAE,aAAF,GAAgB,UAAS,CAAT,EAAW;AAAC,aAAM,CAAC,EAAE,WAAF,GAAc,EAAE,UAAF,CAAa,CAAb,CAAf,GAA+B,EAAE,CAAF,EAAI,CAAJ,EAAM,CAAN,CAA/B,CAAP;KAAX,CAD+X,CACpU,CAAE,sBAAF,GAAyB,SAAS,KAAT,EAAe,6EAA2E,IAAI,IAAJ,GAAW,OAAX,CAAmB,MAAnB,EAA0B,UAAS,CAAT,EAAW;AAAC,QAAE,UAAF,CAAa,CAAb,EAAD,CAAiB,CAAE,IAAF,CAAO,aAAP,CAAqB,CAArB,EAAjB,OAA+C,QAAM,CAAN,GAAQ,IAAR,CAA/C;KAAX,CAArG,GAA8K,aAA9K,CAAf,CAA4M,CAA5M,EAA8M,EAAE,IAAF,CAAvO,CADoU;GAAf,SAC7D,CAAT,CAAW,CAAX,EAAa;AAAC,UAAI,IAAE,CAAF,CAAJ,CAAD,IAAc,IAAE,EAAE,CAAF,CAAF,CAAd,IAAwB,EAAE,OAAF,IAAW,CAAC,CAAD,IAAI,CAAC,EAAE,MAAF,EAAS;AAAC,UAAI,CAAJ;UAAM,IAAE,CAAF,CAAP,CAAW,GAAE,EAAE,aAAF,CAAgB,GAAhB,CAAF,CAAX,CAAkC,GAAE,EAAE,oBAAF,CAAuB,MAAvB,EAA+B,CAA/B,KAAmC,EAAE,eAAF,CAAvE,CAAyF,CAAE,SAAF,GAAY,iIAAZ,CAAzF;AACxX,UAAE,EAAE,YAAF,CAAe,EAAE,SAAF,EAAY,EAAE,UAAF,CAA7B,CADwX,CAC7U,CAAE,MAAF,GAAS,CAAC,CAAC,CAAD,CADmU;KAA5B,CACpS,IAAG,EAAE,CAAF,EAAI,CAAJ,CAAH,CAD+Q,OAC9P,CAAP,CADqQ;GAAb,IAC3O,IAAE,EAAE,KAAF,IAAS,EAAT;MAAY,IAAE,oEAAF;MAAuE,IAAE,4GAAF;MAA+G,CAAxM;MAA0M,IAAE,YAAF;MAAe,IAAE,CAAF;MAAI,IAAE,EAAF;MAAK,CAAlO,CAF7D,CAEkS,YAAU;AAAC,QAAG;AAAC,UAAI,IAAE,EAAE,aAAF,CAAgB,GAAhB,CAAF,CAAL,CAA4B,CAAE,SAAF,GAAY,aAAZ,CAA5B,CAAsD,GAAE,YAAW,CAAX,CAAxD,IAAyE,CAAJ,CAArE,IAA8E,EAAE,IAAE,KAAG,EAAE,UAAF,CAAa,MAAb,CAAP,EAA4B;AAAC,UAAE,aAAF,CAAgB,GAAhB,EAAD,IAA0B,IAAE,EAAE,sBAAF,EAAF,CAA1B,CAAuD,GAAE,eAAa,OAAO,EAAE,SAAF,IACrf,eAAa,OAAO,EAAE,sBAAF,IAA0B,eAAa,OAAO,EAAE,aAAF,CADsW;OAA/B,CACvT,GAAE,CAAF,CAD4O;KAAH,CACrO,OAAM,CAAN,EAAQ;AAAC,UAAE,IAAE,CAAC,CAAD,CAAL;KAAR;GAD0N,CAAD,GAFjS,IAGiG,IAAE,EAAC,UAAS,EAAE,QAAF,IAAY,4JAAZ,EAAyK,SAAQ,UAAR,EAAmB,SAAQ,CAAC,CAAD,KAAK,EAAE,OAAF,EAAU,yBAAwB,CAAxB,EAA0B,aAAY,CAAC,CAAD,KAAK,EAAE,WAAF,EAAc,MAAK,SAAL,EAAe,cAAa,CAAb,EAAe,eAAc,CAAd,EAAgB;AAAuB,sCAAS,CAAT,EAAW,CAAX,EAAa;AAAC,cAAI,IAAE,CAAF,CAAJ,CAAD,IAAa,CAAH,EAAK,OAAO,EAAE,sBAAF,EAAP,CAAL;AACne,aAAI,IAAI,IAAE,KAAG,EAAE,CAAF,CAAH,EAAQ,IAAE,EAAE,IAAF,CAAO,SAAP,EAAF,EAAqB,IAAE,CAAF,EAAI,IAAE,GAAF,EAAM,IAAE,EAAE,MAAF,EAAS,IAAE,CAAF,EAAI,GAAhE;AAAoE,YAAE,aAAF,CAAgB,EAAE,CAAF,CAAhB;SAApE,OAAiG,CAAP,CAD+X;OAAb;;;OAAvB,EAAtU,CAHjG,CAIuF,CAAE,KAAF,GAAQ,CAAR,CAJvF,CAIiG,CAAE,CAAF,EAJjG;CAAb,CAAD,CAIsH,IAJtH,EAI2H,QAJ3H","file":"/client/lib/compatibility/slicklab/js/html5shiv.js.map","sourcesContent":["/*\n HTML5 Shiv v3.6.2pre | @afarkas @jdalton @jon_neal @rem | MIT/GPL2 Licensed\n*/\n(function(l,f){function m(){var a=e.elements;return\"string\"==typeof a?a.split(\" \"):a}function i(a){var b=n[a[o]];b||(b={},h++,a[o]=h,n[h]=b);return b}function p(a,b,c){b||(b=f);if(g)return b.createElement(a);c||(c=i(b));b=c.cache[a]?c.cache[a].cloneNode():r.test(a)?(c.cache[a]=c.createElem(a)).cloneNode():c.createElem(a);return b.canHaveChildren&&!s.test(a)?c.frag.appendChild(b):b}function t(a,b){if(!b.cache)b.cache={},b.createElem=a.createElement,b.createFrag=a.createDocumentFragment,b.frag=b.createFrag();\na.createElement=function(c){return!e.shivMethods?b.createElem(c):p(c,a,b)};a.createDocumentFragment=Function(\"h,f\",\"return function(){var n=f.cloneNode(),c=n.createElement;h.shivMethods&&(\"+m().join().replace(/\\w+/g,function(a){b.createElem(a);b.frag.createElement(a);return'c(\"'+a+'\")'})+\");return n}\")(e,b.frag)}function q(a){a||(a=f);var b=i(a);if(e.shivCSS&&!j&&!b.hasCSS){var c,d=a;c=d.createElement(\"p\");d=d.getElementsByTagName(\"head\")[0]||d.documentElement;c.innerHTML=\"x<style>article,aside,figcaption,figure,footer,header,hgroup,nav,section{display:block}mark{background:#FF0;color:#000}</style>\";\nc=d.insertBefore(c.lastChild,d.firstChild);b.hasCSS=!!c}g||t(a,b);return a}var k=l.html5||{},s=/^<|^(?:button|map|select|textarea|object|iframe|option|optgroup)$/i,r=/^(?:a|b|code|div|fieldset|h1|h2|h3|h4|h5|h6|i|label|li|ol|p|q|span|strong|style|table|tbody|td|th|tr|ul)$/i,j,o=\"_html5shiv\",h=0,n={},g;(function(){try{var a=f.createElement(\"a\");a.innerHTML=\"<xyz></xyz>\";j=\"hidden\"in a;var b;if(!(b=1==a.childNodes.length)){f.createElement(\"a\");var c=f.createDocumentFragment();b=\"undefined\"==typeof c.cloneNode||\n\"undefined\"==typeof c.createDocumentFragment||\"undefined\"==typeof c.createElement}g=b}catch(d){g=j=!0}})();var e={elements:k.elements||\"abbr article aside audio bdi canvas data datalist details figcaption figure footer header hgroup mark meter nav output progress section summary time video\",version:\"3.6.2pre\",shivCSS:!1!==k.shivCSS,supportsUnknownElements:g,shivMethods:!1!==k.shivMethods,type:\"default\",shivDocument:q,createElement:p,createDocumentFragment:function(a,b){a||(a=f);if(g)return a.createDocumentFragment();\nfor(var b=b||i(a),c=b.frag.cloneNode(),d=0,e=m(),h=e.length;d<h;d++)c.createElement(e[d]);return c}};l.html5=e;q(f)})(this,document);\n"]},"hash":"9d8cb60c9ac8c115177a97af858f4ef697f35c19"}
