{"metadata":{"usedHelpers":[],"marked":[],"modules":{"imports":[],"exports":{"exported":[],"specifiers":[]}}},"options":{"filename":"/client/lib/compatibility/slicklab/js/file-input-init.js","filenameRelative":"/client/lib/compatibility/slicklab/js/file-input-init.js","env":{},"retainLines":false,"highlightCode":true,"suppressDeprecationMessages":false,"presets":[],"plugins":[[[],null],[[],null],[[],null],[[],null],[[],null],[[],null],[[],null],[[],{"polyfill":false}],[[],null],[[],null],[[],null],[[],null],[[],null],[[],null],[[],null],[[],null],[[],{"loose":true}],[[],{"loose":true}],[[],null],[[],{"loose":true}],[[],null],[[],null],[[],{"allowTopLevelThis":true,"strict":false,"loose":true}],[[],null],[[],null],[[],null],[[],null],[[],null],[[],{"loose":true}],[[],null],[[],null],[[],null],[[],null],[[],null],[[],null],[[],null],[[],null]],"ignore":[],"code":true,"metadata":true,"ast":false,"comments":true,"compact":false,"minified":false,"sourceMap":true,"sourceMaps":true,"sourceMapTarget":"/client/lib/compatibility/slicklab/js/file-input-init.js.map","sourceFileName":"/client/lib/compatibility/slicklab/js/file-input-init.js","babelrc":false,"sourceType":"module","moduleIds":false,"passPerPreset":false,"basename":"file-input-init"},"ignored":false,"code":"$(\"#file-0\").fileinput({\n    'allowedFileExtensions': ['jpg', 'png', 'gif']\n});\n$(\"#file-1\").fileinput({\n    initialPreview: [\"<img src='Desert.jpg' class='file-preview-image'>\", \"<img src='Jellyfish.jpg' class='file-preview-image'>\"],\n    initialPreviewConfig: [{ caption: 'Desert.jpg', width: '120px', url: '#' }, { caption: 'Jellyfish.jpg', width: '120px', url: '#' }],\n    uploadUrl: '#',\n    allowedFileExtensions: ['jpg', 'png', 'gif'],\n    overwriteInitial: false,\n    maxFileSize: 1000,\n    maxFilesNum: 10,\n    //allowedFileTypes: ['image', 'video', 'flash'],\n    slugCallback: function () {\n        function slugCallback(filename) {\n            return filename.replace('(', '_').replace(']', '_');\n        }\n\n        return slugCallback;\n    }()\n});\n/*\n $(\".file\").on('fileselect', function(event, n, l) {\n alert('File Selected. Name: ' + l + ', Num: ' + n);\n });\n */\n$(\"#file-3\").fileinput({\n    showUpload: false,\n    showCaption: false,\n    browseClass: \"btn btn-primary btn-lg\",\n    fileType: \"any\"\n});\n$(\"#file-4\").fileinput({\n    uploadExtraData: [{ kvId: '10' }]\n});\n$(\".btn-warning\").on('click', function () {\n    if ($('#file-4').attr('disabled')) {\n        $('#file-4').fileinput('enable');\n    } else {\n        $('#file-4').fileinput('disable');\n    }\n});\n$(\".btn-info\").on('click', function () {\n    $('#file-4').fileinput('refresh', { previewClass: 'bg-info' });\n});\n/*\n $('#file-4').on('fileselectnone', function() {\n alert('Huh! You selected no files.');\n });\n $('#file-4').on('filebrowse', function() {\n alert('File browse clicked for #file-4');\n });\n */\n$(document).ready(function () {\n    $(\"#test-upload\").fileinput({\n        'showPreview': false,\n        'allowedFileExtensions': ['jpg', 'png', 'gif'],\n        'elErrorContainer': '#errorBlock'\n    });\n    /*\n     $(\"#test-upload\").on('fileloaded', function(event, file, previewId, index) {\n     alert('i = ' + index + ', id = ' + previewId + ', file = ' + file.name);\n     });\n     */\n});","ast":null,"map":{"version":3,"sources":["/client/lib/compatibility/slicklab/js/file-input-init.js"],"names":[],"mappings":"AAAA,EAAE,SAAF,EAAa,SAAb,CAAuB;AACnB,6BAA0B,CAAC,KAAD,EAAQ,KAAR,EAAc,KAAd,CAA1B;CADJ;AAGA,EAAE,SAAF,EAAa,SAAb,CAAuB;AACnB,oBAAgB,CAAC,mDAAD,EAAsD,sDAAtD,CAAhB;AACA,0BAAsB,CAClB,EAAC,SAAS,YAAT,EAAuB,OAAO,OAAP,EAAgB,KAAK,GAAL,EADtB,EAElB,EAAC,SAAS,eAAT,EAA0B,OAAO,OAAP,EAAgB,KAAK,GAAL,EAFzB,CAAtB;AAIA,eAAW,GAAX;AACA,2BAAwB,CAAC,KAAD,EAAQ,KAAR,EAAc,KAAd,CAAxB;AACA,sBAAkB,KAAlB;AACA,iBAAa,IAAb;AACA,iBAAa,EAAb;;AAEA;AAAc,8BAAS,QAAT,EAAmB;AAC7B,mBAAO,SAAS,OAAT,CAAiB,GAAjB,EAAsB,GAAtB,EAA2B,OAA3B,CAAmC,GAAnC,EAAwC,GAAxC,CAAP,CAD6B;SAAnB;;;OAAd;CAZJ;;;;;;AAqBA,EAAE,SAAF,EAAa,SAAb,CAAuB;AACnB,gBAAY,KAAZ;AACA,iBAAa,KAAb;AACA,iBAAa,wBAAb;AACA,cAAU,KAAV;CAJJ;AAMA,EAAE,SAAF,EAAa,SAAb,CAAuB;AACnB,qBAAiB,CACb,EAAC,MAAM,IAAN,EADY,CAAjB;CADJ;AAKA,EAAE,cAAF,EAAkB,EAAlB,CAAqB,OAArB,EAA8B,YAAW;AACrC,QAAI,EAAE,SAAF,EAAa,IAAb,CAAkB,UAAlB,CAAJ,EAAmC;AAC/B,UAAE,SAAF,EAAa,SAAb,CAAuB,QAAvB,EAD+B;KAAnC,MAEO;AACH,UAAE,SAAF,EAAa,SAAb,CAAuB,SAAvB,EADG;KAFP;CAD0B,CAA9B;AAOA,EAAE,WAAF,EAAe,EAAf,CAAkB,OAAlB,EAA2B,YAAW;AAClC,MAAE,SAAF,EAAa,SAAb,CAAuB,SAAvB,EAAkC,EAAC,cAAa,SAAb,EAAnC,EADkC;CAAX,CAA3B;;;;;;;;;AAWA,EAAE,QAAF,EAAY,KAAZ,CAAkB,YAAW;AACzB,MAAE,cAAF,EAAkB,SAAlB,CAA4B;AACxB,uBAAgB,KAAhB;AACA,iCAA0B,CAAC,KAAD,EAAQ,KAAR,EAAc,KAAd,CAA1B;AACA,4BAAoB,aAApB;KAHJ;;;;;;AADyB,CAAX,CAAlB","file":"/client/lib/compatibility/slicklab/js/file-input-init.js.map","sourcesContent":["$(\"#file-0\").fileinput({\n    'allowedFileExtensions' : ['jpg', 'png','gif'],\n});\n$(\"#file-1\").fileinput({\n    initialPreview: [\"<img src='Desert.jpg' class='file-preview-image'>\", \"<img src='Jellyfish.jpg' class='file-preview-image'>\"],\n    initialPreviewConfig: [\n        {caption: 'Desert.jpg', width: '120px', url: '#'},\n        {caption: 'Jellyfish.jpg', width: '120px', url: '#'},\n    ],\n    uploadUrl: '#',\n    allowedFileExtensions : ['jpg', 'png','gif'],\n    overwriteInitial: false,\n    maxFileSize: 1000,\n    maxFilesNum: 10,\n    //allowedFileTypes: ['image', 'video', 'flash'],\n    slugCallback: function(filename) {\n        return filename.replace('(', '_').replace(']', '_');\n    }\n});\n/*\n $(\".file\").on('fileselect', function(event, n, l) {\n alert('File Selected. Name: ' + l + ', Num: ' + n);\n });\n */\n$(\"#file-3\").fileinput({\n    showUpload: false,\n    showCaption: false,\n    browseClass: \"btn btn-primary btn-lg\",\n    fileType: \"any\"\n});\n$(\"#file-4\").fileinput({\n    uploadExtraData: [\n        {kvId: '10'}\n    ],\n});\n$(\".btn-warning\").on('click', function() {\n    if ($('#file-4').attr('disabled')) {\n        $('#file-4').fileinput('enable');\n    } else {\n        $('#file-4').fileinput('disable');\n    }\n});\n$(\".btn-info\").on('click', function() {\n    $('#file-4').fileinput('refresh', {previewClass:'bg-info'});\n});\n/*\n $('#file-4').on('fileselectnone', function() {\n alert('Huh! You selected no files.');\n });\n $('#file-4').on('filebrowse', function() {\n alert('File browse clicked for #file-4');\n });\n */\n$(document).ready(function() {\n    $(\"#test-upload\").fileinput({\n        'showPreview' : false,\n        'allowedFileExtensions' : ['jpg', 'png','gif'],\n        'elErrorContainer': '#errorBlock'\n    });\n    /*\n     $(\"#test-upload\").on('fileloaded', function(event, file, previewId, index) {\n     alert('i = ' + index + ', id = ' + previewId + ', file = ' + file.name);\n     });\n     */\n});\n"]},"hash":"9f3989f808216510f83aeb32542a9042d94d400c"}
