{"metadata":{"usedHelpers":[],"marked":[],"modules":{"imports":[],"exports":{"exported":[],"specifiers":[]}}},"options":{"filename":"/client/lib/compatibility/slicklab/js/bs-input-mask.min.js","filenameRelative":"/client/lib/compatibility/slicklab/js/bs-input-mask.min.js","env":{},"retainLines":false,"highlightCode":true,"suppressDeprecationMessages":false,"presets":[],"plugins":[[[],null],[[],null],[[],null],[[],null],[[],null],[[],null],[[],null],[[],{"polyfill":false}],[[],null],[[],null],[[],null],[[],null],[[],null],[[],null],[[],null],[[],null],[[],{"loose":true}],[[],{"loose":true}],[[],null],[[],{"loose":true}],[[],null],[[],null],[[],{"allowTopLevelThis":true,"strict":false,"loose":true}],[[],null],[[],null],[[],null],[[],null],[[],null],[[],{"loose":true}],[[],null],[[],null],[[],null],[[],null],[[],null],[[],null],[[],null],[[],null]],"ignore":[],"code":true,"metadata":true,"ast":false,"comments":true,"compact":false,"minified":false,"sourceMap":true,"sourceMaps":true,"sourceMapTarget":"/client/lib/compatibility/slicklab/js/bs-input-mask.min.js.map","sourceFileName":"/client/lib/compatibility/slicklab/js/bs-input-mask.min.js","babelrc":false,"sourceType":"module","moduleIds":false,"passPerPreset":false,"basename":"bs-input-mask.min"},"ignored":false,"code":"/**\n* Bootstrap.js by @mdo and @fat, extended by @ArnoldDaniels.\n* plugins: bootstrap-inputmask.js\n* Copyright 2012 Twitter, Inc.\n* http://www.apache.org/licenses/LICENSE-2.0.txt\n*/\n!function (e) {\n  var t = window.orientation !== undefined,\n      n = navigator.userAgent.toLowerCase().indexOf(\"android\") > -1,\n      r = function r(t, _r) {\n    if (n) return;this.$element = e(t), this.options = e.extend({}, e.fn.inputmask.defaults, _r), this.mask = String(_r.mask), this.init(), this.listen(), this.checkVal();\n  };r.prototype = { init: function () {\n      function init() {\n        var t = this.options.definitions,\n            n = this.mask.length;this.tests = [], this.partialPosition = this.mask.length, this.firstNonMaskPos = null, e.each(this.mask.split(\"\"), e.proxy(function (e, r) {\n          r == \"?\" ? (n--, this.partialPosition = e) : t[r] ? (this.tests.push(new RegExp(t[r])), this.firstNonMaskPos === null && (this.firstNonMaskPos = this.tests.length - 1)) : this.tests.push(null);\n        }, this)), this.buffer = e.map(this.mask.split(\"\"), e.proxy(function (e, n) {\n          if (e != \"?\") return t[e] ? this.options.placeholder : e;\n        }, this)), this.focusText = this.$element.val(), this.$element.data(\"rawMaskFn\", e.proxy(function () {\n          return e.map(this.buffer, function (e, t) {\n            return this.tests[t] && e != this.options.placeholder ? e : null;\n          }).join(\"\");\n        }, this));\n      }\n\n      return init;\n    }(), listen: function () {\n      function listen() {\n        if (this.$element.attr(\"readonly\")) return;var t = (navigator.userAgent.match(/msie/i) ? \"paste\" : \"input\") + \".mask\";this.$element.on(\"unmask\", e.proxy(this.unmask, this)).on(\"focus.mask\", e.proxy(this.focusEvent, this)).on(\"blur.mask\", e.proxy(this.blurEvent, this)).on(\"keydown.mask\", e.proxy(this.keydownEvent, this)).on(\"keypress.mask\", e.proxy(this.keypressEvent, this)).on(t, e.proxy(this.pasteEvent, this));\n      }\n\n      return listen;\n    }(), caret: function () {\n      function caret(e, t) {\n        if (this.$element.length === 0) return;if (typeof e == \"number\") return t = typeof t == \"number\" ? t : e, this.$element.each(function () {\n          if (this.setSelectionRange) this.setSelectionRange(e, t);else if (this.createTextRange) {\n            var n = this.createTextRange();n.collapse(!0), n.moveEnd(\"character\", t), n.moveStart(\"character\", e), n.select();\n          }\n        });if (this.$element[0].setSelectionRange) e = this.$element[0].selectionStart, t = this.$element[0].selectionEnd;else if (document.selection && document.selection.createRange) {\n          var n = document.selection.createRange();e = 0 - n.duplicate().moveStart(\"character\", -1e5), t = e + n.text.length;\n        }return { begin: e, end: t };\n      }\n\n      return caret;\n    }(), seekNext: function () {\n      function seekNext(e) {\n        var t = this.mask.length;while (++e <= t && !this.tests[e]) {}return e;\n      }\n\n      return seekNext;\n    }(), seekPrev: function () {\n      function seekPrev(e) {\n        while (--e >= 0 && !this.tests[e]) {}return e;\n      }\n\n      return seekPrev;\n    }(), shiftL: function () {\n      function shiftL(e, t) {\n        var n = this.mask.length;if (e < 0) return;for (var r = e, i = this.seekNext(t); r < n; r++) {\n          if (this.tests[r]) {\n            if (!(i < n && this.tests[r].test(this.buffer[i]))) break;this.buffer[r] = this.buffer[i], this.buffer[i] = this.options.placeholder, i = this.seekNext(i);\n          }\n        }this.writeBuffer(), this.caret(Math.max(this.firstNonMaskPos, e));\n      }\n\n      return shiftL;\n    }(), shiftR: function () {\n      function shiftR(e) {\n        var t = this.mask.length;for (var n = e, r = this.options.placeholder; n < t; n++) {\n          if (this.tests[n]) {\n            var i = this.seekNext(n),\n                s = this.buffer[n];this.buffer[n] = r;if (!(i < t && this.tests[i].test(s))) break;r = s;\n          }\n        }\n      }\n\n      return shiftR;\n    }(), unmask: function () {\n      function unmask() {\n        this.$element.unbind(\".mask\").removeData(\"inputmask\");\n      }\n\n      return unmask;\n    }(), focusEvent: function () {\n      function focusEvent() {\n        this.focusText = this.$element.val();var t = this.mask.length,\n            n = this.checkVal();this.writeBuffer();var r = this,\n            i = function () {\n          function i() {\n            n == t ? r.caret(0, n) : r.caret(n);\n          }\n\n          return i;\n        }();e.browser.msie ? i() : setTimeout(i, 0);\n      }\n\n      return focusEvent;\n    }(), blurEvent: function () {\n      function blurEvent() {\n        this.checkVal(), this.$element.val() != this.focusText && this.$element.trigger(\"change\");\n      }\n\n      return blurEvent;\n    }(), keydownEvent: function () {\n      function keydownEvent(e) {\n        var n = e.which;if (n == 8 || n == 46 || t && n == 127) {\n          var r = this.caret(),\n              i = r.begin,\n              s = r.end;return s - i === 0 && (i = n != 46 ? this.seekPrev(i) : s = this.seekNext(i - 1), s = n == 46 ? this.seekNext(s) : s), this.clearBuffer(i, s), this.shiftL(i, s - 1), !1;\n        }if (n == 27) return this.$element.val(this.focusText), this.caret(0, this.checkVal()), !1;\n      }\n\n      return keydownEvent;\n    }(), keypressEvent: function () {\n      function keypressEvent(e) {\n        var t = this.mask.length,\n            n = e.which,\n            r = this.caret();if (e.ctrlKey || e.altKey || e.metaKey || n < 32) return !0;if (n) {\n          r.end - r.begin !== 0 && (this.clearBuffer(r.begin, r.end), this.shiftL(r.begin, r.end - 1));var i = this.seekNext(r.begin - 1);if (i < t) {\n            var s = String.fromCharCode(n);if (this.tests[i].test(s)) {\n              this.shiftR(i), this.buffer[i] = s, this.writeBuffer();var o = this.seekNext(i);this.caret(o);\n            }\n          }return !1;\n        }\n      }\n\n      return keypressEvent;\n    }(), pasteEvent: function () {\n      function pasteEvent() {\n        var e = this;setTimeout(function () {\n          e.caret(e.checkVal(!0));\n        }, 0);\n      }\n\n      return pasteEvent;\n    }(), clearBuffer: function () {\n      function clearBuffer(e, t) {\n        var n = this.mask.length;for (var r = e; r < t && r < n; r++) {\n          this.tests[r] && (this.buffer[r] = this.options.placeholder);\n        }\n      }\n\n      return clearBuffer;\n    }(), writeBuffer: function () {\n      function writeBuffer() {\n        return this.$element.val(this.buffer.join(\"\")).val();\n      }\n\n      return writeBuffer;\n    }(), checkVal: function () {\n      function checkVal(e) {\n        var t = this.mask.length,\n            n = this.$element.val(),\n            r = -1;for (var i = 0, s = 0; i < t; i++) {\n          if (this.tests[i]) {\n            this.buffer[i] = this.options.placeholder;while (s++ < n.length) {\n              var o = n.charAt(s - 1);if (this.tests[i].test(o)) {\n                this.buffer[i] = o, r = i;break;\n              }\n            }if (s > n.length) break;\n          } else this.buffer[i] == n.charAt(s) && i != this.partialPosition && (s++, r = i);\n        }if (!e && r + 1 < this.partialPosition) this.$element.val(\"\"), this.clearBuffer(0, t);else if (e || r + 1 >= this.partialPosition) this.writeBuffer(), e || this.$element.val(this.$element.val().substring(0, r + 1));return this.partialPosition ? i : this.firstNonMaskPos;\n      }\n\n      return checkVal;\n    }() }, e.fn.inputmask = function (t) {\n    return this.each(function () {\n      var n = e(this),\n          i = n.data(\"inputmask\");i || n.data(\"inputmask\", i = new r(this, t));\n    });\n  }, e.fn.inputmask.defaults = { mask: \"\", placeholder: \"_\", definitions: { 9: \"[0-9]\", a: \"[A-Za-z]\", \"?\": \"[A-Za-z0-9]\", \"*\": \".\" } }, e.fn.inputmask.Constructor = r, e(document).on(\"focus.inputmask.data-api\", \"[data-mask]\", function (t) {\n    var n = e(this);if (n.data(\"inputmask\")) return;t.preventDefault(), n.inputmask(n.data());\n  });\n}(window.jQuery);","ast":null,"map":{"version":3,"sources":["/client/lib/compatibility/slicklab/js/bs-input-mask.min.js"],"names":[],"mappings":";;;;;;AAMA,CAAC,UAAS,CAAT,EAAW;AAAC,MAAI,IAAE,OAAO,WAAP,KAAqB,SAArB;MAA+B,IAAE,UAAU,SAAV,CAAoB,WAApB,GAAkC,OAAlC,CAA0C,SAA1C,IAAqD,CAAC,CAAD;MAAG,IAAE,WAAS,CAAT,EAAW,EAAX,EAAa;AAAC,QAAG,CAAH,EAAK,OAAL,IAAY,CAAK,QAAL,GAAc,EAAE,CAAF,CAAd,EAAmB,KAAK,OAAL,GAAa,EAAE,MAAF,CAAS,EAAT,EAAY,EAAE,EAAF,CAAK,SAAL,CAAe,QAAf,EAAwB,EAApC,CAAb,EAAoD,KAAK,IAAL,GAAU,OAAO,GAAE,IAAF,CAAjB,EAAyB,KAAK,IAAL,EAAhG,EAA4G,KAAK,MAAL,EAA5G,EAA0H,KAAK,QAAL,EAA1H,CAAb;GAAb,CAAlG,CAAuQ,CAAE,SAAF,GAAY,EAAC;AAAK,sBAAU;AAAC,YAAI,IAAE,KAAK,OAAL,CAAa,WAAb;YAAyB,IAAE,KAAK,IAAL,CAAU,MAAV,CAAlC,IAAmD,CAAK,KAAL,GAAW,EAAX,EAAc,KAAK,eAAL,GAAqB,KAAK,IAAL,CAAU,MAAV,EAAiB,KAAK,eAAL,GAAqB,IAArB,EAA0B,EAAE,IAAF,CAAO,KAAK,IAAL,CAAU,KAAV,CAAgB,EAAhB,CAAP,EAA2B,EAAE,KAAF,CAAQ,UAAS,CAAT,EAAW,CAAX,EAAa;AAAC,eAAG,GAAH,IAAQ,KAAI,KAAK,eAAL,GAAqB,CAArB,CAAZ,GAAoC,EAAE,CAAF,KAAM,KAAK,KAAL,CAAW,IAAX,CAAgB,IAAI,MAAJ,CAAW,EAAE,CAAF,CAAX,CAAhB,GAAkC,KAAK,eAAL,KAAuB,IAAvB,KAA8B,KAAK,eAAL,GAAqB,KAAK,KAAL,CAAW,MAAX,GAAkB,CAAlB,CAAnD,CAAxC,GAAiH,KAAK,KAAL,CAAW,IAAX,CAAgB,IAAhB,CAAjH,CAArC;SAAb,EAA0L,IAAlM,CAA3B,CAA9E,EAAkT,KAAK,MAAL,GAAY,EAAE,GAAF,CAAM,KAAK,IAAL,CAAU,KAAV,CAAgB,EAAhB,CAAN,EAA0B,EAAE,KAAF,CAAQ,UAAS,CAAT,EAAW,CAAX,EAAa;AAAC,cAAG,KAAG,GAAH,EAAO,OAAO,EAAE,CAAF,IAAK,KAAK,OAAL,CAAa,WAAb,GAAyB,CAA9B,CAAjB;SAAd,EAAgE,IAAxE,CAA1B,CAAZ,EAAqH,KAAK,SAAL,GAAe,KAAK,QAAL,CAAc,GAAd,EAAf,EAAmC,KAAK,QAAL,CAAc,IAAd,CAAmB,WAAnB,EAA+B,EAAE,KAAF,CAAQ,YAAU;AAAC,iBAAO,EAAE,GAAF,CAAM,KAAK,MAAL,EAAY,UAAS,CAAT,EAAW,CAAX,EAAa;AAAC,mBAAO,KAAK,KAAL,CAAW,CAAX,KAAe,KAAG,KAAK,OAAL,CAAa,WAAb,GAAyB,CAA3C,GAA6C,IAA7C,CAAR;WAAb,CAAlB,CAA2F,IAA3F,CAAgG,EAAhG,CAAP,CAAD;SAAV,EAAuH,IAA/H,CAA/B,CAA1c,CAAnD;OAAV;;;OAAL,EAAkrB;AAAO,wBAAU;AAAC,YAAG,KAAK,QAAL,CAAc,IAAd,CAAmB,UAAnB,CAAH,EAAkC,OAAlC,IAA6C,IAAE,CAAC,UAAU,SAAV,CAAoB,KAApB,CAA0B,OAA1B,IAAmC,OAAnC,GAA2C,OAA3C,CAAD,GAAqD,OAArD,CAAhD,IAA6G,CAAK,QAAL,CAAc,EAAd,CAAiB,QAAjB,EAA0B,EAAE,KAAF,CAAQ,KAAK,MAAL,EAAY,IAApB,CAA1B,EAAqD,EAArD,CAAwD,YAAxD,EAAqE,EAAE,KAAF,CAAQ,KAAK,UAAL,EAAgB,IAAxB,CAArE,EAAoG,EAApG,CAAuG,WAAvG,EAAmH,EAAE,KAAF,CAAQ,KAAK,SAAL,EAAe,IAAvB,CAAnH,EAAiJ,EAAjJ,CAAoJ,cAApJ,EAAmK,EAAE,KAAF,CAAQ,KAAK,YAAL,EAAkB,IAA1B,CAAnK,EAAoM,EAApM,CAAuM,eAAvM,EAAuN,EAAE,KAAF,CAAQ,KAAK,aAAL,EAAmB,IAA3B,CAAvN,EAAyP,EAAzP,CAA4P,CAA5P,EAA8P,EAAE,KAAF,CAAQ,KAAK,UAAL,EAAgB,IAAxB,CAA9P,EAA7G;OAAV;;;OAAP,EAA4Z;AAAM,qBAAS,CAAT,EAAW,CAAX,EAAa;AAAC,YAAG,KAAK,QAAL,CAAc,MAAd,KAAuB,CAAvB,EAAyB,OAA5B,IAAsC,OAAO,CAAP,IAAU,QAAV,EAAmB,OAAO,IAAE,OAAO,CAAP,IAAU,QAAV,GAAmB,CAAnB,GAAqB,CAArB,EAAuB,KAAK,QAAL,CAAc,IAAd,CAAmB,YAAU;AAAC,cAAG,KAAK,iBAAL,EAAuB,KAAK,iBAAL,CAAuB,CAAvB,EAAyB,CAAzB,EAA1B,KAA2D,IAAG,KAAK,eAAL,EAAqB;AAAC,gBAAI,IAAE,KAAK,eAAL,EAAF,CAAL,CAA8B,CAAE,QAAF,CAAW,CAAC,CAAD,CAAX,EAAe,EAAE,OAAF,CAAU,WAAV,EAAsB,CAAtB,CAAf,EAAwC,EAAE,SAAF,CAAY,WAAZ,EAAwB,CAAxB,CAAxC,EAAmE,EAAE,MAAF,EAAnE,CAA9B;WAAxB;SAAtE,CAA5C,CAA7B,IAAyR,KAAK,QAAL,CAAc,CAAd,EAAiB,iBAAjB,EAAmC,IAAE,KAAK,QAAL,CAAc,CAAd,EAAiB,cAAjB,EAAgC,IAAE,KAAK,QAAL,CAAc,CAAd,EAAiB,YAAjB,CAA1E,KAA6G,IAAG,SAAS,SAAT,IAAoB,SAAS,SAAT,CAAmB,WAAnB,EAA+B;AAAC,cAAI,IAAE,SAAS,SAAT,CAAmB,WAAnB,EAAF,CAAL,CAAwC,GAAE,IAAE,EAAE,SAAF,GAAc,SAAd,CAAwB,WAAxB,EAAoC,CAAC,GAAD,CAAtC,EAA4C,IAAE,IAAE,EAAE,IAAF,CAAO,MAAP,CAA1F;SAAtD,OAAoK,EAAC,OAAM,CAAN,EAAQ,KAAI,CAAJ,EAAf,CAArkB;OAAb;;;OAAN,EAA+mB;AAAS,wBAAS,CAAT,EAAW;AAAC,YAAI,IAAE,KAAK,IAAL,CAAU,MAAV,CAAP,OAA8B,EAAE,CAAF,IAAK,CAAL,IAAQ,CAAC,KAAK,KAAL,CAAW,CAAX,CAAD,IAAd,OAAqC,CAAP,CAAtD;OAAX;;;OAAT,EAAoF;AAAS,wBAAS,CAAT,EAAW;AAAC,eAAM,EAAE,CAAF,IAAK,CAAL,IAAQ,CAAC,KAAK,KAAL,CAAW,CAAX,CAAD,IAAd,OAAqC,CAAP,CAA/B;OAAX;;;OAAT,EAA6D;AAAO,sBAAS,CAAT,EAAW,CAAX,EAAa;AAAC,YAAI,IAAE,KAAK,IAAL,CAAU,MAAV,CAAP,IAA2B,IAAE,CAAF,EAAI,OAAP,KAAkB,IAAI,IAAE,CAAF,EAAI,IAAE,KAAK,QAAL,CAAc,CAAd,CAAF,EAAmB,IAAE,CAAF,EAAI,GAAnC;AAAuC,cAAG,KAAK,KAAL,CAAW,CAAX,CAAH,EAAiB;AAAC,gBAAG,EAAE,IAAE,CAAF,IAAK,KAAK,KAAL,CAAW,CAAX,EAAc,IAAd,CAAmB,KAAK,MAAL,CAAY,CAAZ,CAAnB,CAAL,CAAF,EAA2C,MAA9C,IAAoD,CAAK,MAAL,CAAY,CAAZ,IAAe,KAAK,MAAL,CAAY,CAAZ,CAAf,EAA8B,KAAK,MAAL,CAAY,CAAZ,IAAe,KAAK,OAAL,CAAa,WAAb,EAAyB,IAAE,KAAK,QAAL,CAAc,CAAd,CAAF,CAA3H;WAAjB;SAAvC,IAAsM,CAAK,WAAL,IAAmB,KAAK,KAAL,CAAW,KAAK,GAAL,CAAS,KAAK,eAAL,EAAqB,CAA9B,CAAX,CAAnB,CAA5O;OAAb;;;OAAP,EAAiU;AAAO,sBAAS,CAAT,EAAW;AAAC,YAAI,IAAE,KAAK,IAAL,CAAU,MAAV,CAAP,KAA4B,IAAI,IAAE,CAAF,EAAI,IAAE,KAAK,OAAL,CAAa,WAAb,EAAyB,IAAE,CAAF,EAAI,GAA3C;AAA+C,cAAG,KAAK,KAAL,CAAW,CAAX,CAAH,EAAiB;AAAC,gBAAI,IAAE,KAAK,QAAL,CAAc,CAAd,CAAF;gBAAmB,IAAE,KAAK,MAAL,CAAY,CAAZ,CAAF,CAAxB,IAAyC,CAAK,MAAL,CAAY,CAAZ,IAAe,CAAf,CAAzC,IAA6D,EAAE,IAAE,CAAF,IAAK,KAAK,KAAL,CAAW,CAAX,EAAc,IAAd,CAAmB,CAAnB,CAAL,CAAF,EAA8B,MAAjC,CAAuC,GAAE,CAAF,CAAjG;WAAjB;SAA/C;OAAnC;;;OAAP,EAAiN;AAAO,wBAAU;AAAC,aAAK,QAAL,CAAc,MAAd,CAAqB,OAArB,EAA8B,UAA9B,CAAyC,WAAzC,EAAD;OAAV;;;OAAP,EAAyE;AAAW,4BAAU;AAAC,aAAK,SAAL,GAAe,KAAK,QAAL,CAAc,GAAd,EAAf,CAAD,IAAwC,IAAE,KAAK,IAAL,CAAU,MAAV;YAAiB,IAAE,KAAK,QAAL,EAAF,CAA3D,IAA6E,CAAK,WAAL,GAA7E,IAAoG,IAAE,IAAF;YAAO;AAAE,mBAAF,CAAE,GAAU;AAAC,iBAAG,CAAH,GAAK,EAAE,KAAF,CAAQ,CAAR,EAAU,CAAV,CAAL,GAAkB,EAAE,KAAF,CAAQ,CAAR,CAAlB,CAAD;WAAV;;iBAAF;WAAX,CAAhG,CAAsJ,CAAE,OAAF,CAAU,IAAV,GAAe,GAAf,GAAmB,WAAW,CAAX,EAAa,CAAb,CAAnB,CAAtJ;OAAV;;;OAAX,EAA+M;AAAU,2BAAU;AAAC,aAAK,QAAL,IAAgB,KAAK,QAAL,CAAc,GAAd,MAAqB,KAAK,SAAL,IAAgB,KAAK,QAAL,CAAc,OAAd,CAAsB,QAAtB,CAArC,CAAjB;OAAV;;;OAAV,EAA2G;AAAa,4BAAS,CAAT,EAAW;AAAC,YAAI,IAAE,EAAE,KAAF,CAAP,IAAkB,KAAG,CAAH,IAAM,KAAG,EAAH,IAAO,KAAG,KAAG,GAAH,EAAO;AAAC,cAAI,IAAE,KAAK,KAAL,EAAF;cAAe,IAAE,EAAE,KAAF;cAAQ,IAAE,EAAE,GAAF,CAAhC,OAA6C,IAAE,CAAF,KAAM,CAAN,KAAU,IAAE,KAAG,EAAH,GAAM,KAAK,QAAL,CAAc,CAAd,CAAN,GAAuB,IAAE,KAAK,QAAL,CAAc,IAAE,CAAF,CAAhB,EAAqB,IAAE,KAAG,EAAH,GAAM,KAAK,QAAL,CAAc,CAAd,CAAN,GAAuB,CAAvB,CAA1D,EAAoF,KAAK,WAAL,CAAiB,CAAjB,EAAmB,CAAnB,CAApF,EAA0G,KAAK,MAAL,CAAY,CAAZ,EAAc,IAAE,CAAF,CAAxH,EAA6H,CAAC,CAAD,CAA1K;SAA1B,IAA0M,KAAG,EAAH,EAAM,OAAO,KAAK,QAAL,CAAc,GAAd,CAAkB,KAAK,SAAL,CAAlB,EAAkC,KAAK,KAAL,CAAW,CAAX,EAAa,KAAK,QAAL,EAAb,CAAlC,EAAgE,CAAC,CAAD,CAAhF;OAAjO;;;OAAb,EAAkU;AAAc,6BAAS,CAAT,EAAW;AAAC,YAAI,IAAE,KAAK,IAAL,CAAU,MAAV;YAAiB,IAAE,EAAE,KAAF;YAAQ,IAAE,KAAK,KAAL,EAAF,CAAlC,IAAoD,EAAE,OAAF,IAAW,EAAE,MAAF,IAAU,EAAE,OAAF,IAAW,IAAE,EAAF,EAAK,OAAM,CAAC,CAAD,CAA9C,IAAoD,CAAH,EAAK;AAAC,YAAE,GAAF,GAAM,EAAE,KAAF,KAAU,CAAhB,KAAoB,KAAK,WAAL,CAAiB,EAAE,KAAF,EAAQ,EAAE,GAAF,CAAzB,EAAgC,KAAK,MAAL,CAAY,EAAE,KAAF,EAAQ,EAAE,GAAF,GAAM,CAAN,CAApD,CAApB,CAAD,IAAuF,IAAE,KAAK,QAAL,CAAc,EAAE,KAAF,GAAQ,CAAR,CAAhB,CAAvF,IAAqH,IAAE,CAAF,EAAI;AAAC,gBAAI,IAAE,OAAO,YAAP,CAAoB,CAApB,CAAF,CAAL,IAAiC,KAAK,KAAL,CAAW,CAAX,EAAc,IAAd,CAAmB,CAAnB,CAAH,EAAyB;AAAC,mBAAK,MAAL,CAAY,CAAZ,GAAe,KAAK,MAAL,CAAY,CAAZ,IAAe,CAAf,EAAiB,KAAK,WAAL,EAAhC,CAAD,IAAwD,IAAE,KAAK,QAAL,CAAc,CAAd,CAAF,CAAxD,IAA2E,CAAK,KAAL,CAAW,CAAX,EAA3E;aAAzB;WAArC,OAA8J,CAAC,CAAD,CAAhR;SAAL;OAA7G;;;OAAd,EAAqZ;AAAW,4BAAU;AAAC,YAAI,IAAE,IAAF,CAAL,UAAY,CAAW,YAAU;AAAC,YAAE,KAAF,CAAQ,EAAE,QAAF,CAAW,CAAC,CAAD,CAAnB,EAAD;SAAV,EAAoC,CAA/C,EAAZ;OAAV;;;OAAX,EAAoF;AAAY,2BAAS,CAAT,EAAW,CAAX,EAAa;AAAC,YAAI,IAAE,KAAK,IAAL,CAAU,MAAV,CAAP,KAA4B,IAAI,IAAE,CAAF,EAAI,IAAE,CAAF,IAAK,IAAE,CAAF,EAAI,GAArB;AAAyB,eAAK,KAAL,CAAW,CAAX,MAAgB,KAAK,MAAL,CAAY,CAAZ,IAAe,KAAK,OAAL,CAAa,WAAb,CAA/B;SAAzB;OAArC;;;OAAZ,EAAoI;AAAY,6BAAU;AAAC,eAAO,KAAK,QAAL,CAAc,GAAd,CAAkB,KAAK,MAAL,CAAY,IAAZ,CAAiB,EAAjB,CAAlB,EAAwC,GAAxC,EAAP,CAAD;OAAV;;;OAAZ,EAA6E;AAAS,wBAAS,CAAT,EAAW;AAAC,YAAI,IAAE,KAAK,IAAL,CAAU,MAAV;YAAiB,IAAE,KAAK,QAAL,CAAc,GAAd,EAAF;YAAsB,IAAE,CAAC,CAAD,CAAhD,KAAuD,IAAI,IAAE,CAAF,EAAI,IAAE,CAAF,EAAI,IAAE,CAAF,EAAI,GAApB;AAAwB,cAAG,KAAK,KAAL,CAAW,CAAX,CAAH,EAAiB;AAAC,iBAAK,MAAL,CAAY,CAAZ,IAAe,KAAK,OAAL,CAAa,WAAb,CAAhB,OAA+C,MAAI,EAAE,MAAF,EAAS;AAAC,kBAAI,IAAE,EAAE,MAAF,CAAS,IAAE,CAAF,CAAX,CAAL,IAAwB,KAAK,KAAL,CAAW,CAAX,EAAc,IAAd,CAAmB,CAAnB,CAAH,EAAyB;AAAC,qBAAK,MAAL,CAAY,CAAZ,IAAe,CAAf,EAAiB,IAAE,CAAF,CAAlB;eAAzB;aAAxC,IAAiG,IAAE,EAAE,MAAF,EAAS,MAAd;WAAxJ,MAAiL,KAAK,MAAL,CAAY,CAAZ,KAAgB,EAAE,MAAF,CAAS,CAAT,CAAhB,IAA6B,KAAG,KAAK,eAAL,KAAuB,KAAI,IAAE,CAAF,CAA3D,CAAjL;SAAxB,IAA4Q,CAAC,CAAD,IAAI,IAAE,CAAF,GAAI,KAAK,eAAL,EAAqB,KAAK,QAAL,CAAc,GAAd,CAAkB,EAAlB,GAAsB,KAAK,WAAL,CAAiB,CAAjB,EAAmB,CAAnB,CAAtB,CAAhC,KAAiF,IAAG,KAAG,IAAE,CAAF,IAAK,KAAK,eAAL,EAAqB,KAAK,WAAL,IAAmB,KAAG,KAAK,QAAL,CAAc,GAAd,CAAkB,KAAK,QAAL,CAAc,GAAd,GAAoB,SAApB,CAA8B,CAA9B,EAAgC,IAAE,CAAF,CAAlD,CAAH,CAAnD,OAAqH,KAAK,eAAL,GAAqB,CAArB,GAAuB,KAAK,eAAL,CAAzhB;OAAX;;;OAAT,EAA5uH,EAAgzI,EAAE,EAAF,CAAK,SAAL,GAAe,UAAS,CAAT,EAAW;AAAC,WAAO,KAAK,IAAL,CAAU,YAAU;AAAC,UAAI,IAAE,EAAE,IAAF,CAAF;UAAU,IAAE,EAAE,IAAF,CAAO,WAAP,CAAF,CAAf,CAAqC,IAAG,EAAE,IAAF,CAAO,WAAP,EAAmB,IAAE,IAAI,CAAJ,CAAM,IAAN,EAAW,CAAX,CAAF,CAAtB,CAArC;KAAV,CAAjB,CAAD;GAAX,EAAsH,EAAE,EAAF,CAAK,SAAL,CAAe,QAAf,GAAwB,EAAC,MAAK,EAAL,EAAQ,aAAY,GAAZ,EAAgB,aAAY,EAAC,GAAE,OAAF,EAAU,GAAE,UAAF,EAAa,KAAI,aAAJ,EAAkB,KAAI,GAAJ,EAAtD,EAAjD,EAAiH,EAAE,EAAF,CAAK,SAAL,CAAe,WAAf,GAA2B,CAA3B,EAA6B,EAAE,QAAF,EAAY,EAAZ,CAAe,0BAAf,EAA0C,aAA1C,EAAwD,UAAS,CAAT,EAAW;AAAC,QAAI,IAAE,EAAE,IAAF,CAAF,CAAL,IAAkB,EAAE,IAAF,CAAO,WAAP,CAAH,EAAuB,OAAvB,CAA8B,CAAE,cAAF,IAAmB,EAAE,SAAF,CAAY,EAAE,IAAF,EAAZ,CAAnB,CAA7C;GAAX,CAA3nJ,CAAvQ;CAAX,CAAi/J,OAAO,MAAP,CAAl/J","file":"/client/lib/compatibility/slicklab/js/bs-input-mask.min.js.map","sourcesContent":["/**\n* Bootstrap.js by @mdo and @fat, extended by @ArnoldDaniels.\n* plugins: bootstrap-inputmask.js\n* Copyright 2012 Twitter, Inc.\n* http://www.apache.org/licenses/LICENSE-2.0.txt\n*/\n!function(e){var t=window.orientation!==undefined,n=navigator.userAgent.toLowerCase().indexOf(\"android\")>-1,r=function(t,r){if(n)return;this.$element=e(t),this.options=e.extend({},e.fn.inputmask.defaults,r),this.mask=String(r.mask),this.init(),this.listen(),this.checkVal()};r.prototype={init:function(){var t=this.options.definitions,n=this.mask.length;this.tests=[],this.partialPosition=this.mask.length,this.firstNonMaskPos=null,e.each(this.mask.split(\"\"),e.proxy(function(e,r){r==\"?\"?(n--,this.partialPosition=e):t[r]?(this.tests.push(new RegExp(t[r])),this.firstNonMaskPos===null&&(this.firstNonMaskPos=this.tests.length-1)):this.tests.push(null)},this)),this.buffer=e.map(this.mask.split(\"\"),e.proxy(function(e,n){if(e!=\"?\")return t[e]?this.options.placeholder:e},this)),this.focusText=this.$element.val(),this.$element.data(\"rawMaskFn\",e.proxy(function(){return e.map(this.buffer,function(e,t){return this.tests[t]&&e!=this.options.placeholder?e:null}).join(\"\")},this))},listen:function(){if(this.$element.attr(\"readonly\"))return;var t=(navigator.userAgent.match(/msie/i)?\"paste\":\"input\")+\".mask\";this.$element.on(\"unmask\",e.proxy(this.unmask,this)).on(\"focus.mask\",e.proxy(this.focusEvent,this)).on(\"blur.mask\",e.proxy(this.blurEvent,this)).on(\"keydown.mask\",e.proxy(this.keydownEvent,this)).on(\"keypress.mask\",e.proxy(this.keypressEvent,this)).on(t,e.proxy(this.pasteEvent,this))},caret:function(e,t){if(this.$element.length===0)return;if(typeof e==\"number\")return t=typeof t==\"number\"?t:e,this.$element.each(function(){if(this.setSelectionRange)this.setSelectionRange(e,t);else if(this.createTextRange){var n=this.createTextRange();n.collapse(!0),n.moveEnd(\"character\",t),n.moveStart(\"character\",e),n.select()}});if(this.$element[0].setSelectionRange)e=this.$element[0].selectionStart,t=this.$element[0].selectionEnd;else if(document.selection&&document.selection.createRange){var n=document.selection.createRange();e=0-n.duplicate().moveStart(\"character\",-1e5),t=e+n.text.length}return{begin:e,end:t}},seekNext:function(e){var t=this.mask.length;while(++e<=t&&!this.tests[e]);return e},seekPrev:function(e){while(--e>=0&&!this.tests[e]);return e},shiftL:function(e,t){var n=this.mask.length;if(e<0)return;for(var r=e,i=this.seekNext(t);r<n;r++)if(this.tests[r]){if(!(i<n&&this.tests[r].test(this.buffer[i])))break;this.buffer[r]=this.buffer[i],this.buffer[i]=this.options.placeholder,i=this.seekNext(i)}this.writeBuffer(),this.caret(Math.max(this.firstNonMaskPos,e))},shiftR:function(e){var t=this.mask.length;for(var n=e,r=this.options.placeholder;n<t;n++)if(this.tests[n]){var i=this.seekNext(n),s=this.buffer[n];this.buffer[n]=r;if(!(i<t&&this.tests[i].test(s)))break;r=s}},unmask:function(){this.$element.unbind(\".mask\").removeData(\"inputmask\")},focusEvent:function(){this.focusText=this.$element.val();var t=this.mask.length,n=this.checkVal();this.writeBuffer();var r=this,i=function(){n==t?r.caret(0,n):r.caret(n)};e.browser.msie?i():setTimeout(i,0)},blurEvent:function(){this.checkVal(),this.$element.val()!=this.focusText&&this.$element.trigger(\"change\")},keydownEvent:function(e){var n=e.which;if(n==8||n==46||t&&n==127){var r=this.caret(),i=r.begin,s=r.end;return s-i===0&&(i=n!=46?this.seekPrev(i):s=this.seekNext(i-1),s=n==46?this.seekNext(s):s),this.clearBuffer(i,s),this.shiftL(i,s-1),!1}if(n==27)return this.$element.val(this.focusText),this.caret(0,this.checkVal()),!1},keypressEvent:function(e){var t=this.mask.length,n=e.which,r=this.caret();if(e.ctrlKey||e.altKey||e.metaKey||n<32)return!0;if(n){r.end-r.begin!==0&&(this.clearBuffer(r.begin,r.end),this.shiftL(r.begin,r.end-1));var i=this.seekNext(r.begin-1);if(i<t){var s=String.fromCharCode(n);if(this.tests[i].test(s)){this.shiftR(i),this.buffer[i]=s,this.writeBuffer();var o=this.seekNext(i);this.caret(o)}}return!1}},pasteEvent:function(){var e=this;setTimeout(function(){e.caret(e.checkVal(!0))},0)},clearBuffer:function(e,t){var n=this.mask.length;for(var r=e;r<t&&r<n;r++)this.tests[r]&&(this.buffer[r]=this.options.placeholder)},writeBuffer:function(){return this.$element.val(this.buffer.join(\"\")).val()},checkVal:function(e){var t=this.mask.length,n=this.$element.val(),r=-1;for(var i=0,s=0;i<t;i++)if(this.tests[i]){this.buffer[i]=this.options.placeholder;while(s++<n.length){var o=n.charAt(s-1);if(this.tests[i].test(o)){this.buffer[i]=o,r=i;break}}if(s>n.length)break}else this.buffer[i]==n.charAt(s)&&i!=this.partialPosition&&(s++,r=i);if(!e&&r+1<this.partialPosition)this.$element.val(\"\"),this.clearBuffer(0,t);else if(e||r+1>=this.partialPosition)this.writeBuffer(),e||this.$element.val(this.$element.val().substring(0,r+1));return this.partialPosition?i:this.firstNonMaskPos}},e.fn.inputmask=function(t){return this.each(function(){var n=e(this),i=n.data(\"inputmask\");i||n.data(\"inputmask\",i=new r(this,t))})},e.fn.inputmask.defaults={mask:\"\",placeholder:\"_\",definitions:{9:\"[0-9]\",a:\"[A-Za-z]\",\"?\":\"[A-Za-z0-9]\",\"*\":\".\"}},e.fn.inputmask.Constructor=r,e(document).on(\"focus.inputmask.data-api\",\"[data-mask]\",function(t){var n=e(this);if(n.data(\"inputmask\"))return;t.preventDefault(),n.inputmask(n.data())})}(window.jQuery)"]},"hash":"a0b2371f61b605e6374ffa40cac702b8c9a936d8"}
