{"metadata":{"usedHelpers":[],"marked":[],"modules":{"imports":[],"exports":{"exported":[],"specifiers":[]}}},"options":{"filename":"/client/lib/compatibility/slicklab/js/sparkline/sparkline-init.js","filenameRelative":"/client/lib/compatibility/slicklab/js/sparkline/sparkline-init.js","env":{},"retainLines":false,"highlightCode":true,"suppressDeprecationMessages":false,"presets":[],"plugins":[[[],null],[[],null],[[],null],[[],null],[[],null],[[],null],[[],null],[[],{"polyfill":false}],[[],null],[[],null],[[],null],[[],null],[[],null],[[],null],[[],null],[[],null],[[],{"loose":true}],[[],{"loose":true}],[[],null],[[],{"loose":true}],[[],null],[[],null],[[],{"allowTopLevelThis":true,"strict":false,"loose":true}],[[],null],[[],null],[[],null],[[],null],[[],null],[[],{"loose":true}],[[],null],[[],null],[[],null],[[],null],[[],null],[[],null],[[],null],[[],null]],"ignore":[],"code":true,"metadata":true,"ast":false,"comments":true,"compact":false,"minified":false,"sourceMap":true,"sourceMaps":true,"sourceMapTarget":"/client/lib/compatibility/slicklab/js/sparkline/sparkline-init.js.map","sourceFileName":"/client/lib/compatibility/slicklab/js/sparkline/sparkline-init.js","babelrc":false,"sourceType":"module","moduleIds":false,"passPerPreset":false,"basename":"sparkline-init"},"ignored":false,"code":"var Script = function () {\n    $(\".sparkline\").each(function () {\n        var $data = $(this).data();\n\n        $data.valueSpots = { '0:': $data.spotColor };\n\n        $(this).sparkline($data.data || \"html\", $data, {\n            tooltipFormat: '<span style=\"display:block; padding:0px 10px 12px 0px;\">' + '<span style=\"color: {{color}}\">&#9679;</span> {{offset:names}} ({{percent.1}}%)</span>'\n        });\n    });\n\n    //income expense progress bar\n\n    $(\"#balance\").sparkline([87, 109, 111, 95, 120, 99, 87, 100, 67, 75, 65, 87], {\n        type: 'bar',\n        height: '32',\n        barWidth: 5,\n        barSpacing: 2,\n        barColor: '#c5c5ca'\n    });\n\n    $(\"#item-sold\").sparkline([102, 109, 90, 120, 70, 99, 110, 80, 87, 50, 65, 74], {\n        type: 'bar',\n        height: '32',\n        barWidth: 5,\n        barSpacing: 2,\n        barColor: '#c5c5ca'\n    });\n\n    $(\"#foreign-visit\").sparkline([102, 109, 120, 99, 110, 80, 87, 74], {\n        type: 'bar',\n        height: '32',\n        barWidth: 5,\n        barSpacing: 2,\n        barColor: '#79d4a7'\n    });\n\n    $(\"#monthly-visit\").sparkline([99, 110, 80, 102, 109, 120, 87, 74], {\n        type: 'bar',\n        height: '32',\n        barWidth: 5,\n        barSpacing: 2,\n        barColor: '#f47669'\n    });\n\n    $(\"#unique-visit\").sparkline([110, 105, 99, 110, 102, 109, 120], {\n        type: 'bar',\n        height: '32',\n        barWidth: 5,\n        barSpacing: 2,\n        barColor: '#57c8f1'\n    });\n\n    $(\"#page-view-graph\").sparkline([102, 109, 90, 120, 70, 99, 110, 80, 87, 50, 65, 74, 102, 109, 90, 120, 70, 99, 110], {\n        type: 'bar',\n        height: '35',\n        barWidth: 5,\n        barSpacing: 2,\n        barColor: '#a979d1'\n    });\n\n    $(\"#m-g-light\").sparkline([102, 109, 90, 120, 70, 99, 110, 80, 87, 50, 65, 74, 102, 109, 90, 120, 70, 99, 110], {\n        type: 'bar',\n        height: '35',\n        barWidth: 5,\n        barSpacing: 2,\n        barColor: '#e4e4e4'\n    });\n\n    $(\"#m-g-dark\").sparkline([102, 109, 90, 120, 70, 99, 110, 80, 87, 50, 65, 74, 102, 109, 90, 120, 70, 99, 110], {\n        type: 'bar',\n        height: '35',\n        barWidth: 5,\n        barSpacing: 2,\n        barColor: '#5f5f5f'\n    });\n\n    $(\".weather-chart\").each(function () {\n        var $data = $(this).data();\n\n        $data.valueSpots = { '0:': $data.spotColor };\n\n        $(this).sparkline($data.data || \"html\", $data, {\n            tooltipFormat: '<span style=\"display:block; padding:0px 10px 12px 0px;\">' + '<span style=\"color: {{color}}\">&#9679;</span> {{offset:names}} ({{percent.1}}%)</span>'\n        });\n    });\n}();","ast":null,"map":{"version":3,"sources":["/client/lib/compatibility/slicklab/js/sparkline/sparkline-init.js"],"names":[],"mappings":"AAAA,IAAI,SAAS,YAAY;AACrB,MAAE,YAAF,EAAgB,IAAhB,CAAqB,YAAU;AAC3B,YAAI,QAAQ,EAAE,IAAF,EAAQ,IAAR,EAAR,CADuB;;AAG3B,cAAM,UAAN,GAAmB,EAAC,MAAM,MAAM,SAAN,EAA1B,CAH2B;;AAK3B,UAAE,IAAF,EAAQ,SAAR,CAAmB,MAAM,IAAN,IAAc,MAAd,EAAsB,KAAzC,EACI;AACI,2BAAe,6DACX,wFADW;SAFvB,EAL2B;KAAV,CAArB;;;;AADqB,KAgBrB,CAAE,UAAF,EAAc,SAAd,CAAwB,CAAC,EAAD,EAAI,GAAJ,EAAQ,GAAR,EAAY,EAAZ,EAAe,GAAf,EAAmB,EAAnB,EAAsB,EAAtB,EAAyB,GAAzB,EAA6B,EAA7B,EAAgC,EAAhC,EAAmC,EAAnC,EAAsC,EAAtC,CAAxB,EAAmE;AAC/D,cAAM,KAAN;AACA,gBAAQ,IAAR;AACA,kBAAU,CAAV;AACA,oBAAY,CAAZ;AACA,kBAAU,SAAV;KALJ,EAhBqB;;AAwBrB,MAAE,YAAF,EAAgB,SAAhB,CAA0B,CAAC,GAAD,EAAK,GAAL,EAAS,EAAT,EAAY,GAAZ,EAAgB,EAAhB,EAAmB,EAAnB,EAAsB,GAAtB,EAA0B,EAA1B,EAA6B,EAA7B,EAAgC,EAAhC,EAAmC,EAAnC,EAAsC,EAAtC,CAA1B,EAAqE;AACjE,cAAM,KAAN;AACA,gBAAQ,IAAR;AACA,kBAAU,CAAV;AACA,oBAAY,CAAZ;AACA,kBAAU,SAAV;KALJ,EAxBqB;;AAgCrB,MAAE,gBAAF,EAAoB,SAApB,CAA8B,CAAC,GAAD,EAAK,GAAL,EAAS,GAAT,EAAa,EAAb,EAAgB,GAAhB,EAAoB,EAApB,EAAuB,EAAvB,EAA0B,EAA1B,CAA9B,EAA6D;AACzD,cAAM,KAAN;AACA,gBAAQ,IAAR;AACA,kBAAU,CAAV;AACA,oBAAY,CAAZ;AACA,kBAAU,SAAV;KALJ,EAhCqB;;AAwCrB,MAAE,gBAAF,EAAoB,SAApB,CAA8B,CAAC,EAAD,EAAI,GAAJ,EAAQ,EAAR,EAAW,GAAX,EAAe,GAAf,EAAmB,GAAnB,EAAuB,EAAvB,EAA0B,EAA1B,CAA9B,EAA6D;AACzD,cAAM,KAAN;AACA,gBAAQ,IAAR;AACA,kBAAU,CAAV;AACA,oBAAY,CAAZ;AACA,kBAAU,SAAV;KALJ,EAxCqB;;AAgDrB,MAAE,eAAF,EAAmB,SAAnB,CAA6B,CAAC,GAAD,EAAK,GAAL,EAAS,EAAT,EAAY,GAAZ,EAAgB,GAAhB,EAAoB,GAApB,EAAwB,GAAxB,CAA7B,EAA2D;AACvD,cAAM,KAAN;AACA,gBAAQ,IAAR;AACA,kBAAU,CAAV;AACA,oBAAY,CAAZ;AACA,kBAAU,SAAV;KALJ,EAhDqB;;AAwDrB,MAAE,kBAAF,EAAsB,SAAtB,CAAgC,CAAC,GAAD,EAAK,GAAL,EAAS,EAAT,EAAY,GAAZ,EAAgB,EAAhB,EAAmB,EAAnB,EAAsB,GAAtB,EAA0B,EAA1B,EAA6B,EAA7B,EAAgC,EAAhC,EAAmC,EAAnC,EAAsC,EAAtC,EAAyC,GAAzC,EAA6C,GAA7C,EAAiD,EAAjD,EAAoD,GAApD,EAAwD,EAAxD,EAA2D,EAA3D,EAA8D,GAA9D,CAAhC,EAAoG;AAChG,cAAM,KAAN;AACA,gBAAQ,IAAR;AACA,kBAAU,CAAV;AACA,oBAAY,CAAZ;AACA,kBAAU,SAAV;KALJ,EAxDqB;;AAgErB,MAAE,YAAF,EAAgB,SAAhB,CAA0B,CAAC,GAAD,EAAK,GAAL,EAAS,EAAT,EAAY,GAAZ,EAAgB,EAAhB,EAAmB,EAAnB,EAAsB,GAAtB,EAA0B,EAA1B,EAA6B,EAA7B,EAAgC,EAAhC,EAAmC,EAAnC,EAAsC,EAAtC,EAAyC,GAAzC,EAA6C,GAA7C,EAAiD,EAAjD,EAAoD,GAApD,EAAwD,EAAxD,EAA2D,EAA3D,EAA8D,GAA9D,CAA1B,EAA8F;AAC1F,cAAM,KAAN;AACA,gBAAQ,IAAR;AACA,kBAAU,CAAV;AACA,oBAAY,CAAZ;AACA,kBAAU,SAAV;KALJ,EAhEqB;;AAwErB,MAAE,WAAF,EAAe,SAAf,CAAyB,CAAC,GAAD,EAAK,GAAL,EAAS,EAAT,EAAY,GAAZ,EAAgB,EAAhB,EAAmB,EAAnB,EAAsB,GAAtB,EAA0B,EAA1B,EAA6B,EAA7B,EAAgC,EAAhC,EAAmC,EAAnC,EAAsC,EAAtC,EAAyC,GAAzC,EAA6C,GAA7C,EAAiD,EAAjD,EAAoD,GAApD,EAAwD,EAAxD,EAA2D,EAA3D,EAA8D,GAA9D,CAAzB,EAA6F;AACzF,cAAM,KAAN;AACA,gBAAQ,IAAR;AACA,kBAAU,CAAV;AACA,oBAAY,CAAZ;AACA,kBAAU,SAAV;KALJ,EAxEqB;;AAkFrB,MAAE,gBAAF,EAAoB,IAApB,CAAyB,YAAU;AAC/B,YAAI,QAAQ,EAAE,IAAF,EAAQ,IAAR,EAAR,CAD2B;;AAG/B,cAAM,UAAN,GAAmB,EAAC,MAAM,MAAM,SAAN,EAA1B,CAH+B;;AAK/B,UAAE,IAAF,EAAQ,SAAR,CAAmB,MAAM,IAAN,IAAc,MAAd,EAAsB,KAAzC,EACI;AACI,2BAAe,6DACX,wFADW;SAFvB,EAL+B;KAAV,CAAzB,CAlFqB;CAAZ,EAAT","file":"/client/lib/compatibility/slicklab/js/sparkline/sparkline-init.js.map","sourcesContent":["var Script = function () {\n    $(\".sparkline\").each(function(){\n        var $data = $(this).data();\n\n        $data.valueSpots = {'0:': $data.spotColor};\n\n        $(this).sparkline( $data.data || \"html\", $data,\n            {\n                tooltipFormat: '<span style=\"display:block; padding:0px 10px 12px 0px;\">' +\n                    '<span style=\"color: {{color}}\">&#9679;</span> {{offset:names}} ({{percent.1}}%)</span>'\n            });\n    });\n\n\n    //income expense progress bar\n\n    $(\"#balance\").sparkline([87,109,111,95,120,99,87,100,67,75,65,87], {\n        type: 'bar',\n        height: '32',\n        barWidth: 5,\n        barSpacing: 2,\n        barColor: '#c5c5ca'\n    });\n\n    $(\"#item-sold\").sparkline([102,109,90,120,70,99,110,80,87,50,65,74], {\n        type: 'bar',\n        height: '32',\n        barWidth: 5,\n        barSpacing: 2,\n        barColor: '#c5c5ca'\n    });\n\n    $(\"#foreign-visit\").sparkline([102,109,120,99,110,80,87,74], {\n        type: 'bar',\n        height: '32',\n        barWidth: 5,\n        barSpacing: 2,\n        barColor: '#79d4a7'\n    });\n\n    $(\"#monthly-visit\").sparkline([99,110,80,102,109,120,87,74], {\n        type: 'bar',\n        height: '32',\n        barWidth: 5,\n        barSpacing: 2,\n        barColor: '#f47669'\n    });\n\n    $(\"#unique-visit\").sparkline([110,105,99,110,102,109,120], {\n        type: 'bar',\n        height: '32',\n        barWidth: 5,\n        barSpacing: 2,\n        barColor: '#57c8f1'\n    });\n\n    $(\"#page-view-graph\").sparkline([102,109,90,120,70,99,110,80,87,50,65,74,102,109,90,120,70,99,110], {\n        type: 'bar',\n        height: '35',\n        barWidth: 5,\n        barSpacing: 2,\n        barColor: '#a979d1'\n    });\n\n    $(\"#m-g-light\").sparkline([102,109,90,120,70,99,110,80,87,50,65,74,102,109,90,120,70,99,110], {\n        type: 'bar',\n        height: '35',\n        barWidth: 5,\n        barSpacing: 2,\n        barColor: '#e4e4e4'\n    });\n\n    $(\"#m-g-dark\").sparkline([102,109,90,120,70,99,110,80,87,50,65,74,102,109,90,120,70,99,110], {\n        type: 'bar',\n        height: '35',\n        barWidth: 5,\n        barSpacing: 2,\n        barColor: '#5f5f5f'\n    });\n\n\n\n    $(\".weather-chart\").each(function(){\n        var $data = $(this).data();\n\n        $data.valueSpots = {'0:': $data.spotColor};\n\n        $(this).sparkline( $data.data || \"html\", $data,\n            {\n                tooltipFormat: '<span style=\"display:block; padding:0px 10px 12px 0px;\">' +\n                    '<span style=\"color: {{color}}\">&#9679;</span> {{offset:names}} ({{percent.1}}%)</span>'\n            });\n\n\n\n\n    });\n\n\n}();\n"]},"hash":"a6923ae79a32e19fc667522844e4d14bc48d909a"}
