{"metadata":{"usedHelpers":[],"marked":[],"modules":{"imports":[],"exports":{"exported":[],"specifiers":[]}}},"options":{"filename":"/client/lib/compatibility/slicklab/js/picker-init.js","filenameRelative":"/client/lib/compatibility/slicklab/js/picker-init.js","env":{},"retainLines":false,"highlightCode":true,"suppressDeprecationMessages":false,"presets":[],"plugins":[[[],null],[[],null],[[],null],[[],null],[[],null],[[],null],[[],null],[[],{"polyfill":false}],[[],null],[[],null],[[],null],[[],null],[[],null],[[],null],[[],null],[[],null],[[],{"loose":true}],[[],{"loose":true}],[[],null],[[],{"loose":true}],[[],null],[[],null],[[],{"allowTopLevelThis":true,"strict":false,"loose":true}],[[],null],[[],null],[[],null],[[],null],[[],null],[[],{"loose":true}],[[],null],[[],null],[[],null],[[],null],[[],null],[[],null],[[],null],[[],null]],"ignore":[],"code":true,"metadata":true,"ast":false,"comments":true,"compact":false,"minified":false,"sourceMap":true,"sourceMaps":true,"sourceMapTarget":"/client/lib/compatibility/slicklab/js/picker-init.js.map","sourceFileName":"/client/lib/compatibility/slicklab/js/picker-init.js","babelrc":false,"sourceType":"module","moduleIds":false,"passPerPreset":false,"basename":"picker-init"},"ignored":false,"code":"/**\n * Created by mosaddek on 2/2/15.\n */\n\n//date picker start\n\nif (top.location != location) {\n    top.location.href = document.location.href;\n}\n$(function () {\n    window.prettyPrint && prettyPrint();\n    $('.default-date-picker').datepicker({\n        format: 'mm-dd-yyyy',\n        autoclose: true\n    });\n    $('.dpYears').datepicker({\n        autoclose: true\n    });\n    $('.dpMonths').datepicker({\n        autoclose: true\n    });\n\n    var startDate = new Date(2012, 1, 20);\n    var endDate = new Date(2012, 1, 25);\n    $('.dp4').datepicker().on('changeDate', function (ev) {\n        if (ev.date.valueOf() > endDate.valueOf()) {\n            $('.alert').show().find('strong').text('The start date can not be greater then the end date');\n        } else {\n            $('.alert').hide();\n            startDate = new Date(ev.date);\n            $('#startDate').text($('.dp4').data('date'));\n        }\n        $('.dp4').datepicker('hide');\n    });\n    $('.dp5').datepicker().on('changeDate', function (ev) {\n        if (ev.date.valueOf() < startDate.valueOf()) {\n            $('.alert').show().find('strong').text('The end date can not be less then the start date');\n        } else {\n            $('.alert').hide();\n            endDate = new Date(ev.date);\n            $('.endDate').text($('.dp5').data('date'));\n        }\n        $('.dp5').datepicker('hide');\n    });\n\n    // disabling dates\n    var nowTemp = new Date();\n    var now = new Date(nowTemp.getFullYear(), nowTemp.getMonth(), nowTemp.getDate(), 0, 0, 0, 0);\n\n    var checkin = $('.dpd1').datepicker({\n        onRender: function () {\n            function onRender(date) {\n                return date.valueOf() < now.valueOf() ? 'disabled' : '';\n            }\n\n            return onRender;\n        }()\n    }).on('changeDate', function (ev) {\n        if (ev.date.valueOf() > checkout.date.valueOf()) {\n            var newDate = new Date(ev.date);\n            newDate.setDate(newDate.getDate() + 1);\n            checkout.setValue(newDate);\n        }\n        checkin.hide();\n        $('.dpd2')[0].focus();\n    }).data('datepicker');\n    var checkout = $('.dpd2').datepicker({\n        onRender: function () {\n            function onRender(date) {\n                return date.valueOf() <= checkin.date.valueOf() ? 'disabled' : '';\n            }\n\n            return onRender;\n        }()\n    }).on('changeDate', function (ev) {\n        checkout.hide();\n    }).data('datepicker');\n});\n\n//date picker end\n\n//datetime picker start\n\n$(\".form_datetime\").datetimepicker({\n    format: 'yyyy-mm-dd hh:ii',\n    autoclose: true,\n    todayBtn: true,\n    pickerPosition: \"bottom-left\"\n\n});\n\n$(\".form_datetime-component\").datetimepicker({\n    format: \"dd MM yyyy - hh:ii\",\n    autoclose: true,\n    todayBtn: true,\n    pickerPosition: \"bottom-left\"\n});\n\n$(\".form_datetime-adv\").datetimepicker({\n    format: \"dd MM yyyy - hh:ii\",\n    autoclose: true,\n    todayBtn: true,\n    startDate: \"2013-02-14 10:00\",\n    minuteStep: 10,\n    pickerPosition: \"bottom-left\"\n\n});\n\n$(\".form_datetime-meridian\").datetimepicker({\n    format: \"dd MM yyyy - HH:ii P\",\n    showMeridian: true,\n    autoclose: true,\n    todayBtn: true,\n    pickerPosition: \"bottom-left\"\n});\n\n//datetime picker end\n\n//timepicker start\n$('.timepicker-default').timepicker();\n\n$('.timepicker-24').timepicker({\n    autoclose: true,\n    minuteStep: 1,\n    showSeconds: true,\n    showMeridian: false\n});\n\n//timepicker end\n\n//colorpicker start\n\n$('.colorpicker-default').colorpicker({\n    format: 'hex'\n});\n$('.colorpicker-rgba').colorpicker();\n\n//colorpicker end","ast":null,"map":{"version":3,"sources":["/client/lib/compatibility/slicklab/js/picker-init.js"],"names":[],"mappings":";;;;;;AAOA,IAAI,IAAI,QAAJ,IAAgB,QAAhB,EAA0B;AAC1B,QAAI,QAAJ,CAAa,IAAb,GAAoB,SAAS,QAAT,CAAkB,IAAlB,CADM;CAA9B;AAGA,EAAE,YAAU;AACR,WAAO,WAAP,IAAsB,aAAtB,CADQ;AAER,MAAE,sBAAF,EAA0B,UAA1B,CAAqC;AACjC,gBAAQ,YAAR;AACA,mBAAW,IAAX;KAFJ,EAFQ;AAMR,MAAE,UAAF,EAAc,UAAd,CAAyB;AACrB,mBAAW,IAAX;KADJ,EANQ;AASR,MAAE,WAAF,EAAe,UAAf,CAA0B;AACtB,mBAAW,IAAX;KADJ,EATQ;;AAeR,QAAI,YAAY,IAAI,IAAJ,CAAS,IAAT,EAAc,CAAd,EAAgB,EAAhB,CAAZ,CAfI;AAgBR,QAAI,UAAU,IAAI,IAAJ,CAAS,IAAT,EAAc,CAAd,EAAgB,EAAhB,CAAV,CAhBI;AAiBR,MAAE,MAAF,EAAU,UAAV,GACK,EADL,CACQ,YADR,EACsB,UAAS,EAAT,EAAY;AAC1B,YAAI,GAAG,IAAH,CAAQ,OAAR,KAAoB,QAAQ,OAAR,EAApB,EAAsC;AACtC,cAAE,QAAF,EAAY,IAAZ,GAAmB,IAAnB,CAAwB,QAAxB,EAAkC,IAAlC,CAAuC,qDAAvC,EADsC;SAA1C,MAEO;AACH,cAAE,QAAF,EAAY,IAAZ,GADG;AAEH,wBAAY,IAAI,IAAJ,CAAS,GAAG,IAAH,CAArB,CAFG;AAGH,cAAE,YAAF,EAAgB,IAAhB,CAAqB,EAAE,MAAF,EAAU,IAAV,CAAe,MAAf,CAArB,EAHG;SAFP;AAOA,UAAE,MAAF,EAAU,UAAV,CAAqB,MAArB,EAR0B;KAAZ,CADtB,CAjBQ;AA4BR,MAAE,MAAF,EAAU,UAAV,GACK,EADL,CACQ,YADR,EACsB,UAAS,EAAT,EAAY;AAC1B,YAAI,GAAG,IAAH,CAAQ,OAAR,KAAoB,UAAU,OAAV,EAApB,EAAwC;AACxC,cAAE,QAAF,EAAY,IAAZ,GAAmB,IAAnB,CAAwB,QAAxB,EAAkC,IAAlC,CAAuC,kDAAvC,EADwC;SAA5C,MAEO;AACH,cAAE,QAAF,EAAY,IAAZ,GADG;AAEH,sBAAU,IAAI,IAAJ,CAAS,GAAG,IAAH,CAAnB,CAFG;AAGH,cAAE,UAAF,EAAc,IAAd,CAAmB,EAAE,MAAF,EAAU,IAAV,CAAe,MAAf,CAAnB,EAHG;SAFP;AAOA,UAAE,MAAF,EAAU,UAAV,CAAqB,MAArB,EAR0B;KAAZ,CADtB;;;AA5BQ,QAyCJ,UAAU,IAAI,IAAJ,EAAV,CAzCI;AA0CR,QAAI,MAAM,IAAI,IAAJ,CAAS,QAAQ,WAAR,EAAT,EAAgC,QAAQ,QAAR,EAAhC,EAAoD,QAAQ,OAAR,EAApD,EAAuE,CAAvE,EAA0E,CAA1E,EAA6E,CAA7E,EAAgF,CAAhF,CAAN,CA1CI;;AA4CR,QAAI,UAAU,EAAE,OAAF,EAAW,UAAX,CAAsB;AAChC;AAAU,8BAAS,IAAT,EAAe;AACrB,uBAAO,KAAK,OAAL,KAAiB,IAAI,OAAJ,EAAjB,GAAiC,UAAjC,GAA8C,EAA9C,CADc;aAAf;;;WAAV;KADU,EAIX,EAJW,CAIR,YAJQ,EAIM,UAAS,EAAT,EAAa;AACzB,YAAI,GAAG,IAAH,CAAQ,OAAR,KAAoB,SAAS,IAAT,CAAc,OAAd,EAApB,EAA6C;AAC7C,gBAAI,UAAU,IAAI,IAAJ,CAAS,GAAG,IAAH,CAAnB,CADyC;AAE7C,oBAAQ,OAAR,CAAgB,QAAQ,OAAR,KAAoB,CAApB,CAAhB,CAF6C;AAG7C,qBAAS,QAAT,CAAkB,OAAlB,EAH6C;SAAjD;AAKA,gBAAQ,IAAR,GANyB;AAOzB,UAAE,OAAF,EAAW,CAAX,EAAc,KAAd,GAPyB;KAAb,CAJN,CAYP,IAZO,CAYF,YAZE,CAAV,CA5CI;AAyDR,QAAI,WAAW,EAAE,OAAF,EAAW,UAAX,CAAsB;AACjC;AAAU,8BAAS,IAAT,EAAe;AACrB,uBAAO,KAAK,OAAL,MAAkB,QAAQ,IAAR,CAAa,OAAb,EAAlB,GAA2C,UAA3C,GAAwD,EAAxD,CADc;aAAf;;;WAAV;KADW,EAIZ,EAJY,CAIT,YAJS,EAIK,UAAS,EAAT,EAAa;AACzB,iBAAS,IAAT,GADyB;KAAb,CAJL,CAMR,IANQ,CAMH,YANG,CAAX,CAzDI;CAAV,CAAF;;;;;;AAuEA,EAAE,gBAAF,EAAoB,cAApB,CAAmC;AAC/B,YAAQ,kBAAR;AACA,eAAW,IAAX;AACA,cAAU,IAAV;AACA,oBAAgB,aAAhB;;CAJJ;;AASA,EAAE,0BAAF,EAA8B,cAA9B,CAA6C;AACzC,YAAQ,oBAAR;AACA,eAAW,IAAX;AACA,cAAU,IAAV;AACA,oBAAgB,aAAhB;CAJJ;;AAOA,EAAE,oBAAF,EAAwB,cAAxB,CAAuC;AACnC,YAAQ,oBAAR;AACA,eAAW,IAAX;AACA,cAAU,IAAV;AACA,eAAW,kBAAX;AACA,gBAAY,EAAZ;AACA,oBAAgB,aAAhB;;CANJ;;AAUA,EAAE,yBAAF,EAA6B,cAA7B,CAA4C;AACxC,YAAQ,sBAAR;AACA,kBAAc,IAAd;AACA,eAAW,IAAX;AACA,cAAU,IAAV;AACA,oBAAgB,aAAhB;CALJ;;;;;AAWA,EAAE,qBAAF,EAAyB,UAAzB;;AAGA,EAAE,gBAAF,EAAoB,UAApB,CAA+B;AAC3B,eAAW,IAAX;AACA,gBAAY,CAAZ;AACA,iBAAa,IAAb;AACA,kBAAc,KAAd;CAJJ;;;;;;AAWA,EAAE,sBAAF,EAA0B,WAA1B,CAAsC;AAClC,YAAQ,KAAR;CADJ;AAGA,EAAE,mBAAF,EAAuB,WAAvB","file":"/client/lib/compatibility/slicklab/js/picker-init.js.map","sourcesContent":["/**\n * Created by mosaddek on 2/2/15.\n */\n\n//date picker start\n\n\nif (top.location != location) {\n    top.location.href = document.location.href ;\n}\n$(function(){\n    window.prettyPrint && prettyPrint();\n    $('.default-date-picker').datepicker({\n        format: 'mm-dd-yyyy',\n        autoclose: true\n    });\n    $('.dpYears').datepicker({\n        autoclose: true\n    });\n    $('.dpMonths').datepicker({\n        autoclose: true\n    });\n\n\n\n    var startDate = new Date(2012,1,20);\n    var endDate = new Date(2012,1,25);\n    $('.dp4').datepicker()\n        .on('changeDate', function(ev){\n            if (ev.date.valueOf() > endDate.valueOf()){\n                $('.alert').show().find('strong').text('The start date can not be greater then the end date');\n            } else {\n                $('.alert').hide();\n                startDate = new Date(ev.date);\n                $('#startDate').text($('.dp4').data('date'));\n            }\n            $('.dp4').datepicker('hide');\n        });\n    $('.dp5').datepicker()\n        .on('changeDate', function(ev){\n            if (ev.date.valueOf() < startDate.valueOf()){\n                $('.alert').show().find('strong').text('The end date can not be less then the start date');\n            } else {\n                $('.alert').hide();\n                endDate = new Date(ev.date);\n                $('.endDate').text($('.dp5').data('date'));\n            }\n            $('.dp5').datepicker('hide');\n        });\n\n    // disabling dates\n    var nowTemp = new Date();\n    var now = new Date(nowTemp.getFullYear(), nowTemp.getMonth(), nowTemp.getDate(), 0, 0, 0, 0);\n\n    var checkin = $('.dpd1').datepicker({\n        onRender: function(date) {\n            return date.valueOf() < now.valueOf() ? 'disabled' : '';\n        }\n    }).on('changeDate', function(ev) {\n            if (ev.date.valueOf() > checkout.date.valueOf()) {\n                var newDate = new Date(ev.date)\n                newDate.setDate(newDate.getDate() + 1);\n                checkout.setValue(newDate);\n            }\n            checkin.hide();\n            $('.dpd2')[0].focus();\n        }).data('datepicker');\n    var checkout = $('.dpd2').datepicker({\n        onRender: function(date) {\n            return date.valueOf() <= checkin.date.valueOf() ? 'disabled' : '';\n        }\n    }).on('changeDate', function(ev) {\n            checkout.hide();\n        }).data('datepicker');\n});\n\n//date picker end\n\n\n//datetime picker start\n\n$(\".form_datetime\").datetimepicker({\n    format: 'yyyy-mm-dd hh:ii',\n    autoclose: true,\n    todayBtn: true,\n    pickerPosition: \"bottom-left\"\n\n});\n\n\n$(\".form_datetime-component\").datetimepicker({\n    format: \"dd MM yyyy - hh:ii\",\n    autoclose: true,\n    todayBtn: true,\n    pickerPosition: \"bottom-left\"\n});\n\n$(\".form_datetime-adv\").datetimepicker({\n    format: \"dd MM yyyy - hh:ii\",\n    autoclose: true,\n    todayBtn: true,\n    startDate: \"2013-02-14 10:00\",\n    minuteStep: 10,\n    pickerPosition: \"bottom-left\"\n\n});\n\n$(\".form_datetime-meridian\").datetimepicker({\n    format: \"dd MM yyyy - HH:ii P\",\n    showMeridian: true,\n    autoclose: true,\n    todayBtn: true,\n    pickerPosition: \"bottom-left\"\n});\n\n//datetime picker end\n\n//timepicker start\n$('.timepicker-default').timepicker();\n\n\n$('.timepicker-24').timepicker({\n    autoclose: true,\n    minuteStep: 1,\n    showSeconds: true,\n    showMeridian: false\n});\n\n//timepicker end\n\n//colorpicker start\n\n$('.colorpicker-default').colorpicker({\n    format: 'hex'\n});\n$('.colorpicker-rgba').colorpicker();\n\n//colorpicker end\n\n"]},"hash":"a6b35d7d91675c6efb3a49f823ca347d3bdb35f1"}
