{"metadata":{"usedHelpers":[],"marked":[],"modules":{"imports":[],"exports":{"exported":[],"specifiers":[]}}},"options":{"filename":"/client/lib/compatibility/slicklab/js/bootstrap-fileupload.min.js","filenameRelative":"/client/lib/compatibility/slicklab/js/bootstrap-fileupload.min.js","env":{},"retainLines":false,"highlightCode":true,"suppressDeprecationMessages":false,"presets":[],"plugins":[[[],null],[[],null],[[],null],[[],null],[[],null],[[],null],[[],null],[[],{"polyfill":false}],[[],null],[[],null],[[],null],[[],null],[[],null],[[],null],[[],null],[[],null],[[],{"loose":true}],[[],{"loose":true}],[[],null],[[],{"loose":true}],[[],null],[[],null],[[],{"allowTopLevelThis":true,"strict":false,"loose":true}],[[],null],[[],null],[[],null],[[],null],[[],null],[[],{"loose":true}],[[],null],[[],null],[[],null],[[],null],[[],null],[[],null],[[],null],[[],null]],"ignore":[],"code":true,"metadata":true,"ast":false,"comments":true,"compact":false,"minified":false,"sourceMap":true,"sourceMaps":true,"sourceMapTarget":"/client/lib/compatibility/slicklab/js/bootstrap-fileupload.min.js.map","sourceFileName":"/client/lib/compatibility/slicklab/js/bootstrap-fileupload.min.js","babelrc":false,"sourceType":"module","moduleIds":false,"passPerPreset":false,"basename":"bootstrap-fileupload.min"},"ignored":false,"code":"/**\n* Bootstrap.js by @mdo and @fat, extended by @ArnoldDaniels.\n* plugins: bootstrap-fileupload.js\n* Copyright 2012 Twitter, Inc.\n* http://www.apache.org/licenses/LICENSE-2.0.txt\n*/\n!function (e) {\n  var t = function t(_t, n) {\n    this.$element = e(_t), this.type = this.$element.data(\"uploadtype\") || (this.$element.find(\".thumbnail\").length > 0 ? \"image\" : \"file\"), this.$input = this.$element.find(\":file\");if (this.$input.length === 0) return;this.name = this.$input.attr(\"name\") || n.name, this.$hidden = this.$element.find('input[type=hidden][name=\"' + this.name + '\"]'), this.$hidden.length === 0 && (this.$hidden = e('<input type=\"hidden\" />'), this.$element.prepend(this.$hidden)), this.$preview = this.$element.find(\".fileupload-preview\");var r = this.$preview.css(\"height\");this.$preview.css(\"display\") != \"inline\" && r != \"0px\" && r != \"none\" && this.$preview.css(\"line-height\", r), this.original = { exists: this.$element.hasClass(\"fileupload-exists\"), preview: this.$preview.html(), hiddenVal: this.$hidden.val() }, this.$remove = this.$element.find('[data-dismiss=\"fileupload\"]'), this.$element.find('[data-trigger=\"fileupload\"]').on(\"click.fileupload\", e.proxy(this.trigger, this)), this.listen();\n  };t.prototype = { listen: function () {\n      function listen() {\n        this.$input.on(\"change.fileupload\", e.proxy(this.change, this)), e(this.$input[0].form).on(\"reset.fileupload\", e.proxy(this.reset, this)), this.$remove && this.$remove.on(\"click.fileupload\", e.proxy(this.clear, this));\n      }\n\n      return listen;\n    }(), change: function () {\n      function change(e, t) {\n        if (t === \"clear\") return;var n = e.target.files !== undefined ? e.target.files[0] : e.target.value ? { name: e.target.value.replace(/^.+\\\\/, \"\") } : null;if (!n) {\n          this.clear();return;\n        }this.$hidden.val(\"\"), this.$hidden.attr(\"name\", \"\"), this.$input.attr(\"name\", this.name);if (this.type === \"image\" && this.$preview.length > 0 && (typeof n.type != \"undefined\" ? n.type.match(\"image.*\") : n.name.match(\"\\\\.(gif|png|jpe?g)$\")) && typeof FileReader != \"undefined\") {\n          var r = new FileReader(),\n              i = this.$preview,\n              s = this.$element;r.onload = function (e) {\n            i.html('<img src=\"' + e.target.result + '\" ' + (i.css(\"max-height\") != \"none\" ? 'style=\"max-height: ' + i.css(\"max-height\") + ';\"' : \"\") + \" />\"), s.addClass(\"fileupload-exists\").removeClass(\"fileupload-new\");\n          }, r.readAsDataURL(n);\n        } else this.$preview.text(n.name), this.$element.addClass(\"fileupload-exists\").removeClass(\"fileupload-new\");\n      }\n\n      return change;\n    }(), clear: function () {\n      function clear(e) {\n        this.$hidden.val(\"\"), this.$hidden.attr(\"name\", this.name), this.$input.attr(\"name\", \"\");if (navigator.userAgent.match(/msie/i)) {\n          var t = this.$input.clone(!0);this.$input.after(t), this.$input.remove(), this.$input = t;\n        } else this.$input.val(\"\");this.$preview.html(\"\"), this.$element.addClass(\"fileupload-new\").removeClass(\"fileupload-exists\"), e && (this.$input.trigger(\"change\", [\"clear\"]), e.preventDefault());\n      }\n\n      return clear;\n    }(), reset: function () {\n      function reset(e) {\n        this.clear(), this.$hidden.val(this.original.hiddenVal), this.$preview.html(this.original.preview), this.original.exists ? this.$element.addClass(\"fileupload-exists\").removeClass(\"fileupload-new\") : this.$element.addClass(\"fileupload-new\").removeClass(\"fileupload-exists\");\n      }\n\n      return reset;\n    }(), trigger: function () {\n      function trigger(e) {\n        this.$input.trigger(\"click\"), e.preventDefault();\n      }\n\n      return trigger;\n    }() }, e.fn.fileupload = function (n) {\n    return this.each(function () {\n      var r = e(this),\n          i = r.data(\"fileupload\");i || r.data(\"fileupload\", i = new t(this, n)), typeof n == \"string\" && i[n]();\n    });\n  }, e.fn.fileupload.Constructor = t, e(document).on(\"click.fileupload.data-api\", '[data-provides=\"fileupload\"]', function (t) {\n    var n = e(this);if (n.data(\"fileupload\")) return;n.fileupload(n.data());var r = e(t.target).closest('[data-dismiss=\"fileupload\"],[data-trigger=\"fileupload\"]');r.length > 0 && (r.trigger(\"click.fileupload\"), t.preventDefault());\n  });\n}(window.jQuery);","ast":null,"map":{"version":3,"sources":["/client/lib/compatibility/slicklab/js/bootstrap-fileupload.min.js"],"names":[],"mappings":";;;;;;AAMA,CAAC,UAAS,CAAT,EAAW;AAAC,MAAI,IAAE,WAAS,EAAT,EAAW,CAAX,EAAa;AAAC,SAAK,QAAL,GAAc,EAAE,EAAF,CAAd,EAAmB,KAAK,IAAL,GAAU,KAAK,QAAL,CAAc,IAAd,CAAmB,YAAnB,MAAmC,KAAK,QAAL,CAAc,IAAd,CAAmB,YAAnB,EAAiC,MAAjC,GAAwC,CAAxC,GAA0C,OAA1C,GAAkD,MAAlD,CAAnC,EAA6F,KAAK,MAAL,GAAY,KAAK,QAAL,CAAc,IAAd,CAAmB,OAAnB,CAAZ,CAA3H,IAAsK,KAAK,MAAL,CAAY,MAAZ,KAAqB,CAArB,EAAuB,OAA1B,IAAiC,CAAK,IAAL,GAAU,KAAK,MAAL,CAAY,IAAZ,CAAiB,MAAjB,KAA0B,EAAE,IAAF,EAAO,KAAK,OAAL,GAAa,KAAK,QAAL,CAAc,IAAd,CAAmB,8BAA4B,KAAK,IAAL,GAAU,IAAtC,CAAhC,EAA4E,KAAK,OAAL,CAAa,MAAb,KAAsB,CAAtB,KAA0B,KAAK,OAAL,GAAa,EAAE,yBAAF,CAAb,EAA0C,KAAK,QAAL,CAAc,OAAd,CAAsB,KAAK,OAAL,CAAhE,CAA1B,EAAyG,KAAK,QAAL,GAAc,KAAK,QAAL,CAAc,IAAd,CAAmB,qBAAnB,CAAd,CAApa,IAAge,IAAE,KAAK,QAAL,CAAc,GAAd,CAAkB,QAAlB,CAAF,CAAhe,IAA8f,CAAK,QAAL,CAAc,GAAd,CAAkB,SAAlB,KAA8B,QAA9B,IAAwC,KAAG,KAAH,IAAU,KAAG,MAAH,IAAW,KAAK,QAAL,CAAc,GAAd,CAAkB,aAAlB,EAAgC,CAAhC,CAA7D,EAAgG,KAAK,QAAL,GAAc,EAAC,QAAO,KAAK,QAAL,CAAc,QAAd,CAAuB,mBAAvB,CAAP,EAAmD,SAAQ,KAAK,QAAL,CAAc,IAAd,EAAR,EAA6B,WAAU,KAAK,OAAL,CAAa,GAAb,EAAV,EAA/F,EAA6H,KAAK,OAAL,GAAa,KAAK,QAAL,CAAc,IAAd,CAAmB,6BAAnB,CAAb,EAA+D,KAAK,QAAL,CAAc,IAAd,CAAmB,6BAAnB,EAAkD,EAAlD,CAAqD,kBAArD,EAAwE,EAAE,KAAF,CAAQ,KAAK,OAAL,EAAa,IAArB,CAAxE,CAA5R,EAAgY,KAAK,MAAL,EAAhY,CAA9f;GAAb,CAAP,CAAi6B,CAAE,SAAF,GAAY,EAAC;AAAO,wBAAU;AAAC,aAAK,MAAL,CAAY,EAAZ,CAAe,mBAAf,EAAmC,EAAE,KAAF,CAAQ,KAAK,MAAL,EAAY,IAApB,CAAnC,GAA8D,EAAE,KAAK,MAAL,CAAY,CAAZ,EAAe,IAAf,CAAF,CAAuB,EAAvB,CAA0B,kBAA1B,EAA6C,EAAE,KAAF,CAAQ,KAAK,KAAL,EAAW,IAAnB,CAA7C,CAA9D,EAAqI,KAAK,OAAL,IAAc,KAAK,OAAL,CAAa,EAAb,CAAgB,kBAAhB,EAAmC,EAAE,KAAF,CAAQ,KAAK,KAAL,EAAW,IAAnB,CAAnC,CAAd,CAAtI;OAAV;;;OAAP,EAAmO;AAAO,sBAAS,CAAT,EAAW,CAAX,EAAa;AAAC,YAAG,MAAI,OAAJ,EAAY,OAAf,IAA0B,IAAE,EAAE,MAAF,CAAS,KAAT,KAAiB,SAAjB,GAA2B,EAAE,MAAF,CAAS,KAAT,CAAe,CAAf,CAA3B,GAA6C,EAAE,MAAF,CAAS,KAAT,GAAe,EAAC,MAAK,EAAE,MAAF,CAAS,KAAT,CAAe,OAAf,CAAuB,OAAvB,EAA+B,EAA/B,CAAL,EAAhB,GAAyD,IAAzD,CAA1E,IAA2I,CAAC,CAAD,EAAG;AAAC,eAAK,KAAL,GAAD;SAAN,IAA2B,CAAK,OAAL,CAAa,GAAb,CAAiB,EAAjB,GAAqB,KAAK,OAAL,CAAa,IAAb,CAAkB,MAAlB,EAAyB,EAAzB,CAArB,EAAkD,KAAK,MAAL,CAAY,IAAZ,CAAiB,MAAjB,EAAwB,KAAK,IAAL,CAA1E,CAAnK,IAA2P,KAAK,IAAL,KAAY,OAAZ,IAAqB,KAAK,QAAL,CAAc,MAAd,GAAqB,CAArB,KAAyB,OAAO,EAAE,IAAF,IAAQ,WAAf,GAA2B,EAAE,IAAF,CAAO,KAAP,CAAa,SAAb,CAA3B,GAAmD,EAAE,IAAF,CAAO,KAAP,CAAa,qBAAb,CAAnD,CAA9C,IAAuI,OAAO,UAAP,IAAmB,WAAnB,EAA+B;AAAC,cAAI,IAAE,IAAI,UAAJ,EAAF;cAAiB,IAAE,KAAK,QAAL;cAAc,IAAE,KAAK,QAAL,CAAxC,CAAsD,CAAE,MAAF,GAAS,UAAS,CAAT,EAAW;AAAC,cAAE,IAAF,CAAO,eAAa,EAAE,MAAF,CAAS,MAAT,GAAgB,IAA7B,IAAmC,EAAE,GAAF,CAAM,YAAN,KAAqB,MAArB,GAA4B,wBAAsB,EAAE,GAAF,CAAM,YAAN,CAAtB,GAA0C,IAA1C,GAA+C,EAA3E,CAAnC,GAAkH,KAAlH,CAAP,EAAgI,EAAE,QAAF,CAAW,mBAAX,EAAgC,WAAhC,CAA4C,gBAA5C,CAAhI,CAAD;WAAX,EAA2M,EAAE,aAAF,CAAgB,CAAhB,CAApN,CAAtD;SAAzK,MAA2c,KAAK,QAAL,CAAc,IAAd,CAAmB,EAAE,IAAF,CAAnB,EAA2B,KAAK,QAAL,CAAc,QAAd,CAAuB,mBAAvB,EAA4C,WAA5C,CAAwD,gBAAxD,CAA3B,CAA3c;OAArQ;;;OAAP,EAA6zB;AAAM,qBAAS,CAAT,EAAW;AAAC,aAAK,OAAL,CAAa,GAAb,CAAiB,EAAjB,GAAqB,KAAK,OAAL,CAAa,IAAb,CAAkB,MAAlB,EAAyB,KAAK,IAAL,CAA9C,EAAyD,KAAK,MAAL,CAAY,IAAZ,CAAiB,MAAjB,EAAwB,EAAxB,CAAzD,CAAD,IAAyF,UAAU,SAAV,CAAoB,KAApB,CAA0B,OAA1B,CAAH,EAAsC;AAAC,cAAI,IAAE,KAAK,MAAL,CAAY,KAAZ,CAAkB,CAAC,CAAD,CAApB,CAAL,IAA6B,CAAK,MAAL,CAAY,KAAZ,CAAkB,CAAlB,GAAqB,KAAK,MAAL,CAAY,MAAZ,EAArB,EAA0C,KAAK,MAAL,GAAY,CAAZ,CAAvE;SAAtC,MAAgI,KAAK,MAAL,CAAY,GAAZ,CAAgB,EAAhB,EAAhI,IAAoJ,CAAK,QAAL,CAAc,IAAd,CAAmB,EAAnB,GAAuB,KAAK,QAAL,CAAc,QAAd,CAAuB,gBAAvB,EAAyC,WAAzC,CAAqD,mBAArD,CAAvB,EAAiG,MAAI,KAAK,MAAL,CAAY,OAAZ,CAAoB,QAApB,EAA6B,CAAC,OAAD,CAA7B,GAAwC,EAAE,cAAF,EAAxC,CAAJ,CAA3U;OAAX;;;OAAN,EAA6Z;AAAM,qBAAS,CAAT,EAAW;AAAC,aAAK,KAAL,IAAa,KAAK,OAAL,CAAa,GAAb,CAAiB,KAAK,QAAL,CAAc,SAAd,CAA9B,EAAuD,KAAK,QAAL,CAAc,IAAd,CAAmB,KAAK,QAAL,CAAc,OAAd,CAA1E,EAAiG,KAAK,QAAL,CAAc,MAAd,GAAqB,KAAK,QAAL,CAAc,QAAd,CAAuB,mBAAvB,EAA4C,WAA5C,CAAwD,gBAAxD,CAArB,GAA+F,KAAK,QAAL,CAAc,QAAd,CAAuB,gBAAvB,EAAyC,WAAzC,CAAqD,mBAArD,CAA/F,CAAlG;OAAX;;;OAAN,EAA6R;AAAQ,uBAAS,CAAT,EAAW;AAAC,aAAK,MAAL,CAAY,OAAZ,CAAoB,OAApB,GAA6B,EAAE,cAAF,EAA7B,CAAD;OAAX;;;OAAR,EAAvuD,EAA6yD,EAAE,EAAF,CAAK,UAAL,GAAgB,UAAS,CAAT,EAAW;AAAC,WAAO,KAAK,IAAL,CAAU,YAAU;AAAC,UAAI,IAAE,EAAE,IAAF,CAAF;UAAU,IAAE,EAAE,IAAF,CAAO,YAAP,CAAF,CAAf,CAAsC,IAAG,EAAE,IAAF,CAAO,YAAP,EAAoB,IAAE,IAAI,CAAJ,CAAM,IAAN,EAAW,CAAX,CAAF,CAAvB,EAAwC,OAAO,CAAP,IAAU,QAAV,IAAoB,EAAE,CAAF,GAApB,CAA9E;KAAV,CAAjB,CAAD;GAAX,EAAmJ,EAAE,EAAF,CAAK,UAAL,CAAgB,WAAhB,GAA4B,CAA5B,EAA8B,EAAE,QAAF,EAAY,EAAZ,CAAe,2BAAf,EAA2C,8BAA3C,EAA0E,UAAS,CAAT,EAAW;AAAC,QAAI,IAAE,EAAE,IAAF,CAAF,CAAL,IAAkB,EAAE,IAAF,CAAO,YAAP,CAAH,EAAwB,OAAxB,CAA+B,CAAE,UAAF,CAAa,EAAE,IAAF,EAAb,EAA9C,IAAyE,IAAE,EAAE,EAAE,MAAF,CAAF,CAAY,OAAZ,CAAoB,yDAApB,CAAF,CAAzE,CAA0J,CAAE,MAAF,GAAS,CAAT,KAAa,EAAE,OAAF,CAAU,kBAAV,GAA8B,EAAE,cAAF,EAA9B,CAAb,CAA1J;GAAX,CAAxjE,CAAj6B;CAAX,CAA2sG,OAAO,MAAP,CAA5sG","file":"/client/lib/compatibility/slicklab/js/bootstrap-fileupload.min.js.map","sourcesContent":["/**\n* Bootstrap.js by @mdo and @fat, extended by @ArnoldDaniels.\n* plugins: bootstrap-fileupload.js\n* Copyright 2012 Twitter, Inc.\n* http://www.apache.org/licenses/LICENSE-2.0.txt\n*/\n!function(e){var t=function(t,n){this.$element=e(t),this.type=this.$element.data(\"uploadtype\")||(this.$element.find(\".thumbnail\").length>0?\"image\":\"file\"),this.$input=this.$element.find(\":file\");if(this.$input.length===0)return;this.name=this.$input.attr(\"name\")||n.name,this.$hidden=this.$element.find('input[type=hidden][name=\"'+this.name+'\"]'),this.$hidden.length===0&&(this.$hidden=e('<input type=\"hidden\" />'),this.$element.prepend(this.$hidden)),this.$preview=this.$element.find(\".fileupload-preview\");var r=this.$preview.css(\"height\");this.$preview.css(\"display\")!=\"inline\"&&r!=\"0px\"&&r!=\"none\"&&this.$preview.css(\"line-height\",r),this.original={exists:this.$element.hasClass(\"fileupload-exists\"),preview:this.$preview.html(),hiddenVal:this.$hidden.val()},this.$remove=this.$element.find('[data-dismiss=\"fileupload\"]'),this.$element.find('[data-trigger=\"fileupload\"]').on(\"click.fileupload\",e.proxy(this.trigger,this)),this.listen()};t.prototype={listen:function(){this.$input.on(\"change.fileupload\",e.proxy(this.change,this)),e(this.$input[0].form).on(\"reset.fileupload\",e.proxy(this.reset,this)),this.$remove&&this.$remove.on(\"click.fileupload\",e.proxy(this.clear,this))},change:function(e,t){if(t===\"clear\")return;var n=e.target.files!==undefined?e.target.files[0]:e.target.value?{name:e.target.value.replace(/^.+\\\\/,\"\")}:null;if(!n){this.clear();return}this.$hidden.val(\"\"),this.$hidden.attr(\"name\",\"\"),this.$input.attr(\"name\",this.name);if(this.type===\"image\"&&this.$preview.length>0&&(typeof n.type!=\"undefined\"?n.type.match(\"image.*\"):n.name.match(\"\\\\.(gif|png|jpe?g)$\"))&&typeof FileReader!=\"undefined\"){var r=new FileReader,i=this.$preview,s=this.$element;r.onload=function(e){i.html('<img src=\"'+e.target.result+'\" '+(i.css(\"max-height\")!=\"none\"?'style=\"max-height: '+i.css(\"max-height\")+';\"':\"\")+\" />\"),s.addClass(\"fileupload-exists\").removeClass(\"fileupload-new\")},r.readAsDataURL(n)}else this.$preview.text(n.name),this.$element.addClass(\"fileupload-exists\").removeClass(\"fileupload-new\")},clear:function(e){this.$hidden.val(\"\"),this.$hidden.attr(\"name\",this.name),this.$input.attr(\"name\",\"\");if(navigator.userAgent.match(/msie/i)){var t=this.$input.clone(!0);this.$input.after(t),this.$input.remove(),this.$input=t}else this.$input.val(\"\");this.$preview.html(\"\"),this.$element.addClass(\"fileupload-new\").removeClass(\"fileupload-exists\"),e&&(this.$input.trigger(\"change\",[\"clear\"]),e.preventDefault())},reset:function(e){this.clear(),this.$hidden.val(this.original.hiddenVal),this.$preview.html(this.original.preview),this.original.exists?this.$element.addClass(\"fileupload-exists\").removeClass(\"fileupload-new\"):this.$element.addClass(\"fileupload-new\").removeClass(\"fileupload-exists\")},trigger:function(e){this.$input.trigger(\"click\"),e.preventDefault()}},e.fn.fileupload=function(n){return this.each(function(){var r=e(this),i=r.data(\"fileupload\");i||r.data(\"fileupload\",i=new t(this,n)),typeof n==\"string\"&&i[n]()})},e.fn.fileupload.Constructor=t,e(document).on(\"click.fileupload.data-api\",'[data-provides=\"fileupload\"]',function(t){var n=e(this);if(n.data(\"fileupload\"))return;n.fileupload(n.data());var r=e(t.target).closest('[data-dismiss=\"fileupload\"],[data-trigger=\"fileupload\"]');r.length>0&&(r.trigger(\"click.fileupload\"),t.preventDefault())})}(window.jQuery)"]},"hash":"aa4d0dd1677ecdd025f4d1285a58f2944d39b03e"}
