{"metadata":{"usedHelpers":[],"marked":[],"modules":{"imports":[],"exports":{"exported":[],"specifiers":[]}}},"options":{"filename":"/client/lib/compatibility/slicklab/js/jquery.ui.touch-punch.min.js","filenameRelative":"/client/lib/compatibility/slicklab/js/jquery.ui.touch-punch.min.js","env":{},"retainLines":false,"highlightCode":true,"suppressDeprecationMessages":false,"presets":[],"plugins":[[[],null],[[],null],[[],null],[[],null],[[],null],[[],null],[[],null],[[],{"polyfill":false}],[[],null],[[],null],[[],null],[[],null],[[],null],[[],null],[[],null],[[],null],[[],{"loose":true}],[[],{"loose":true}],[[],null],[[],{"loose":true}],[[],null],[[],null],[[],{"allowTopLevelThis":true,"strict":false,"loose":true}],[[],null],[[],null],[[],null],[[],null],[[],null],[[],{"loose":true}],[[],null],[[],null],[[],null],[[],null],[[],null],[[],null],[[],null],[[],null]],"ignore":[],"code":true,"metadata":true,"ast":false,"comments":true,"compact":false,"minified":false,"sourceMap":true,"sourceMaps":true,"sourceMapTarget":"/client/lib/compatibility/slicklab/js/jquery.ui.touch-punch.min.js.map","sourceFileName":"/client/lib/compatibility/slicklab/js/jquery.ui.touch-punch.min.js","babelrc":false,"sourceType":"module","moduleIds":false,"passPerPreset":false,"basename":"jquery.ui.touch-punch.min"},"ignored":false,"code":"/*\n * jQuery UI Touch Punch 0.2.2\n *\n * Copyright 2011, Dave Furfero\n * Dual licensed under the MIT or GPL Version 2 licenses.\n *\n * Depends:\n *  jquery.ui.widget.js\n *  jquery.ui.mouse.js\n */\n(function (b) {\n  b.support.touch = \"ontouchend\" in document;if (!b.support.touch) {\n    return;\n  }var c = b.ui.mouse.prototype,\n      e = c._mouseInit,\n      a;function d(g, h) {\n    if (g.originalEvent.touches.length > 1) {\n      return;\n    }g.preventDefault();var i = g.originalEvent.changedTouches[0],\n        f = document.createEvent(\"MouseEvents\");f.initMouseEvent(h, true, true, window, 1, i.screenX, i.screenY, i.clientX, i.clientY, false, false, false, false, 0, null);g.target.dispatchEvent(f);\n  }c._touchStart = function (g) {\n    var f = this;if (a || !f._mouseCapture(g.originalEvent.changedTouches[0])) {\n      return;\n    }a = true;f._touchMoved = false;d(g, \"mouseover\");d(g, \"mousemove\");d(g, \"mousedown\");\n  };c._touchMove = function (f) {\n    if (!a) {\n      return;\n    }this._touchMoved = true;d(f, \"mousemove\");\n  };c._touchEnd = function (f) {\n    if (!a) {\n      return;\n    }d(f, \"mouseup\");d(f, \"mouseout\");if (!this._touchMoved) {\n      d(f, \"click\");\n    }a = false;\n  };c._mouseInit = function () {\n    var f = this;f.element.bind(\"touchstart\", b.proxy(f, \"_touchStart\")).bind(\"touchmove\", b.proxy(f, \"_touchMove\")).bind(\"touchend\", b.proxy(f, \"_touchEnd\"));e.call(f);\n  };\n})(jQuery);","ast":null,"map":{"version":3,"sources":["/client/lib/compatibility/slicklab/js/jquery.ui.touch-punch.min.js"],"names":[],"mappings":";;;;;;;;;;AAUA,CAAC,UAAS,CAAT,EAAW;AAAC,IAAE,OAAF,CAAU,KAAV,GAAgB,gBAAgB,QAAhB,CAAjB,IAA6C,CAAC,EAAE,OAAF,CAAU,KAAV,EAAgB;AAAC,WAAD;GAApB,IAAiC,IAAE,EAAE,EAAF,CAAK,KAAL,CAAW,SAAX;MAAqB,IAAE,EAAE,UAAF;MAAa,CAA1C,CAAvE,SAA4H,CAAT,CAAW,CAAX,EAAa,CAAb,EAAe;AAAC,QAAG,EAAE,aAAF,CAAgB,OAAhB,CAAwB,MAAxB,GAA+B,CAA/B,EAAiC;AAAC,aAAD;KAApC,CAA6C,CAAE,cAAF,GAA9C,IAAqE,IAAE,EAAE,aAAF,CAAgB,cAAhB,CAA+B,CAA/B,CAAF;QAAoC,IAAE,SAAS,WAAT,CAAqB,aAArB,CAAF,CAAzG,CAA+I,CAAE,cAAF,CAAiB,CAAjB,EAAmB,IAAnB,EAAwB,IAAxB,EAA6B,MAA7B,EAAoC,CAApC,EAAsC,EAAE,OAAF,EAAU,EAAE,OAAF,EAAU,EAAE,OAAF,EAAU,EAAE,OAAF,EAAU,KAA9E,EAAoF,KAApF,EAA0F,KAA1F,EAAgG,KAAhG,EAAsG,CAAtG,EAAwG,IAAxG,EAA/I,CAA6P,CAAE,MAAF,CAAS,aAAT,CAAuB,CAAvB,EAA7P;GAAf,CAAuS,CAAE,WAAF,GAAc,UAAS,CAAT,EAAW;AAAC,QAAI,IAAE,IAAF,CAAL,IAAe,KAAG,CAAC,EAAE,aAAF,CAAgB,EAAE,aAAF,CAAgB,cAAhB,CAA+B,CAA/B,CAAhB,CAAD,EAAoD;AAAC,aAAD;KAA1D,CAAmE,GAAE,IAAF,CAA/E,CAAsF,CAAE,WAAF,GAAc,KAAd,CAAtF,CAA0G,CAAE,CAAF,EAAI,WAAJ,EAA1G,CAA2H,CAAE,CAAF,EAAI,WAAJ,EAA3H,CAA4I,CAAE,CAAF,EAAI,WAAJ,EAA5I;GAAX,CAAxa,CAAklB,CAAE,UAAF,GAAa,UAAS,CAAT,EAAW;AAAC,QAAG,CAAC,CAAD,EAAG;AAAC,aAAD;KAAN,IAAe,CAAK,WAAL,GAAiB,IAAjB,CAAhB,CAAsC,CAAE,CAAF,EAAI,WAAJ,EAAtC;GAAX,CAA/lB,CAAmqB,CAAE,SAAF,GAAY,UAAS,CAAT,EAAW;AAAC,QAAG,CAAC,CAAD,EAAG;AAAC,aAAD;KAAN,CAAe,CAAE,CAAF,EAAI,SAAJ,EAAhB,CAA+B,CAAE,CAAF,EAAI,UAAJ,EAA/B,IAAkD,CAAC,KAAK,WAAL,EAAiB;AAAC,QAAE,CAAF,EAAI,OAAJ,EAAD;KAArB,CAAoC,GAAE,KAAF,CAAnF;GAAX,CAA/qB,CAAuxB,CAAE,UAAF,GAAa,YAAU;AAAC,QAAI,IAAE,IAAF,CAAL,CAAY,CAAE,OAAF,CAAU,IAAV,CAAe,YAAf,EAA4B,EAAE,KAAF,CAAQ,CAAR,EAAU,aAAV,CAA5B,EAAsD,IAAtD,CAA2D,WAA3D,EAAuE,EAAE,KAAF,CAAQ,CAAR,EAAU,YAAV,CAAvE,EAAgG,IAAhG,CAAqG,UAArG,EAAgH,EAAE,KAAF,CAAQ,CAAR,EAAU,WAAV,CAAhH,EAAZ,CAAoJ,CAAE,IAAF,CAAO,CAAP,EAApJ;GAAV,CAApyB;CAAX,CAAD,CAA69B,MAA79B","file":"/client/lib/compatibility/slicklab/js/jquery.ui.touch-punch.min.js.map","sourcesContent":["/*\n * jQuery UI Touch Punch 0.2.2\n *\n * Copyright 2011, Dave Furfero\n * Dual licensed under the MIT or GPL Version 2 licenses.\n *\n * Depends:\n *  jquery.ui.widget.js\n *  jquery.ui.mouse.js\n */\n(function(b){b.support.touch=\"ontouchend\" in document;if(!b.support.touch){return;}var c=b.ui.mouse.prototype,e=c._mouseInit,a;function d(g,h){if(g.originalEvent.touches.length>1){return;}g.preventDefault();var i=g.originalEvent.changedTouches[0],f=document.createEvent(\"MouseEvents\");f.initMouseEvent(h,true,true,window,1,i.screenX,i.screenY,i.clientX,i.clientY,false,false,false,false,0,null);g.target.dispatchEvent(f);}c._touchStart=function(g){var f=this;if(a||!f._mouseCapture(g.originalEvent.changedTouches[0])){return;}a=true;f._touchMoved=false;d(g,\"mouseover\");d(g,\"mousemove\");d(g,\"mousedown\");};c._touchMove=function(f){if(!a){return;}this._touchMoved=true;d(f,\"mousemove\");};c._touchEnd=function(f){if(!a){return;}d(f,\"mouseup\");d(f,\"mouseout\");if(!this._touchMoved){d(f,\"click\");}a=false;};c._mouseInit=function(){var f=this;f.element.bind(\"touchstart\",b.proxy(f,\"_touchStart\")).bind(\"touchmove\",b.proxy(f,\"_touchMove\")).bind(\"touchend\",b.proxy(f,\"_touchEnd\"));e.call(f);};})(jQuery);"]},"hash":"b198797bd84bb736345560624c246e494efa2662"}
