{"metadata":{"usedHelpers":["typeof","interopRequireDefault"],"marked":[],"modules":{"imports":[],"exports":{"exported":[],"specifiers":[]}}},"options":{"filename":"/client/lib/compatibility/slicklab/js/bootstrap-dataTable.js","filenameRelative":"/client/lib/compatibility/slicklab/js/bootstrap-dataTable.js","env":{},"retainLines":false,"highlightCode":true,"suppressDeprecationMessages":false,"presets":[],"plugins":[[[],null],[[],null],[[],null],[[],null],[[],null],[[],null],[[],null],[[],{"polyfill":false}],[[],null],[[],null],[[],null],[[],null],[[],null],[[],null],[[],null],[[],null],[[],{"loose":true}],[[],{"loose":true}],[[],null],[[],{"loose":true}],[[],null],[[],null],[[],{"allowTopLevelThis":true,"strict":false,"loose":true}],[[],null],[[],null],[[],null],[[],null],[[],null],[[],{"loose":true}],[[],null],[[],null],[[],null],[[],null],[[],null],[[],null],[[],null],[[],null]],"ignore":[],"code":true,"metadata":true,"ast":false,"comments":true,"compact":false,"minified":false,"sourceMap":true,"sourceMaps":true,"sourceMapTarget":"/client/lib/compatibility/slicklab/js/bootstrap-dataTable.js.map","sourceFileName":"/client/lib/compatibility/slicklab/js/bootstrap-dataTable.js","babelrc":false,"sourceType":"module","moduleIds":false,"passPerPreset":false,"basename":"bootstrap-dataTable"},"ignored":false,"code":"var _typeof2 = require(\"babel-runtime/helpers/typeof\");\n\nvar _typeof3 = _interopRequireDefault(_typeof2);\n\nfunction _interopRequireDefault(obj) { return obj && obj.__esModule ? obj : { \"default\": obj }; }\n\n/*! DataTables Bootstrap 3 integration\n * Â©2011-2014 SpryMedia Ltd - datatables.net/license\n */\n\n/**\n * DataTables integration for Bootstrap 3. This requires Bootstrap 3 and\n * DataTables 1.10 or newer.\n *\n * This file sets the defaults and adds options to DataTables to style its\n * controls using Bootstrap. See http://datatables.net/manual/styling/bootstrap\n * for further information.\n */\n(function (window, document, undefined) {\n\n\tvar factory = function factory($, DataTable) {\n\t\t\"use strict\";\n\n\t\t/* Set the defaults for DataTables initialisation */\n\n\t\t$.extend(true, DataTable.defaults, {\n\t\t\tdom: \"<'row'<'col-sm-6'l><'col-sm-6'f>>\" + \"<'row'<'col-sm-12'tr>>\" + \"<'row'<'col-sm-6'i><'col-sm-6'p>>\",\n\t\t\trenderer: 'bootstrap'\n\t\t});\n\n\t\t/* Default class modification */\n\t\t$.extend(DataTable.ext.classes, {\n\t\t\tsWrapper: \"dataTables_wrapper form-inline dt-bootstrap\",\n\t\t\tsFilterInput: \"form-control input-sm\",\n\t\t\tsLengthSelect: \"form-control input-sm\"\n\t\t});\n\n\t\t/* Bootstrap paging button renderer */\n\t\tDataTable.ext.renderer.pageButton.bootstrap = function (settings, host, idx, buttons, page, pages) {\n\t\t\tvar api = new DataTable.Api(settings);\n\t\t\tvar classes = settings.oClasses;\n\t\t\tvar lang = settings.oLanguage.oPaginate;\n\t\t\tvar btnDisplay, btnClass;\n\n\t\t\tvar attach = function attach(container, buttons) {\n\t\t\t\tvar i, ien, node, button;\n\t\t\t\tvar clickHandler = function clickHandler(e) {\n\t\t\t\t\te.preventDefault();\n\t\t\t\t\tif (!$(e.currentTarget).hasClass('disabled')) {\n\t\t\t\t\t\tapi.page(e.data.action).draw(false);\n\t\t\t\t\t}\n\t\t\t\t};\n\n\t\t\t\tfor (i = 0, ien = buttons.length; i < ien; i++) {\n\t\t\t\t\tbutton = buttons[i];\n\n\t\t\t\t\tif ($.isArray(button)) {\n\t\t\t\t\t\tattach(container, button);\n\t\t\t\t\t} else {\n\t\t\t\t\t\tbtnDisplay = '';\n\t\t\t\t\t\tbtnClass = '';\n\n\t\t\t\t\t\tswitch (button) {\n\t\t\t\t\t\t\tcase 'ellipsis':\n\t\t\t\t\t\t\t\tbtnDisplay = '&hellip;';\n\t\t\t\t\t\t\t\tbtnClass = 'disabled';\n\t\t\t\t\t\t\t\tbreak;\n\n\t\t\t\t\t\t\tcase 'first':\n\t\t\t\t\t\t\t\tbtnDisplay = lang.sFirst;\n\t\t\t\t\t\t\t\tbtnClass = button + (page > 0 ? '' : ' disabled');\n\t\t\t\t\t\t\t\tbreak;\n\n\t\t\t\t\t\t\tcase 'previous':\n\t\t\t\t\t\t\t\tbtnDisplay = lang.sPrevious;\n\t\t\t\t\t\t\t\tbtnClass = button + (page > 0 ? '' : ' disabled');\n\t\t\t\t\t\t\t\tbreak;\n\n\t\t\t\t\t\t\tcase 'next':\n\t\t\t\t\t\t\t\tbtnDisplay = lang.sNext;\n\t\t\t\t\t\t\t\tbtnClass = button + (page < pages - 1 ? '' : ' disabled');\n\t\t\t\t\t\t\t\tbreak;\n\n\t\t\t\t\t\t\tcase 'last':\n\t\t\t\t\t\t\t\tbtnDisplay = lang.sLast;\n\t\t\t\t\t\t\t\tbtnClass = button + (page < pages - 1 ? '' : ' disabled');\n\t\t\t\t\t\t\t\tbreak;\n\n\t\t\t\t\t\t\tdefault:\n\t\t\t\t\t\t\t\tbtnDisplay = button + 1;\n\t\t\t\t\t\t\t\tbtnClass = page === button ? 'active' : '';\n\t\t\t\t\t\t\t\tbreak;\n\t\t\t\t\t\t}\n\n\t\t\t\t\t\tif (btnDisplay) {\n\t\t\t\t\t\t\tnode = $('<li>', {\n\t\t\t\t\t\t\t\t'class': classes.sPageButton + ' ' + btnClass,\n\t\t\t\t\t\t\t\t'aria-controls': settings.sTableId,\n\t\t\t\t\t\t\t\t'tabindex': settings.iTabIndex,\n\t\t\t\t\t\t\t\t'id': idx === 0 && typeof button === 'string' ? settings.sTableId + '_' + button : null\n\t\t\t\t\t\t\t}).append($('<a>', {\n\t\t\t\t\t\t\t\t'href': '#'\n\t\t\t\t\t\t\t}).html(btnDisplay)).appendTo(container);\n\n\t\t\t\t\t\t\tsettings.oApi._fnBindAction(node, { action: button }, clickHandler);\n\t\t\t\t\t\t}\n\t\t\t\t\t}\n\t\t\t\t}\n\t\t\t};\n\n\t\t\tattach($(host).empty().html('<ul class=\"pagination\"/>').children('ul'), buttons);\n\t\t};\n\n\t\t/*\n   * TableTools Bootstrap compatibility\n   * Required TableTools 2.1+\n   */\n\t\tif (DataTable.TableTools) {\n\t\t\t// Set the classes that TableTools uses to something suitable for Bootstrap\n\t\t\t$.extend(true, DataTable.TableTools.classes, {\n\t\t\t\t\"container\": \"DTTT btn-group\",\n\t\t\t\t\"buttons\": {\n\t\t\t\t\t\"normal\": \"btn btn-default\",\n\t\t\t\t\t\"disabled\": \"disabled\"\n\t\t\t\t},\n\t\t\t\t\"collection\": {\n\t\t\t\t\t\"container\": \"DTTT_dropdown dropdown-menu\",\n\t\t\t\t\t\"buttons\": {\n\t\t\t\t\t\t\"normal\": \"\",\n\t\t\t\t\t\t\"disabled\": \"disabled\"\n\t\t\t\t\t}\n\t\t\t\t},\n\t\t\t\t\"print\": {\n\t\t\t\t\t\"info\": \"DTTT_print_info\"\n\t\t\t\t},\n\t\t\t\t\"select\": {\n\t\t\t\t\t\"row\": \"active\"\n\t\t\t\t}\n\t\t\t});\n\n\t\t\t// Have the collection use a bootstrap compatible drop down\n\t\t\t$.extend(true, DataTable.TableTools.DEFAULTS.oTags, {\n\t\t\t\t\"collection\": {\n\t\t\t\t\t\"container\": \"ul\",\n\t\t\t\t\t\"button\": \"li\",\n\t\t\t\t\t\"liner\": \"a\"\n\t\t\t\t}\n\t\t\t});\n\t\t}\n\t}; // /factory\n\n\t// Define as an AMD module if possible\n\tif (typeof define === 'function' && define.amd) {\n\t\tdefine(['jquery', 'datatables'], factory);\n\t} else if ((typeof exports === \"undefined\" ? \"undefined\" : (0, _typeof3[\"default\"])(exports)) === 'object') {\n\t\t// Node/CommonJS\n\t\tfactory(require('jquery'), require('datatables'));\n\t} else if (jQuery) {\n\t\t// Otherwise simply initialise as normal, stopping multiple evaluation\n\t\tfactory(jQuery, jQuery.fn.dataTable);\n\t}\n})(window, document);","ast":null,"map":{"version":3,"sources":["/client/lib/compatibility/slicklab/js/bootstrap-dataTable.js"],"names":[],"mappings":";;;;;;;;;;;;;;;;;;AAYA,CAAC,UAAS,MAAT,EAAiB,QAAjB,EAA2B,SAA3B,EAAqC;;AAEtC,KAAI,UAAU,SAAV,OAAU,CAAU,CAAV,EAAa,SAAb,EAAyB;AACvC;;;AADuC;AAKvC,IAAE,MAAF,CAAU,IAAV,EAAgB,UAAU,QAAV,EAAoB;AACnC,QACC,sCACA,wBADA,GAEA,mCAFA;AAGD,aAAU,WAAV;GALD;;;AALuC,GAevC,CAAE,MAAF,CAAU,UAAU,GAAV,CAAc,OAAd,EAAuB;AAChC,aAAe,6CAAf;AACA,iBAAe,uBAAf;AACA,kBAAe,uBAAf;GAHD;;;AAfuC,WAuBvC,CAAU,GAAV,CAAc,QAAd,CAAuB,UAAvB,CAAkC,SAAlC,GAA8C,UAAW,QAAX,EAAqB,IAArB,EAA2B,GAA3B,EAAgC,OAAhC,EAAyC,IAAzC,EAA+C,KAA/C,EAAuD;AACpG,OAAI,MAAU,IAAI,UAAU,GAAV,CAAe,QAAnB,CAAV,CADgG;AAEpG,OAAI,UAAU,SAAS,QAAT,CAFsF;AAGpG,OAAI,OAAU,SAAS,SAAT,CAAmB,SAAnB,CAHsF;AAIpG,OAAI,UAAJ,EAAgB,QAAhB,CAJoG;;AAMpG,OAAI,SAAS,SAAT,MAAS,CAAU,SAAV,EAAqB,OAArB,EAA+B;AAC3C,QAAI,CAAJ,EAAO,GAAP,EAAY,IAAZ,EAAkB,MAAlB,CAD2C;AAE3C,QAAI,eAAe,SAAf,YAAe,CAAW,CAAX,EAAe;AACjC,OAAE,cAAF,GADiC;AAEjC,SAAK,CAAC,EAAE,EAAE,aAAF,CAAF,CAAmB,QAAnB,CAA4B,UAA5B,CAAD,EAA2C;AAC/C,UAAI,IAAJ,CAAU,EAAE,IAAF,CAAO,MAAP,CAAV,CAA0B,IAA1B,CAAgC,KAAhC,EAD+C;MAAhD;KAFkB,CAFwB;;AAS3C,SAAM,IAAE,CAAF,EAAK,MAAI,QAAQ,MAAR,EAAiB,IAAE,GAAF,EAAQ,GAAxC,EAA8C;AAC7C,cAAS,QAAQ,CAAR,CAAT,CAD6C;;AAG7C,SAAK,EAAE,OAAF,CAAW,MAAX,CAAL,EAA2B;AAC1B,aAAQ,SAAR,EAAmB,MAAnB,EAD0B;MAA3B,MAGK;AACJ,mBAAa,EAAb,CADI;AAEJ,iBAAW,EAAX,CAFI;;AAIJ,cAAS,MAAT;AACC,YAAK,UAAL;AACC,qBAAa,UAAb,CADD;AAEC,mBAAW,UAAX,CAFD;AAGC,cAHD;;AADD,YAMM,OAAL;AACC,qBAAa,KAAK,MAAL,CADd;AAEC,mBAAW,UAAU,OAAO,CAAP,GACpB,EADoB,GACf,WADe,CAAV,CAFZ;AAIC,cAJD;;AAND,YAYM,UAAL;AACC,qBAAa,KAAK,SAAL,CADd;AAEC,mBAAW,UAAU,OAAO,CAAP,GACpB,EADoB,GACf,WADe,CAAV,CAFZ;AAIC,cAJD;;AAZD,YAkBM,MAAL;AACC,qBAAa,KAAK,KAAL,CADd;AAEC,mBAAW,UAAU,OAAO,QAAM,CAAN,GAC3B,EADoB,GACf,WADe,CAAV,CAFZ;AAIC,cAJD;;AAlBD,YAwBM,MAAL;AACC,qBAAa,KAAK,KAAL,CADd;AAEC,mBAAW,UAAU,OAAO,QAAM,CAAN,GAC3B,EADoB,GACf,WADe,CAAV,CAFZ;AAIC,cAJD;;AAxBD;AA+BE,qBAAa,SAAS,CAAT,CADd;AAEC,mBAAW,SAAS,MAAT,GACV,QADU,GACC,EADD,CAFZ;AAIC,cAJD;AA9BD,OAJI;;AAyCJ,UAAK,UAAL,EAAkB;AACjB,cAAO,EAAE,MAAF,EAAU;AACf,iBAAS,QAAQ,WAAR,GAAoB,GAApB,GAAwB,QAAxB;AACT,yBAAiB,SAAS,QAAT;AACjB,oBAAY,SAAS,SAAT;AACZ,cAAM,QAAQ,CAAR,IAAa,OAAO,MAAP,KAAkB,QAAlB,GAClB,SAAS,QAAT,GAAmB,GAAnB,GAAwB,MAAxB,GACA,IAFK;QAJD,EAQL,MARK,CAQG,EAAE,KAAF,EAAS;AAChB,gBAAQ,GAAR;QADO,EAGP,IAHO,CAGD,UAHC,CARH,EAaL,QAbK,CAaK,SAbL,CAAP,CADiB;;AAgBjB,gBAAS,IAAT,CAAc,aAAd,CACC,IADD,EACO,EAAC,QAAQ,MAAR,EADR,EACyB,YADzB,EAhBiB;OAAlB;MA5CD;KAHD;IATY,CANuF;;AAsFpG,UACC,EAAE,IAAF,EAAQ,KAAR,GAAgB,IAAhB,CAAqB,0BAArB,EAAiD,QAAjD,CAA0D,IAA1D,CADD,EAEC,OAFD,EAtFoG;GAAvD;;;;;;AAvBP,MAwHlC,UAAU,UAAV,EAAuB;;AAE3B,KAAE,MAAF,CAAU,IAAV,EAAgB,UAAU,UAAV,CAAqB,OAArB,EAA8B;AAC7C,iBAAa,gBAAb;AACA,eAAW;AACV,eAAU,iBAAV;AACA,iBAAY,UAAZ;KAFD;AAIA,kBAAc;AACb,kBAAa,6BAAb;AACA,gBAAW;AACV,gBAAU,EAAV;AACA,kBAAY,UAAZ;MAFD;KAFD;AAOA,aAAS;AACR,aAAQ,iBAAR;KADD;AAGA,cAAU;AACT,YAAO,QAAP;KADD;IAhBD;;;AAF2B,IAwB3B,CAAE,MAAF,CAAU,IAAV,EAAgB,UAAU,UAAV,CAAqB,QAArB,CAA8B,KAA9B,EAAqC;AACpD,kBAAc;AACb,kBAAa,IAAb;AACA,eAAU,IAAV;AACA,cAAS,GAAT;KAHD;IADD,EAxB2B;GAA5B;EAxHc;;;AAFwB,KA+JjC,OAAO,MAAP,KAAkB,UAAlB,IAAgC,OAAO,GAAP,EAAa;AACjD,SAAQ,CAAC,QAAD,EAAW,YAAX,CAAR,EAAkC,OAAlC,EADiD;EAAlD,MAGK,IAAK,QAAO,0EAAP,KAAmB,QAAnB,EAA8B;;AAEpC,UAAS,QAAQ,QAAR,CAAT,EAA4B,QAAQ,YAAR,CAA5B,EAFoC;EAAnC,MAIA,IAAK,MAAL,EAAc;;AAElB,UAAS,MAAT,EAAiB,OAAO,EAAP,CAAU,SAAV,CAAjB,CAFkB;EAAd;CAtKJ,CAAD,CA4KG,MA5KH,EA4KW,QA5KX","file":"/client/lib/compatibility/slicklab/js/bootstrap-dataTable.js.map","sourcesContent":["/*! DataTables Bootstrap 3 integration\n * Â©2011-2014 SpryMedia Ltd - datatables.net/license\n */\n\n/**\n * DataTables integration for Bootstrap 3. This requires Bootstrap 3 and\n * DataTables 1.10 or newer.\n *\n * This file sets the defaults and adds options to DataTables to style its\n * controls using Bootstrap. See http://datatables.net/manual/styling/bootstrap\n * for further information.\n */\n(function(window, document, undefined){\n\nvar factory = function( $, DataTable ) {\n\"use strict\";\n\n\n/* Set the defaults for DataTables initialisation */\n$.extend( true, DataTable.defaults, {\n\tdom:\n\t\t\"<'row'<'col-sm-6'l><'col-sm-6'f>>\" +\n\t\t\"<'row'<'col-sm-12'tr>>\" +\n\t\t\"<'row'<'col-sm-6'i><'col-sm-6'p>>\",\n\trenderer: 'bootstrap'\n} );\n\n\n/* Default class modification */\n$.extend( DataTable.ext.classes, {\n\tsWrapper:      \"dataTables_wrapper form-inline dt-bootstrap\",\n\tsFilterInput:  \"form-control input-sm\",\n\tsLengthSelect: \"form-control input-sm\"\n} );\n\n\n/* Bootstrap paging button renderer */\nDataTable.ext.renderer.pageButton.bootstrap = function ( settings, host, idx, buttons, page, pages ) {\n\tvar api     = new DataTable.Api( settings );\n\tvar classes = settings.oClasses;\n\tvar lang    = settings.oLanguage.oPaginate;\n\tvar btnDisplay, btnClass;\n\n\tvar attach = function( container, buttons ) {\n\t\tvar i, ien, node, button;\n\t\tvar clickHandler = function ( e ) {\n\t\t\te.preventDefault();\n\t\t\tif ( !$(e.currentTarget).hasClass('disabled') ) {\n\t\t\t\tapi.page( e.data.action ).draw( false );\n\t\t\t}\n\t\t};\n\n\t\tfor ( i=0, ien=buttons.length ; i<ien ; i++ ) {\n\t\t\tbutton = buttons[i];\n\n\t\t\tif ( $.isArray( button ) ) {\n\t\t\t\tattach( container, button );\n\t\t\t}\n\t\t\telse {\n\t\t\t\tbtnDisplay = '';\n\t\t\t\tbtnClass = '';\n\n\t\t\t\tswitch ( button ) {\n\t\t\t\t\tcase 'ellipsis':\n\t\t\t\t\t\tbtnDisplay = '&hellip;';\n\t\t\t\t\t\tbtnClass = 'disabled';\n\t\t\t\t\t\tbreak;\n\n\t\t\t\t\tcase 'first':\n\t\t\t\t\t\tbtnDisplay = lang.sFirst;\n\t\t\t\t\t\tbtnClass = button + (page > 0 ?\n\t\t\t\t\t\t\t'' : ' disabled');\n\t\t\t\t\t\tbreak;\n\n\t\t\t\t\tcase 'previous':\n\t\t\t\t\t\tbtnDisplay = lang.sPrevious;\n\t\t\t\t\t\tbtnClass = button + (page > 0 ?\n\t\t\t\t\t\t\t'' : ' disabled');\n\t\t\t\t\t\tbreak;\n\n\t\t\t\t\tcase 'next':\n\t\t\t\t\t\tbtnDisplay = lang.sNext;\n\t\t\t\t\t\tbtnClass = button + (page < pages-1 ?\n\t\t\t\t\t\t\t'' : ' disabled');\n\t\t\t\t\t\tbreak;\n\n\t\t\t\t\tcase 'last':\n\t\t\t\t\t\tbtnDisplay = lang.sLast;\n\t\t\t\t\t\tbtnClass = button + (page < pages-1 ?\n\t\t\t\t\t\t\t'' : ' disabled');\n\t\t\t\t\t\tbreak;\n\n\t\t\t\t\tdefault:\n\t\t\t\t\t\tbtnDisplay = button + 1;\n\t\t\t\t\t\tbtnClass = page === button ?\n\t\t\t\t\t\t\t'active' : '';\n\t\t\t\t\t\tbreak;\n\t\t\t\t}\n\n\t\t\t\tif ( btnDisplay ) {\n\t\t\t\t\tnode = $('<li>', {\n\t\t\t\t\t\t\t'class': classes.sPageButton+' '+btnClass,\n\t\t\t\t\t\t\t'aria-controls': settings.sTableId,\n\t\t\t\t\t\t\t'tabindex': settings.iTabIndex,\n\t\t\t\t\t\t\t'id': idx === 0 && typeof button === 'string' ?\n\t\t\t\t\t\t\t\tsettings.sTableId +'_'+ button :\n\t\t\t\t\t\t\t\tnull\n\t\t\t\t\t\t} )\n\t\t\t\t\t\t.append( $('<a>', {\n\t\t\t\t\t\t\t\t'href': '#'\n\t\t\t\t\t\t\t} )\n\t\t\t\t\t\t\t.html( btnDisplay )\n\t\t\t\t\t\t)\n\t\t\t\t\t\t.appendTo( container );\n\n\t\t\t\t\tsettings.oApi._fnBindAction(\n\t\t\t\t\t\tnode, {action: button}, clickHandler\n\t\t\t\t\t);\n\t\t\t\t}\n\t\t\t}\n\t\t}\n\t};\n\n\tattach(\n\t\t$(host).empty().html('<ul class=\"pagination\"/>').children('ul'),\n\t\tbuttons\n\t);\n};\n\n\n/*\n * TableTools Bootstrap compatibility\n * Required TableTools 2.1+\n */\nif ( DataTable.TableTools ) {\n\t// Set the classes that TableTools uses to something suitable for Bootstrap\n\t$.extend( true, DataTable.TableTools.classes, {\n\t\t\"container\": \"DTTT btn-group\",\n\t\t\"buttons\": {\n\t\t\t\"normal\": \"btn btn-default\",\n\t\t\t\"disabled\": \"disabled\"\n\t\t},\n\t\t\"collection\": {\n\t\t\t\"container\": \"DTTT_dropdown dropdown-menu\",\n\t\t\t\"buttons\": {\n\t\t\t\t\"normal\": \"\",\n\t\t\t\t\"disabled\": \"disabled\"\n\t\t\t}\n\t\t},\n\t\t\"print\": {\n\t\t\t\"info\": \"DTTT_print_info\"\n\t\t},\n\t\t\"select\": {\n\t\t\t\"row\": \"active\"\n\t\t}\n\t} );\n\n\t// Have the collection use a bootstrap compatible drop down\n\t$.extend( true, DataTable.TableTools.DEFAULTS.oTags, {\n\t\t\"collection\": {\n\t\t\t\"container\": \"ul\",\n\t\t\t\"button\": \"li\",\n\t\t\t\"liner\": \"a\"\n\t\t}\n\t} );\n}\n\n}; // /factory\n\n\n// Define as an AMD module if possible\nif ( typeof define === 'function' && define.amd ) {\n\tdefine( ['jquery', 'datatables'], factory );\n}\nelse if ( typeof exports === 'object' ) {\n    // Node/CommonJS\n    factory( require('jquery'), require('datatables') );\n}\nelse if ( jQuery ) {\n\t// Otherwise simply initialise as normal, stopping multiple evaluation\n\tfactory( jQuery, jQuery.fn.dataTable );\n}\n\n\n})(window, document);\n"]},"hash":"b807349c3662955b3384ecdebe9f8195e3e68622"}
