{"metadata":{"usedHelpers":[],"marked":[],"modules":{"imports":[],"exports":{"exported":[],"specifiers":[]}}},"options":{"filename":"/client/lib/compatibility/slicklab/js/respond.min.js","filenameRelative":"/client/lib/compatibility/slicklab/js/respond.min.js","env":{},"retainLines":false,"highlightCode":true,"suppressDeprecationMessages":false,"presets":[],"plugins":[[[],null],[[],null],[[],null],[[],null],[[],null],[[],null],[[],null],[[],{"polyfill":false}],[[],null],[[],null],[[],null],[[],null],[[],null],[[],null],[[],null],[[],null],[[],{"loose":true}],[[],{"loose":true}],[[],null],[[],{"loose":true}],[[],null],[[],null],[[],{"allowTopLevelThis":true,"strict":false,"loose":true}],[[],null],[[],null],[[],null],[[],null],[[],null],[[],{"loose":true}],[[],null],[[],null],[[],null],[[],null],[[],null],[[],null],[[],null],[[],null]],"ignore":[],"code":true,"metadata":true,"ast":false,"comments":true,"compact":false,"minified":false,"sourceMap":true,"sourceMaps":true,"sourceMapTarget":"/client/lib/compatibility/slicklab/js/respond.min.js.map","sourceFileName":"/client/lib/compatibility/slicklab/js/respond.min.js","babelrc":false,"sourceType":"module","moduleIds":false,"passPerPreset":false,"basename":"respond.min"},"ignored":false,"code":"/*! matchMedia() polyfill - Test a CSS media type/query in JS. Authors & copyright (c) 2012: Scott Jehl, Paul Irish, Nicholas Zakas. Dual MIT/BSD license */\n/*! NOTE: If you're already including a window.matchMedia polyfill via Modernizr or otherwise, you don't need this part */\nwindow.matchMedia = window.matchMedia || function (a) {\n  \"use strict\";\n  var c,\n      d = a.documentElement,\n      e = d.firstElementChild || d.firstChild,\n      f = a.createElement(\"body\"),\n      g = a.createElement(\"div\");return g.id = \"mq-test-1\", g.style.cssText = \"position:absolute;top:-100em\", f.style.background = \"none\", f.appendChild(g), function (a) {\n    return g.innerHTML = '&shy;<style media=\"' + a + '\"> #mq-test-1 { width: 42px; }</style>', d.insertBefore(f, e), c = 42 === g.offsetWidth, d.removeChild(f), { matches: c, media: a };\n  };\n}(document);\n\n/*! Respond.js v1.1.0: min/max-width media query polyfill. (c) Scott Jehl. MIT/GPLv2 Lic. j.mp/respondjs  */\n(function (a) {\n  \"use strict\";\n  function x() {\n    u(!0);\n  }var b = {};a.respond = b, b.update = function () {}, b.mediaQueriesSupported = a.matchMedia && a.matchMedia(\"only all\").matches, b.mediaQueriesSupported;var q,\n      r,\n      t,\n      c = a.document,\n      d = c.documentElement,\n      e = [],\n      f = [],\n      g = [],\n      h = {},\n      i = 30,\n      j = c.getElementsByTagName(\"head\")[0] || d,\n      k = c.getElementsByTagName(\"base\")[0],\n      l = j.getElementsByTagName(\"link\"),\n      m = [],\n      n = function n() {\n    for (var b = 0; l.length > b; b++) {\n      var c = l[b],\n          d = c.href,\n          e = c.media,\n          f = c.rel && \"stylesheet\" === c.rel.toLowerCase();d && f && !h[d] && (c.styleSheet && c.styleSheet.rawCssText ? (p(c.styleSheet.rawCssText, d, e), h[d] = !0) : (!/^([a-zA-Z:]*\\/\\/)/.test(d) && !k || d.replace(RegExp.$1, \"\").split(\"/\")[0] === a.location.host) && m.push({ href: d, media: e }));\n    }o();\n  },\n      o = function o() {\n    if (m.length) {\n      var a = m.shift();v(a.href, function (b) {\n        p(b, a.href, a.media), h[a.href] = !0, setTimeout(function () {\n          o();\n        }, 0);\n      });\n    }\n  },\n      p = function p(a, b, c) {\n    var d = a.match(/@media[^\\{]+\\{([^\\{\\}]*\\{[^\\}\\{]*\\})+/gi),\n        g = d && d.length || 0;b = b.substring(0, b.lastIndexOf(\"/\"));var h = function h(a) {\n      return a.replace(/(url\\()['\"]?([^\\/\\)'\"][^:\\)'\"]+)['\"]?(\\))/g, \"$1\" + b + \"$2$3\");\n    },\n        i = !g && c;b.length && (b += \"/\"), i && (g = 1);for (var j = 0; g > j; j++) {\n      var k, l, m, n;i ? (k = c, f.push(h(a))) : (k = d[j].match(/@media *([^\\{]+)\\{([\\S\\s]+?)$/) && RegExp.$1, f.push(RegExp.$2 && h(RegExp.$2))), m = k.split(\",\"), n = m.length;for (var o = 0; n > o; o++) {\n        l = m[o], e.push({ media: l.split(\"(\")[0].match(/(only\\s+)?([a-zA-Z]+)\\s?/) && RegExp.$2 || \"all\", rules: f.length - 1, hasquery: l.indexOf(\"(\") > -1, minw: l.match(/\\(min\\-width:[\\s]*([\\s]*[0-9\\.]+)(px|em)[\\s]*\\)/) && parseFloat(RegExp.$1) + (RegExp.$2 || \"\"), maxw: l.match(/\\(max\\-width:[\\s]*([\\s]*[0-9\\.]+)(px|em)[\\s]*\\)/) && parseFloat(RegExp.$1) + (RegExp.$2 || \"\") });\n      }\n    }u();\n  },\n      s = function s() {\n    var a,\n        b = c.createElement(\"div\"),\n        e = c.body,\n        f = !1;return b.style.cssText = \"position:absolute;font-size:1em;width:1em\", e || (e = f = c.createElement(\"body\"), e.style.background = \"none\"), e.appendChild(b), d.insertBefore(e, d.firstChild), a = b.offsetWidth, f ? d.removeChild(e) : e.removeChild(b), a = t = parseFloat(a);\n  },\n      u = function u(a) {\n    var b = \"clientWidth\",\n        h = d[b],\n        k = \"CSS1Compat\" === c.compatMode && h || c.body[b] || h,\n        m = {},\n        n = l[l.length - 1],\n        o = new Date().getTime();if (a && q && i > o - q) return clearTimeout(r), r = setTimeout(u, i), void 0;q = o;for (var p in meteorBabelHelpers.sanitizeForInObject(e)) {\n      if (e.hasOwnProperty(p)) {\n        var v = e[p],\n            w = v.minw,\n            x = v.maxw,\n            y = null === w,\n            z = null === x,\n            A = \"em\";w && (w = parseFloat(w) * (w.indexOf(A) > -1 ? t || s() : 1)), x && (x = parseFloat(x) * (x.indexOf(A) > -1 ? t || s() : 1)), v.hasquery && (y && z || !(y || k >= w) || !(z || x >= k)) || (m[v.media] || (m[v.media] = []), m[v.media].push(f[v.rules]));\n      }\n    }for (var B in meteorBabelHelpers.sanitizeForInObject(g)) {\n      g.hasOwnProperty(B) && g[B] && g[B].parentNode === j && j.removeChild(g[B]);\n    }for (var C in meteorBabelHelpers.sanitizeForInObject(m)) {\n      if (m.hasOwnProperty(C)) {\n        var D = c.createElement(\"style\"),\n            E = m[C].join(\"\\n\");D.type = \"text/css\", D.media = C, j.insertBefore(D, n.nextSibling), D.styleSheet ? D.styleSheet.cssText = E : D.appendChild(c.createTextNode(E)), g.push(D);\n      }\n    }\n  },\n      v = function v(a, b) {\n    var c = w();c && (c.open(\"GET\", a, !0), c.onreadystatechange = function () {\n      4 !== c.readyState || 200 !== c.status && 304 !== c.status || b(c.responseText);\n    }, 4 !== c.readyState && c.send(null));\n  },\n      w = function () {\n    var b = !1;try {\n      b = new a.XMLHttpRequest();\n    } catch (c) {\n      b = new a.ActiveXObject(\"Microsoft.XMLHTTP\");\n    }return function () {\n      return b;\n    };\n  }();n(), b.update = n, a.addEventListener ? a.addEventListener(\"resize\", x, !1) : a.attachEvent && a.attachEvent(\"onresize\", x);\n})(this);","ast":null,"map":{"version":3,"sources":["/client/lib/compatibility/slicklab/js/respond.min.js"],"names":[],"mappings":";;AAEA,OAAO,UAAP,GAAkB,OAAO,UAAP,IAAmB,UAAS,CAAT,EAAW;AAAC,eAAD;AAAc,MAAI,CAAJ;MAAM,IAAE,EAAE,eAAF;MAAkB,IAAE,EAAE,iBAAF,IAAqB,EAAE,UAAF;MAAa,IAAE,EAAE,aAAF,CAAgB,MAAhB,CAAF;MAA0B,IAAE,EAAE,aAAF,CAAgB,KAAhB,CAAF,CAAtG,OAAsI,EAAE,EAAF,GAAK,WAAL,EAAiB,EAAE,KAAF,CAAQ,OAAR,GAAgB,8BAAhB,EAA+C,EAAE,KAAF,CAAQ,UAAR,GAAmB,MAAnB,EAA0B,EAAE,WAAF,CAAc,CAAd,CAA1F,EAA2G,UAAS,CAAT,EAAW;AAAC,WAAO,EAAE,SAAF,GAAY,wBAAsB,CAAtB,GAAwB,wCAAxB,EAAiE,EAAE,YAAF,CAAe,CAAf,EAAiB,CAAjB,CAA7E,EAAiG,IAAE,OAAK,EAAE,WAAF,EAAc,EAAE,WAAF,CAAc,CAAd,CAAtH,EAAuI,EAAC,SAAQ,CAAR,EAAU,OAAM,CAAN,EAAlJ,CAAR;GAAX,CAAjP;CAAX,CAA4a,QAA5a,CAAnB;;;AAGlB,CAAC,UAAS,CAAT,EAAW;AAAC,eAAD;AAAc,WAAS,CAAT,GAAY;AAAC,MAAE,CAAC,CAAD,CAAF,CAAD;GAAZ,IAAuB,IAAE,EAAF,CAArC,CAA0C,CAAE,OAAF,GAAU,CAAV,EAAY,EAAE,MAAF,GAAS,YAAU,EAAV,EAAa,EAAE,qBAAF,GAAwB,EAAE,UAAF,IAAc,EAAE,UAAF,CAAa,UAAb,EAAyB,OAAzB,EAAiC,EAAE,qBAAF,CAAnJ,IAA+K,CAAJ;MAAM,CAAN;MAAQ,CAAR;MAAU,IAAE,EAAE,QAAF;MAAW,IAAE,EAAE,eAAF;MAAkB,IAAE,EAAF;MAAK,IAAE,EAAF;MAAK,IAAE,EAAF;MAAK,IAAE,EAAF;MAAK,IAAE,EAAF;MAAK,IAAE,EAAE,oBAAF,CAAuB,MAAvB,EAA+B,CAA/B,KAAmC,CAAnC;MAAqC,IAAE,EAAE,oBAAF,CAAuB,MAAvB,EAA+B,CAA/B,CAAF;MAAoC,IAAE,EAAE,oBAAF,CAAuB,MAAvB,CAAF;MAAiC,IAAE,EAAF;MAAK,IAAE,SAAF,CAAE,GAAU;AAAC,SAAI,IAAI,IAAE,CAAF,EAAI,EAAE,MAAF,GAAS,CAAT,EAAW,GAAvB,EAA2B;AAAC,UAAI,IAAE,EAAE,CAAF,CAAF;UAAO,IAAE,EAAE,IAAF;UAAO,IAAE,EAAE,KAAF;UAAQ,IAAE,EAAE,GAAF,IAAO,iBAAe,EAAE,GAAF,CAAM,WAAN,EAAf,CAAxC,CAA2E,IAAG,CAAH,IAAM,CAAC,EAAE,CAAF,CAAD,KAAQ,EAAE,UAAF,IAAc,EAAE,UAAF,CAAa,UAAb,IAAyB,EAAE,EAAE,UAAF,CAAa,UAAb,EAAwB,CAA1B,EAA4B,CAA5B,GAA+B,EAAE,CAAF,IAAK,CAAC,CAAD,CAA3E,GAA+E,CAAC,CAAC,oBAAoB,IAApB,CAAyB,CAAzB,CAAD,IAA8B,CAAC,CAAD,IAAI,EAAE,OAAF,CAAU,OAAO,EAAP,EAAU,EAApB,EAAwB,KAAxB,CAA8B,GAA9B,EAAmC,CAAnC,MAAwC,EAAE,QAAF,CAAW,IAAX,CAA3E,IAA6F,EAAE,IAAF,CAAO,EAAC,MAAK,CAAL,EAAO,OAAM,CAAN,EAAf,CAA7F,CAA7F,CAA3E;KAA3B,CAA0T,GAA3T;GAAV;MAA0U,IAAE,SAAF,CAAE,GAAU;AAAC,QAAG,EAAE,MAAF,EAAS;AAAC,UAAI,IAAE,EAAE,KAAF,EAAF,CAAL,CAAiB,CAAE,EAAE,IAAF,EAAO,UAAS,CAAT,EAAW;AAAC,UAAE,CAAF,EAAI,EAAE,IAAF,EAAO,EAAE,KAAF,CAAX,EAAoB,EAAE,EAAE,IAAF,CAAF,GAAU,CAAC,CAAD,EAAG,WAAW,YAAU;AAAC,cAAD;SAAV,EAAgB,CAA3B,CAAjC,CAAD;OAAX,CAAT,CAAjB;KAAZ;GAAX;MAAgI,IAAE,SAAF,CAAE,CAAS,CAAT,EAAW,CAAX,EAAa,CAAb,EAAe;AAAC,QAAI,IAAE,EAAE,KAAF,CAAQ,yCAAR,CAAF;QAAqD,IAAE,KAAG,EAAE,MAAF,IAAU,CAAb,CAA5D,CAA2E,GAAE,EAAE,SAAF,CAAY,CAAZ,EAAc,EAAE,WAAF,CAAc,GAAd,CAAd,CAAF,CAA3E,IAAmH,IAAE,SAAF,CAAE,CAAS,CAAT,EAAW;AAAC,aAAO,EAAE,OAAF,CAAU,4CAAV,EAAuD,OAAK,CAAL,GAAO,MAAP,CAA9D,CAAD;KAAX;QAA0F,IAAE,CAAC,CAAD,IAAI,CAAJ,CAAjN,CAAuN,CAAE,MAAF,KAAW,KAAG,GAAH,CAAX,EAAmB,MAAI,IAAE,CAAF,CAAJ,CAA1O,KAAuP,IAAI,IAAE,CAAF,EAAI,IAAE,CAAF,EAAI,GAAhB,EAAoB;AAAC,UAAI,CAAJ,EAAM,CAAN,EAAQ,CAAR,EAAU,CAAV,CAAD,CAAa,IAAG,IAAE,CAAF,EAAI,EAAE,IAAF,CAAO,EAAE,CAAF,CAAP,CAAJ,CAAH,IAAsB,IAAE,EAAE,CAAF,EAAK,KAAL,CAAW,+BAAX,KAA6C,OAAO,EAAP,EAAU,EAAE,IAAF,CAAO,OAAO,EAAP,IAAW,EAAE,OAAO,EAAP,CAAb,CAAhE,CAAtB,EAAgH,IAAE,EAAE,KAAF,CAAQ,GAAR,CAAF,EAAe,IAAE,EAAE,MAAF,CAA9I,KAA2J,IAAI,IAAE,CAAF,EAAI,IAAE,CAAF,EAAI,GAAhB;AAAoB,YAAE,EAAE,CAAF,CAAF,EAAO,EAAE,IAAF,CAAO,EAAC,OAAM,EAAE,KAAF,CAAQ,GAAR,EAAa,CAAb,EAAgB,KAAhB,CAAsB,0BAAtB,KAAmD,OAAO,EAAP,IAAW,KAA9D,EAAoE,OAAM,EAAE,MAAF,GAAS,CAAT,EAAW,UAAS,EAAE,OAAF,CAAU,GAAV,IAAe,CAAC,CAAD,EAAG,MAAK,EAAE,KAAF,CAAQ,iDAAR,KAA4D,WAAW,OAAO,EAAP,CAAX,IAAuB,OAAO,EAAP,IAAW,EAAX,CAAvB,EAAsC,MAAK,EAAE,KAAF,CAAQ,iDAAR,KAA4D,WAAW,OAAO,EAAP,CAAX,IAAuB,OAAO,EAAP,IAAW,EAAX,CAAvB,EAAtS,CAAP;OAApB;KAA3K,CAAohB,GAAvwB;GAAf;MAA2xB,IAAE,SAAF,CAAE,GAAU;AAAC,QAAI,CAAJ;QAAM,IAAE,EAAE,aAAF,CAAgB,KAAhB,CAAF;QAAyB,IAAE,EAAE,IAAF;QAAO,IAAE,CAAC,CAAD,CAA3C,OAAqD,EAAE,KAAF,CAAQ,OAAR,GAAgB,2CAAhB,EAA4D,MAAI,IAAE,IAAE,EAAE,aAAF,CAAgB,MAAhB,CAAF,EAA0B,EAAE,KAAF,CAAQ,UAAR,GAAmB,MAAnB,CAAhC,EAA2D,EAAE,WAAF,CAAc,CAAd,CAAvH,EAAwI,EAAE,YAAF,CAAe,CAAf,EAAiB,EAAE,UAAF,CAAzJ,EAAuK,IAAE,EAAE,WAAF,EAAc,IAAE,EAAE,WAAF,CAAc,CAAd,CAAF,GAAmB,EAAE,WAAF,CAAc,CAAd,CAAnB,EAAoC,IAAE,IAAE,WAAW,CAAX,CAAF,CAAlR;GAAV;MAA6S,IAAE,SAAF,CAAE,CAAS,CAAT,EAAW;AAAC,QAAI,IAAE,aAAF;QAAgB,IAAE,EAAE,CAAF,CAAF;QAAO,IAAE,iBAAe,EAAE,UAAF,IAAc,CAA7B,IAAgC,EAAE,IAAF,CAAO,CAAP,CAAhC,IAA2C,CAA3C;QAA6C,IAAE,EAAF;QAAK,IAAE,EAAE,EAAE,MAAF,GAAS,CAAT,CAAJ;QAAgB,IAAE,IAAK,IAAJ,EAAD,CAAW,OAAX,EAAF,CAAhG,IAA0H,KAAG,CAAH,IAAM,IAAE,IAAE,CAAF,EAAI,OAAO,aAAa,CAAb,GAAgB,IAAE,WAAW,CAAX,EAAa,CAAb,CAAF,EAAkB,KAAK,CAAL,CAAxD,CAA+D,GAAE,CAAF,CAAtL,KAA8L,IAAI,CAAJ,2CAAS,EAAb;AAAe,UAAG,EAAE,cAAF,CAAiB,CAAjB,CAAH,EAAuB;AAAC,YAAI,IAAE,EAAE,CAAF,CAAF;YAAO,IAAE,EAAE,IAAF;YAAO,IAAE,EAAE,IAAF;YAAO,IAAE,SAAO,CAAP;YAAS,IAAE,SAAO,CAAP;YAAS,IAAE,IAAF,CAApD,CAA2D,KAAI,IAAE,WAAW,CAAX,KAAe,EAAE,OAAF,CAAU,CAAV,IAAa,CAAC,CAAD,GAAG,KAAG,GAAH,GAAO,CAAvB,CAAf,CAAN,EAAgD,MAAI,IAAE,WAAW,CAAX,KAAe,EAAE,OAAF,CAAU,CAAV,IAAa,CAAC,CAAD,GAAG,KAAG,GAAH,GAAO,CAAvB,CAAf,CAAN,EAAgD,EAAE,QAAF,KAAa,KAAG,CAAH,IAAM,EAAE,KAAG,KAAG,CAAH,CAAL,IAAY,EAAE,KAAG,KAAG,CAAH,CAAL,CAA/B,KAA6C,EAAE,EAAE,KAAF,CAAF,KAAa,EAAE,EAAE,KAAF,CAAF,GAAW,EAAX,CAAb,EAA4B,EAAE,EAAE,KAAF,CAAF,CAAW,IAAX,CAAgB,EAAE,EAAE,KAAF,CAAlB,CAA5B,CAA7C,CAA3J;OAAvB;KAAf,KAA2S,IAAI,CAAJ,2CAAS,EAAb;AAAe,QAAE,cAAF,CAAiB,CAAjB,KAAqB,EAAE,CAAF,CAArB,IAA2B,EAAE,CAAF,EAAK,UAAL,KAAkB,CAAlB,IAAqB,EAAE,WAAF,CAAc,EAAE,CAAF,CAAd,CAAhD;KAAf,KAAuF,IAAI,CAAJ,2CAAS,EAAb;AAAe,UAAG,EAAE,cAAF,CAAiB,CAAjB,CAAH,EAAuB;AAAC,YAAI,IAAE,EAAE,aAAF,CAAgB,OAAhB,CAAF;YAA2B,IAAE,EAAE,CAAF,EAAK,IAAL,CAAU,IAAV,CAAF,CAAhC,CAAkD,CAAE,IAAF,GAAO,UAAP,EAAkB,EAAE,KAAF,GAAQ,CAAR,EAAU,EAAE,YAAF,CAAe,CAAf,EAAiB,EAAE,WAAF,CAA7C,EAA4D,EAAE,UAAF,GAAa,EAAE,UAAF,CAAa,OAAb,GAAqB,CAArB,GAAuB,EAAE,WAAF,CAAc,EAAE,cAAF,CAAiB,CAAjB,CAAd,CAApC,EAAuE,EAAE,IAAF,CAAO,CAAP,CAAnI,CAAlD;OAAvB;KAAf;GAA/jB;MAAsyB,IAAE,SAAF,CAAE,CAAS,CAAT,EAAW,CAAX,EAAa;AAAC,QAAI,IAAE,GAAF,CAAL,CAAW,KAAI,EAAE,IAAF,CAAO,KAAP,EAAa,CAAb,EAAe,CAAC,CAAD,CAAf,EAAmB,EAAE,kBAAF,GAAqB,YAAU;AAAC,YAAI,EAAE,UAAF,IAAc,QAAM,EAAE,MAAF,IAAU,QAAM,EAAE,MAAF,IAAU,EAAE,EAAE,YAAF,CAApD,CAAD;KAAV,EAAgF,MAAI,EAAE,UAAF,IAAc,EAAE,IAAF,CAAO,IAAP,CAAlB,CAA5H,CAAX;GAAb;MAAqL,IAAE,YAAU;AAAC,QAAI,IAAE,CAAC,CAAD,CAAP,IAAa;AAAC,UAAE,IAAI,EAAE,cAAF,EAAN,CAAD;KAAH,CAA2B,OAAM,CAAN,EAAQ;AAAC,UAAE,IAAI,EAAE,aAAF,CAAgB,mBAApB,CAAF,CAAD;KAAR,OAA2D,YAAU;AAAC,aAAO,CAAP,CAAD;KAAV,CAAhG;GAAV,EAAF,CAAz1F,CAA69F,IAAI,EAAE,MAAF,GAAS,CAAT,EAAW,EAAE,gBAAF,GAAmB,EAAE,gBAAF,CAAmB,QAAnB,EAA4B,CAA5B,EAA8B,CAAC,CAAD,CAAjD,GAAqD,EAAE,WAAF,IAAe,EAAE,WAAF,CAAc,UAAd,EAAyB,CAAzB,CAAf,CAAjiG;CAAX,CAAD,CAA0lG,IAA1lG","file":"/client/lib/compatibility/slicklab/js/respond.min.js.map","sourcesContent":["/*! matchMedia() polyfill - Test a CSS media type/query in JS. Authors & copyright (c) 2012: Scott Jehl, Paul Irish, Nicholas Zakas. Dual MIT/BSD license */\n/*! NOTE: If you're already including a window.matchMedia polyfill via Modernizr or otherwise, you don't need this part */\nwindow.matchMedia=window.matchMedia||function(a){\"use strict\";var c,d=a.documentElement,e=d.firstElementChild||d.firstChild,f=a.createElement(\"body\"),g=a.createElement(\"div\");return g.id=\"mq-test-1\",g.style.cssText=\"position:absolute;top:-100em\",f.style.background=\"none\",f.appendChild(g),function(a){return g.innerHTML='&shy;<style media=\"'+a+'\"> #mq-test-1 { width: 42px; }</style>',d.insertBefore(f,e),c=42===g.offsetWidth,d.removeChild(f),{matches:c,media:a}}}(document);\n\n/*! Respond.js v1.1.0: min/max-width media query polyfill. (c) Scott Jehl. MIT/GPLv2 Lic. j.mp/respondjs  */\n(function(a){\"use strict\";function x(){u(!0)}var b={};a.respond=b,b.update=function(){},b.mediaQueriesSupported=a.matchMedia&&a.matchMedia(\"only all\").matches,b.mediaQueriesSupported;var q,r,t,c=a.document,d=c.documentElement,e=[],f=[],g=[],h={},i=30,j=c.getElementsByTagName(\"head\")[0]||d,k=c.getElementsByTagName(\"base\")[0],l=j.getElementsByTagName(\"link\"),m=[],n=function(){for(var b=0;l.length>b;b++){var c=l[b],d=c.href,e=c.media,f=c.rel&&\"stylesheet\"===c.rel.toLowerCase();d&&f&&!h[d]&&(c.styleSheet&&c.styleSheet.rawCssText?(p(c.styleSheet.rawCssText,d,e),h[d]=!0):(!/^([a-zA-Z:]*\\/\\/)/.test(d)&&!k||d.replace(RegExp.$1,\"\").split(\"/\")[0]===a.location.host)&&m.push({href:d,media:e}))}o()},o=function(){if(m.length){var a=m.shift();v(a.href,function(b){p(b,a.href,a.media),h[a.href]=!0,setTimeout(function(){o()},0)})}},p=function(a,b,c){var d=a.match(/@media[^\\{]+\\{([^\\{\\}]*\\{[^\\}\\{]*\\})+/gi),g=d&&d.length||0;b=b.substring(0,b.lastIndexOf(\"/\"));var h=function(a){return a.replace(/(url\\()['\"]?([^\\/\\)'\"][^:\\)'\"]+)['\"]?(\\))/g,\"$1\"+b+\"$2$3\")},i=!g&&c;b.length&&(b+=\"/\"),i&&(g=1);for(var j=0;g>j;j++){var k,l,m,n;i?(k=c,f.push(h(a))):(k=d[j].match(/@media *([^\\{]+)\\{([\\S\\s]+?)$/)&&RegExp.$1,f.push(RegExp.$2&&h(RegExp.$2))),m=k.split(\",\"),n=m.length;for(var o=0;n>o;o++)l=m[o],e.push({media:l.split(\"(\")[0].match(/(only\\s+)?([a-zA-Z]+)\\s?/)&&RegExp.$2||\"all\",rules:f.length-1,hasquery:l.indexOf(\"(\")>-1,minw:l.match(/\\(min\\-width:[\\s]*([\\s]*[0-9\\.]+)(px|em)[\\s]*\\)/)&&parseFloat(RegExp.$1)+(RegExp.$2||\"\"),maxw:l.match(/\\(max\\-width:[\\s]*([\\s]*[0-9\\.]+)(px|em)[\\s]*\\)/)&&parseFloat(RegExp.$1)+(RegExp.$2||\"\")})}u()},s=function(){var a,b=c.createElement(\"div\"),e=c.body,f=!1;return b.style.cssText=\"position:absolute;font-size:1em;width:1em\",e||(e=f=c.createElement(\"body\"),e.style.background=\"none\"),e.appendChild(b),d.insertBefore(e,d.firstChild),a=b.offsetWidth,f?d.removeChild(e):e.removeChild(b),a=t=parseFloat(a)},u=function(a){var b=\"clientWidth\",h=d[b],k=\"CSS1Compat\"===c.compatMode&&h||c.body[b]||h,m={},n=l[l.length-1],o=(new Date).getTime();if(a&&q&&i>o-q)return clearTimeout(r),r=setTimeout(u,i),void 0;q=o;for(var p in e)if(e.hasOwnProperty(p)){var v=e[p],w=v.minw,x=v.maxw,y=null===w,z=null===x,A=\"em\";w&&(w=parseFloat(w)*(w.indexOf(A)>-1?t||s():1)),x&&(x=parseFloat(x)*(x.indexOf(A)>-1?t||s():1)),v.hasquery&&(y&&z||!(y||k>=w)||!(z||x>=k))||(m[v.media]||(m[v.media]=[]),m[v.media].push(f[v.rules]))}for(var B in g)g.hasOwnProperty(B)&&g[B]&&g[B].parentNode===j&&j.removeChild(g[B]);for(var C in m)if(m.hasOwnProperty(C)){var D=c.createElement(\"style\"),E=m[C].join(\"\\n\");D.type=\"text/css\",D.media=C,j.insertBefore(D,n.nextSibling),D.styleSheet?D.styleSheet.cssText=E:D.appendChild(c.createTextNode(E)),g.push(D)}},v=function(a,b){var c=w();c&&(c.open(\"GET\",a,!0),c.onreadystatechange=function(){4!==c.readyState||200!==c.status&&304!==c.status||b(c.responseText)},4!==c.readyState&&c.send(null))},w=function(){var b=!1;try{b=new a.XMLHttpRequest}catch(c){b=new a.ActiveXObject(\"Microsoft.XMLHTTP\")}return function(){return b}}();n(),b.update=n,a.addEventListener?a.addEventListener(\"resize\",x,!1):a.attachEvent&&a.attachEvent(\"onresize\",x)})(this);\n"]},"hash":"b86ee0e290a4032f7d7533465852699f883ae55b"}
