{"metadata":{"usedHelpers":["typeof","interopRequireDefault"],"marked":[],"modules":{"imports":[],"exports":{"exported":[],"specifiers":[]}}},"options":{"filename":"/client/lib/compatibility/slicklab/js/jquery.pulsate.min.js","filenameRelative":"/client/lib/compatibility/slicklab/js/jquery.pulsate.min.js","env":{},"retainLines":false,"highlightCode":true,"suppressDeprecationMessages":false,"presets":[],"plugins":[[[],null],[[],null],[[],null],[[],null],[[],null],[[],null],[[],null],[[],{"polyfill":false}],[[],null],[[],null],[[],null],[[],null],[[],null],[[],null],[[],null],[[],null],[[],{"loose":true}],[[],{"loose":true}],[[],null],[[],{"loose":true}],[[],null],[[],null],[[],{"allowTopLevelThis":true,"strict":false,"loose":true}],[[],null],[[],null],[[],null],[[],null],[[],null],[[],{"loose":true}],[[],null],[[],null],[[],null],[[],null],[[],null],[[],null],[[],null],[[],null]],"ignore":[],"code":true,"metadata":true,"ast":false,"comments":true,"compact":false,"minified":false,"sourceMap":true,"sourceMaps":true,"sourceMapTarget":"/client/lib/compatibility/slicklab/js/jquery.pulsate.min.js.map","sourceFileName":"/client/lib/compatibility/slicklab/js/jquery.pulsate.min.js","babelrc":false,"sourceType":"module","moduleIds":false,"passPerPreset":false,"basename":"jquery.pulsate.min"},"ignored":false,"code":"var _typeof2 = require(\"babel-runtime/helpers/typeof\");\n\nvar _typeof3 = _interopRequireDefault(_typeof2);\n\nfunction _interopRequireDefault(obj) { return obj && obj.__esModule ? obj : { \"default\": obj }; }\n\n(function (c) {\n    var k = { init: function () {\n            function init(a) {\n                var b = { color: c(this).css(\"background-color\"), reach: 20, speed: 1E3, pause: 0, glow: !0, repeat: !0, onHover: !1 };c(this).css({ \"-moz-outline-radius\": c(this).css(\"border-top-left-radius\"), \"-webkit-outline-radius\": c(this).css(\"border-top-left-radius\"), \"outline-radius\": c(this).css(\"border-top-left-radius\") });a && c.extend(b, a);b.color = c(\"<div style='background:\" + b.color + \"'></div>\").css(\"background-color\");!0 !== b.repeat && !isNaN(b.repeat) && 0 < b.repeat && (b.repeat -= 1);return this.each(function () {\n                    b.onHover ? c(this).bind(\"mouseover\", function () {\n                        g(b, this, 0);\n                    }).bind(\"mouseout\", function () {\n                        c(this).pulsate(\"destroy\");\n                    }) : g(b, this, 0);\n                });\n            }\n\n            return init;\n        }(), destroy: function () {\n            function destroy() {\n                return this.each(function () {\n                    clearTimeout(this.timer);c(this).css(\"outline\", 0);\n                });\n            }\n\n            return destroy;\n        }() },\n        g = function g(a, b, d) {\n        var f = a.reach;d = d > f ? 0 : d;var h = (f - d) / f,\n            e = a.color.split(\",\"),\n            h = \"rgba(\" + e[0].split(\"(\")[1] + \",\" + e[1] + \",\" + e[2].split(\")\")[0] + \",\" + h + \")\",\n            e = { outline: \"2px solid \" + h };a.glow ? (e[\"box-shadow\"] = \"0px 0px \" + parseInt(d / 1.5) + \"px \" + h, userAgent = navigator.userAgent || \"\", /(chrome)[ \\/]([\\w.]+)/.test(userAgent.toLowerCase()) && (e[\"outline-offset\"] = d + \"px\", e[\"outline-radius\"] = \"100 px\")) : e[\"outline-offset\"] = d + \"px\";c(b).css(e);b.timer && clearTimeout(b.timer);b.timer = setTimeout(function () {\n            if (d >= f && !a.repeat) return c(b).pulsate(\"destroy\"), !1;if (d >= f && !0 !== a.repeat && !isNaN(a.repeat) && 0 < a.repeat) a.repeat -= 1;else if (a.pause && d >= f) return l(a, b, d + 1), !1;g(a, b, d + 1);\n        }, a.speed / f);\n    },\n        l = function l(a, b, c) {\n        innerfunc = function innerfunc() {\n            g(a, b, c);\n        };b.timer = setTimeout(innerfunc, a.pause);\n    };c.fn.pulsate = function (a) {\n        if (k[a]) return k[a].apply(this, Array.prototype.slice.call(arguments, 1));if (\"object\" === (typeof a === \"undefined\" ? \"undefined\" : (0, _typeof3[\"default\"])(a)) || !a) return k.init.apply(this, arguments);c.error(\"Method \" + a + \" does not exist on jQuery.pulsate\");\n    };\n})(jQuery);","ast":null,"map":{"version":3,"sources":["/client/lib/compatibility/slicklab/js/jquery.pulsate.min.js"],"names":[],"mappings":";;;;;;AAAA,CAAC,UAAS,CAAT,EAAW;AAAC,QAAI,IAAE,EAAC;AAAK,0BAAS,CAAT,EAAW;AAAC,oBAAI,IAAE,EAAC,OAAM,EAAE,IAAF,EAAQ,GAAR,CAAY,kBAAZ,CAAN,EAAsC,OAAM,EAAN,EAAS,OAAM,GAAN,EAAU,OAAM,CAAN,EAAQ,MAAK,CAAC,CAAD,EAAG,QAAO,CAAC,CAAD,EAAG,SAAQ,CAAC,CAAD,EAA9F,CAAL,CAAuG,CAAE,IAAF,EAAQ,GAAR,CAAY,EAAC,uBAAsB,EAAE,IAAF,EAAQ,GAAR,CAAY,wBAAZ,CAAtB,EAA4D,0BAAyB,EAAE,IAAF,EAAQ,GAAR,CAAY,wBAAZ,CAAzB,EAA+D,kBAAiB,EAAE,IAAF,EAAQ,GAAR,CAAY,wBAAZ,CAAjB,EAAxI,EAAvG,CAAwS,IAAG,EAAE,MAAF,CAAS,CAAT,EAAW,CAAX,CAAH,CAAxS,CAAyT,CAAE,KAAF,GAAQ,EAAE,4BAA0B,EAAE,KAAF,GAAQ,UAAlC,CAAF,CAAgD,GAAhD,CAAoD,kBAApD,CAAR,CAAzT,CAA0Y,CAAD,KAAK,EAAE,MAAF,IAAW,CAAC,MAAM,EAAE,MAAF,CAAP,IAAkB,IAAE,EAAE,MAAF,KAAY,EAAE,MAAF,IAAU,CAAV,CAAhD,CAAzY,OAA6c,KAAK,IAAL,CAAU,YAAU;AAAC,sBAAE,OAAF,GAClgB,EAAE,IAAF,EAAQ,IAAR,CAAa,WAAb,EAAyB,YAAU;AAAC,0BAAE,CAAF,EAAI,IAAJ,EAAS,CAAT,EAAD;qBAAV,CAAzB,CAAkD,IAAlD,CAAuD,UAAvD,EAAkE,YAAU;AAAC,0BAAE,IAAF,EAAQ,OAAR,CAAgB,SAAhB,EAAD;qBAAV,CADgc,GACxZ,EAAE,CAAF,EAAI,IAAJ,EAAS,CAAT,CADwZ,CAAD;iBAAV,CAAjB,CAAtc;aAAX;;;WAAL,EACyG;AAAQ,+BAAU;AAAC,uBAAO,KAAK,IAAL,CAAU,YAAU;AAAC,iCAAa,KAAK,KAAL,CAAb,CAAD,CAA0B,CAAE,IAAF,EAAQ,GAAR,CAAY,SAAZ,EAAsB,CAAtB,EAA1B;iBAAV,CAAjB,CAAD;aAAV;;;WAAR,EAD5G;QACiN,IAAE,SAAF,CAAE,CAAS,CAAT,EAAW,CAAX,EAAa,CAAb,EAAe;AAAC,YAAI,IAAE,EAAE,KAAF,CAAP,CAAe,GAAE,IAAE,CAAF,GAAI,CAAJ,GAAM,CAAN,CAAjB,IAA6B,IAAE,CAAC,IAAE,CAAF,CAAD,GAAM,CAAN;YAAQ,IAAE,EAAE,KAAF,CAAQ,KAAR,CAAc,GAAd,CAAF;YAAqB,IAAE,UAAQ,EAAE,CAAF,EAAK,KAAL,CAAW,GAAX,EAAgB,CAAhB,CAAR,GAA2B,GAA3B,GAA+B,EAAE,CAAF,CAA/B,GAAoC,GAApC,GAAwC,EAAE,CAAF,EAAK,KAAL,CAAW,GAAX,EAAgB,CAAhB,CAAxC,GAA2D,GAA3D,GAA+D,CAA/D,GAAiE,GAAjE;YAAqE,IAAE,EAAC,SAAQ,eAAa,CAAb,EAAX,CAAnI,CAA8J,CAAE,IAAF,IAAQ,EAAE,YAAF,IAAgB,aAAW,SAAS,IAAE,GAAF,CAApB,GAA2B,KAA3B,GAAiC,CAAjC,EAAmC,YAAU,UAAU,SAAV,IAAqB,EAArB,EAAwB,wBAAwB,IAAxB,CAA6B,UAAU,WAAV,EAA7B,MACze,EAAE,gBAAF,IAAoB,IAAE,IAAF,EAAO,EAAE,gBAAF,IAAoB,QAApB,CAD8c,CAA7F,GAClV,EAAE,gBAAF,IAAoB,IAAE,IAAF,CADgK,CACzJ,CAAE,CAAF,EAAK,GAAL,CAAS,CAAT,EADyJ,CAC7I,CAAE,KAAF,IAAS,aAAa,EAAE,KAAF,CAAtB,CAD6I,CAC9G,CAAE,KAAF,GAAQ,WAAW,YAAU;AAAC,gBAAG,KAAG,CAAH,IAAM,CAAC,EAAE,MAAF,EAAS,OAAO,EAAE,CAAF,EAAK,OAAL,CAAa,SAAb,GAAwB,CAAC,CAAD,CAAlD,IAAwD,KAAG,CAAH,IAAM,CAAC,CAAD,KAAK,EAAE,MAAF,IAAU,CAAC,MAAM,EAAE,MAAF,CAAP,IAAkB,IAAE,EAAE,MAAF,EAAS,EAAE,MAAF,IAAU,CAAV,CAArD,KAAsE,IAAG,EAAE,KAAF,IAAS,KAAG,CAAH,EAAK,OAAO,EAAE,CAAF,EAAI,CAAJ,EAAM,IAAE,CAAF,CAAN,EAAW,CAAC,CAAD,CAAnC,CAAsC,CAAE,CAAF,EAAI,CAAJ,EAAM,IAAE,CAAF,CAAN,CAAlK;SAAV,EAAwL,EAAE,KAAF,GAAQ,CAAR,CAA3M,CAD8G;KAAf;QACwH,IAAE,SAAF,CAAE,CAAS,CAAT,EAAW,CAAX,EAAa,CAAb,EAAe;AAAC,oBAAU,qBAAU;AAAC,cAAE,CAAF,EAAI,CAAJ,EAAM,CAAN,EAAD;SAAV,CAAX,CAAgC,CAAE,KAAF,GAAQ,WAAW,SAAX,EAAqB,EAAE,KAAF,CAA7B,CAAhC;KAAf,CAFlV,CAEwa,CAAE,EAAF,CAAK,OAAL,GAAa,UAAS,CAAT,EAAW;AAAC,YAAG,EAAE,CAAF,CAAH,EAAQ,OAAO,EAAE,CAAF,EAAK,KAAL,CAAW,IAAX,EAAgB,MAAM,SAAN,CAAgB,KAAhB,CAAsB,IAAtB,CAA2B,SAA3B,EACxe,CADwe,CAAhB,CAAP,CAAR,IAClc,qBAAkB,8DAAlB,IAAqB,CAAC,CAAD,EAAG,OAAO,EAAE,IAAF,CAAO,KAAP,CAAa,IAAb,EAAkB,SAAlB,CAAP,CAA3B,CAA+D,CAAE,KAAF,CAAQ,YAAU,CAAV,GAAY,mCAAZ,CAAR,CADqY;KAAX,CAFrb;CAAX,CAAD,CAGmI,MAHnI","file":"/client/lib/compatibility/slicklab/js/jquery.pulsate.min.js.map","sourcesContent":["(function(c){var k={init:function(a){var b={color:c(this).css(\"background-color\"),reach:20,speed:1E3,pause:0,glow:!0,repeat:!0,onHover:!1};c(this).css({\"-moz-outline-radius\":c(this).css(\"border-top-left-radius\"),\"-webkit-outline-radius\":c(this).css(\"border-top-left-radius\"),\"outline-radius\":c(this).css(\"border-top-left-radius\")});a&&c.extend(b,a);b.color=c(\"<div style='background:\"+b.color+\"'></div>\").css(\"background-color\");!0!==b.repeat&&(!isNaN(b.repeat)&&0<b.repeat)&&(b.repeat-=1);return this.each(function(){b.onHover?\n    c(this).bind(\"mouseover\",function(){g(b,this,0)}).bind(\"mouseout\",function(){c(this).pulsate(\"destroy\")}):g(b,this,0)})},destroy:function(){return this.each(function(){clearTimeout(this.timer);c(this).css(\"outline\",0)})}},g=function(a,b,d){var f=a.reach;d=d>f?0:d;var h=(f-d)/f,e=a.color.split(\",\"),h=\"rgba(\"+e[0].split(\"(\")[1]+\",\"+e[1]+\",\"+e[2].split(\")\")[0]+\",\"+h+\")\",e={outline:\"2px solid \"+h};a.glow?(e[\"box-shadow\"]=\"0px 0px \"+parseInt(d/1.5)+\"px \"+h,userAgent=navigator.userAgent||\"\",/(chrome)[ \\/]([\\w.]+)/.test(userAgent.toLowerCase())&&\n    (e[\"outline-offset\"]=d+\"px\",e[\"outline-radius\"]=\"100 px\")):e[\"outline-offset\"]=d+\"px\";c(b).css(e);b.timer&&clearTimeout(b.timer);b.timer=setTimeout(function(){if(d>=f&&!a.repeat)return c(b).pulsate(\"destroy\"),!1;if(d>=f&&!0!==a.repeat&&!isNaN(a.repeat)&&0<a.repeat)a.repeat-=1;else if(a.pause&&d>=f)return l(a,b,d+1),!1;g(a,b,d+1)},a.speed/f)},l=function(a,b,c){innerfunc=function(){g(a,b,c)};b.timer=setTimeout(innerfunc,a.pause)};c.fn.pulsate=function(a){if(k[a])return k[a].apply(this,Array.prototype.slice.call(arguments,\n    1));if(\"object\"===typeof a||!a)return k.init.apply(this,arguments);c.error(\"Method \"+a+\" does not exist on jQuery.pulsate\")}})(jQuery);"]},"hash":"bef7ac33cbe6ffa229bdb8205e03739c0275cbaa"}
