{"metadata":{"usedHelpers":[],"marked":[],"modules":{"imports":[],"exports":{"exported":[],"specifiers":[]}}},"options":{"filename":"/client/lib/compatibility/slicklab/js/scripts.js","filenameRelative":"/client/lib/compatibility/slicklab/js/scripts.js","env":{},"retainLines":false,"highlightCode":true,"suppressDeprecationMessages":false,"presets":[],"plugins":[[[],null],[[],null],[[],null],[[],null],[[],null],[[],null],[[],null],[[],{"polyfill":false}],[[],null],[[],null],[[],null],[[],null],[[],null],[[],null],[[],null],[[],null],[[],{"loose":true}],[[],{"loose":true}],[[],null],[[],{"loose":true}],[[],null],[[],null],[[],{"allowTopLevelThis":true,"strict":false,"loose":true}],[[],null],[[],null],[[],null],[[],null],[[],null],[[],{"loose":true}],[[],null],[[],null],[[],null],[[],null],[[],null],[[],null],[[],null],[[],null]],"ignore":[],"code":true,"metadata":true,"ast":false,"comments":true,"compact":false,"minified":false,"sourceMap":true,"sourceMaps":true,"sourceMapTarget":"/client/lib/compatibility/slicklab/js/scripts.js.map","sourceFileName":"/client/lib/compatibility/slicklab/js/scripts.js","babelrc":false,"sourceType":"module","moduleIds":false,"passPerPreset":false,"basename":"scripts"},"ignored":false,"code":"\n// common scripts\n\nfunction adjustAnnotationContent() {\n    $('#annotationLayout-content-wrapper').height($(window).height());\n    var contentDiv = $('#annotationLayout-content-wrapper');\n    $('#ImageViewerDiv').height(contentDiv.height() + 'px');\n    $('#ImageViewerDiv').width(contentDiv.width() + 'px');\n};\n\nfunction collapseChartContent() {\n    $('.panel .tools .t-collapse').click(function () {\n        var el = $(this).parents(\".panel\").children(\".panel-body\");\n        if ($(this).hasClass(\"fa-chevron-down\")) {\n            $(this).removeClass(\"fa-chevron-down\").addClass(\"fa-chevron-up\");\n            el.slideUp(200);\n        } else {\n            $(this).removeClass(\"fa-chevron-up\").addClass(\"fa-chevron-down\");\n            el.slideDown(200);\n        }\n    });\n};\n\n(function () {\n    \"use strict\";\n\n    // Sidebar toggle\n\n    //  jQuery('.menu-list > a').click(function() {\n    //\n    //     var parent = jQuery(this).parent();\n    //     var sub = parent.find('> ul');\n    //\n    //     if(!jQuery('body').hasClass('sidebar-collapsed')) {\n    //        if(sub.is(':visible')) {\n    //           sub.slideUp(300, function(){\n    //              parent.removeClass('nav-active');\n    //              jQuery('.body-content').css({height: ''});\n    //              adjustMainContentHeight();\n    //           });\n    //        } else {\n    //           visibleSubMenuClose();\n    //           parent.addClass('nav-active');\n    //           sub.slideDown(300, function(){\n    //               adjustMainContentHeight();\n    //           });\n    //        }\n    //     }\n    //     return false;\n    //  });\n\n    //  function visibleSubMenuClose() {\n    //\n    //     jQuery('.menu-list').each(function() {\n    //        var t = jQuery(this);\n    //        if(t.hasClass('nav-active')) {\n    //           t.find('> ul').slideUp(300, function(){\n    //              t.removeClass('nav-active');\n    //           });\n    //        }\n    //     });\n    //  }\n\n    // RR commented\n    //  function adjustMainContentHeight() {\n    //\n    //     // Adjust main content height\n    //     var docHeight = jQuery(document).height();\n    //     if(docHeight > jQuery('.body-content').height())\n    //        jQuery('.body-content').height(docHeight);\n    //  }\n\n    // add class mouse hover\n\n    jQuery('.side-navigation > li').hover(function () {\n        jQuery(this).addClass('nav-hover');\n    }, function () {\n        jQuery(this).removeClass('nav-hover');\n    });\n\n    // Toggle Menu\n    //\n    //  jQuery('.toggle-btn').click(function(){\n    //\n    //     var body = jQuery('body');\n    //     var bodyposition = body.css('position');\n    //\n    //     if(bodyposition != 'relative') {\n    //\n    //        if(!body.hasClass('sidebar-collapsed')) {\n    //           body.addClass('sidebar-collapsed');\n    //           jQuery('.side-navigation ul').attr('style','');\n    //\n    //        } else {\n    //           body.removeClass('sidebar-collapsed chat-view');\n    //           jQuery('.side-navigation li.active ul').css({display: 'block'});\n    //\n    //        }\n    //     } else {\n    //\n    //        if(body.hasClass('sidebar-open'))\n    //           body.removeClass('sidebar-open');\n    //        else\n    //           body.addClass('sidebar-open');\n    //\n    //        adjustMainContentHeight();\n    //     }\n\n    // RR commented\n    //  var owl = $(\"#news-feed\").data(\"owlCarousel\");\n    //  owl.reinit();\n\n    //  });\n\n    //  searchform_reposition();\n\n    jQuery(window).resize(function () {\n\n        if (jQuery('body').css('position') == 'relative') {\n\n            jQuery('body').removeClass('sidebar-collapsed');\n        } else {\n\n            jQuery('body').css({ left: '', marginRight: '' });\n        }\n        adjustAnnotationContent();\n        // searchform_reposition();\n    });\n\n    function searchform_reposition() {\n        if (jQuery('.search-content').css('position') == 'relative') {\n            jQuery('.search-content').insertBefore('.sidebar-left-info .search-field');\n        } else {\n            jQuery('.search-content').insertAfter('.right-notification');\n        }\n    }\n\n    // right slidebar\n\n    $(function () {\n        $.slidebars();\n    });\n\n    // body scroll\n\n    //     $(\"html\").niceScroll({\n    //         styler: \"fb\",\n    //         cursorcolor: \"#a979d1\",\n    //         cursorwidth: '5',\n    //         cursorborderradius: '15px',\n    //         background: '#404040',\n    //         cursorborder: '',\n    //         zindex: '12000'\n    //     });\n    //\n    //     $(\".notification-list-scroll\").niceScroll({\n    //         styler: \"fb\",\n    //         cursorcolor: \"#DFDFE2\",\n    //         cursorwidth: '3',\n    //         cursorborderradius: '15px',\n    // //        background: '#404040',\n    //         cursorborder: '',\n    //         zindex: '12000'\n    //     });\n\n    // collapsible panel\n\n    $('.panel .tools .t-collapse').click(function () {\n        var el = $(this).parents(\".panel\").children(\".panel-body\");\n        if ($(this).hasClass(\"fa-chevron-down\")) {\n            $(this).removeClass(\"fa-chevron-down\").addClass(\"fa-chevron-up\");\n            el.slideUp(200);\n        } else {\n            $(this).removeClass(\"fa-chevron-up\").addClass(\"fa-chevron-down\");\n            el.slideDown(200);\n        }\n    });\n\n    // close panel\n    $('.panel .tools .t-close').click(function () {\n        $(this).parents(\".panel\").parent().remove();\n    });\n\n    // side widget close\n\n    $('.side-w-close').on('click', function (ev) {\n        ev.preventDefault();\n        $(this).parents('.aside-widget').slideUp();\n    });\n    $('.info .add-people').on('click', function (ev) {\n        ev.preventDefault();\n        $(this).parents('.tab-pane').children('.aside-widget').slideDown();\n    });\n\n    // refresh panel\n\n    $('.box-refresh').on('click', function (br) {\n        br.preventDefault();\n        $(\"<div class='refresh-block'><span class='refresh-loader'><i class='fa fa-spinner fa-spin'></i></span></div>\").appendTo($(this).parents('.tools').parents('.panel-heading').parents('.panel'));\n\n        setTimeout(function () {\n            $('.refresh-block').remove();\n        }, 1000);\n    });\n\n    // tool tips\n\n    $('.tooltips').tooltip();\n\n    // popovers\n\n    $('.popovers').popover();\n})(jQuery);","ast":null,"map":{"version":3,"sources":["/client/lib/compatibility/slicklab/js/scripts.js"],"names":[],"mappings":";;;AAGA,SAAS,uBAAT,GAAkC;AAC9B,MAAE,mCAAF,EAAuC,MAAvC,CAA8C,EAAE,MAAF,EAAU,MAAV,EAA9C,EAD8B;AAE9B,QAAI,aAAa,EAAE,mCAAF,CAAb,CAF0B;AAG9B,MAAE,iBAAF,EAAqB,MAArB,CAA4B,WAAW,MAAX,KAAsB,IAAtB,CAA5B,CAH8B;AAI9B,MAAE,iBAAF,EAAqB,KAArB,CAA2B,WAAW,KAAX,KAAqB,IAArB,CAA3B,CAJ8B;CAAlC;;AAQA,SAAS,oBAAT,GAA+B;AAC3B,MAAE,2BAAF,EAA+B,KAA/B,CAAqC,YAAY;AAC/C,YAAI,KAAK,EAAE,IAAF,EAAQ,OAAR,CAAgB,QAAhB,EAA0B,QAA1B,CAAmC,aAAnC,CAAL,CAD2C;AAE/C,YAAI,EAAE,IAAF,EAAQ,QAAR,CAAiB,iBAAjB,CAAJ,EAAyC;AACrC,cAAE,IAAF,EAAQ,WAAR,CAAoB,iBAApB,EAAuC,QAAvC,CAAgD,eAAhD,EADqC;AAErC,eAAG,OAAH,CAAW,GAAX,EAFqC;SAAzC,MAGO;AACH,cAAE,IAAF,EAAQ,WAAR,CAAoB,eAApB,EAAqC,QAArC,CAA8C,iBAA9C,EADG;AAEH,eAAG,SAAH,CAAa,GAAb,EAFG;SAHP;KAFmC,CAArC,CAD2B;CAA/B;;AAaA,CAAC,YAAW;AACR;;;;;;;;;;;;;;;;;;;;;;;;;;;;;;;;;;;;;;;;;;;;;;;;;;AADQ,UAmDT,CAAO,uBAAP,EAAgC,KAAhC,CAAsC,YAAU;AAC7C,eAAO,IAAP,EAAa,QAAb,CAAsB,WAAtB,EAD6C;KAAV,EAEnC,YAAU;AACV,eAAO,IAAP,EAAa,WAAb,CAAyB,WAAzB,EADU;KAAV,CAFH;;;;;;;;;;;;;;;;;;;;;;;;;;;;;;;;;;;;;;AAnDS,UA+FT,CAAO,MAAP,EAAe,MAAf,CAAsB,YAAU;;AAE7B,YAAG,OAAO,MAAP,EAAe,GAAf,CAAmB,UAAnB,KAAkC,UAAlC,EAA8C;;AAE9C,mBAAO,MAAP,EAAe,WAAf,CAA2B,mBAA3B,EAF8C;SAAjD,MAIO;;AAEJ,mBAAO,MAAP,EAAe,GAAf,CAAmB,EAAC,MAAM,EAAN,EAAU,aAAa,EAAb,EAA9B,EAFI;SAJP;AAQA;;KAVmB,CAAtB,CA/FS;AA+FuB;AAehC,aAAS,qBAAT,GAAiC;AAC9B,YAAG,OAAO,iBAAP,EAA0B,GAA1B,CAA8B,UAA9B,KAA6C,UAA7C,EAAyD;AACzD,mBAAO,iBAAP,EAA0B,YAA1B,CAAuC,kCAAvC,EADyD;SAA5D,MAEO;AACJ,mBAAO,iBAAP,EAA0B,WAA1B,CAAsC,qBAAtC,EADI;SAFP;KADH;;;;AA9GS,KAwHR,CAAE,YAAU;AACR,UAAE,SAAF,GADQ;KAAV,CAAF;;;;;;;;;;;;;;;;;;;;;;;;;;AAxHQ,KAsJR,CAAE,2BAAF,EAA+B,KAA/B,CAAqC,YAAY;AAC7C,YAAI,KAAK,EAAE,IAAF,EAAQ,OAAR,CAAgB,QAAhB,EAA0B,QAA1B,CAAmC,aAAnC,CAAL,CADyC;AAE7C,YAAI,EAAE,IAAF,EAAQ,QAAR,CAAiB,iBAAjB,CAAJ,EAAyC;AACrC,cAAE,IAAF,EAAQ,WAAR,CAAoB,iBAApB,EAAuC,QAAvC,CAAgD,eAAhD,EADqC;AAErC,eAAG,OAAH,CAAW,GAAX,EAFqC;SAAzC,MAGO;AACH,cAAE,IAAF,EAAQ,WAAR,CAAoB,eAApB,EAAqC,QAArC,CAA8C,iBAA9C,EADG;AAEH,eAAG,SAAH,CAAa,GAAb,EAFG;SAHP;KAFiC,CAArC;;;AAtJQ,KAkKR,CAAE,wBAAF,EAA4B,KAA5B,CAAkC,YAAY;AAC1C,UAAE,IAAF,EAAQ,OAAR,CAAgB,QAAhB,EAA0B,MAA1B,GAAmC,MAAnC,GAD0C;KAAZ,CAAlC;;;;AAlKQ,KAyKR,CAAE,eAAF,EAAmB,EAAnB,CAAsB,OAAtB,EAA+B,UAAS,EAAT,EAAa;AACxC,WAAG,cAAH,GADwC;AAExC,UAAE,IAAF,EAAQ,OAAR,CAAgB,eAAhB,EAAiC,OAAjC,GAFwC;KAAb,CAA/B,CAzKQ;AA6KR,MAAE,mBAAF,EAAuB,EAAvB,CAA0B,OAA1B,EAAmC,UAAS,EAAT,EAAa;AAC5C,WAAG,cAAH,GAD4C;AAE5C,UAAE,IAAF,EAAQ,OAAR,CAAgB,WAAhB,EAA6B,QAA7B,CAAsC,eAAtC,EAAuD,SAAvD,GAF4C;KAAb,CAAnC;;;;AA7KQ,KAsLR,CAAE,cAAF,EAAkB,EAAlB,CAAqB,OAArB,EAA8B,UAAS,EAAT,EAAa;AACvC,WAAG,cAAH,GADuC;AAEvC,UAAE,4GAAF,EAAgH,QAAhH,CAAyH,EAAE,IAAF,EAAQ,OAAR,CAAgB,QAAhB,EAA0B,OAA1B,CAAkC,gBAAlC,EAAoD,OAApD,CAA4D,QAA5D,CAAzH,EAFuC;;AAIvC,mBAAW,YAAW;AAClB,cAAE,gBAAF,EAAoB,MAApB,GADkB;SAAX,EAER,IAFH,EAJuC;KAAb,CAA9B;;;;AAtLQ,KAkMR,CAAE,WAAF,EAAe,OAAf;;;;AAlMQ,KAsMR,CAAE,WAAF,EAAe,OAAf,GAtMQ;CAAX,CAAD,CA0MG,MA1MH","file":"/client/lib/compatibility/slicklab/js/scripts.js.map","sourcesContent":["\n// common scripts\n\nfunction adjustAnnotationContent(){\n    $('#annotationLayout-content-wrapper').height($(window).height());\n    var contentDiv = $('#annotationLayout-content-wrapper');\n    $('#ImageViewerDiv').height(contentDiv.height() + 'px');\n    $('#ImageViewerDiv').width(contentDiv.width() + 'px');\n};\n\n\nfunction collapseChartContent(){\n    $('.panel .tools .t-collapse').click(function () {\n      var el = $(this).parents(\".panel\").children(\".panel-body\");\n      if ($(this).hasClass(\"fa-chevron-down\")) {\n          $(this).removeClass(\"fa-chevron-down\").addClass(\"fa-chevron-up\");\n          el.slideUp(200);\n      } else {\n          $(this).removeClass(\"fa-chevron-up\").addClass(\"fa-chevron-down\");\n          el.slideDown(200); }\n  });\n};\n\n\n(function() {\n    \"use strict\";\n\n   // Sidebar toggle\n\n  //  jQuery('.menu-list > a').click(function() {\n   //\n  //     var parent = jQuery(this).parent();\n  //     var sub = parent.find('> ul');\n   //\n  //     if(!jQuery('body').hasClass('sidebar-collapsed')) {\n  //        if(sub.is(':visible')) {\n  //           sub.slideUp(300, function(){\n  //              parent.removeClass('nav-active');\n  //              jQuery('.body-content').css({height: ''});\n  //              adjustMainContentHeight();\n  //           });\n  //        } else {\n  //           visibleSubMenuClose();\n  //           parent.addClass('nav-active');\n  //           sub.slideDown(300, function(){\n  //               adjustMainContentHeight();\n  //           });\n  //        }\n  //     }\n  //     return false;\n  //  });\n\n  //  function visibleSubMenuClose() {\n   //\n  //     jQuery('.menu-list').each(function() {\n  //        var t = jQuery(this);\n  //        if(t.hasClass('nav-active')) {\n  //           t.find('> ul').slideUp(300, function(){\n  //              t.removeClass('nav-active');\n  //           });\n  //        }\n  //     });\n  //  }\n\n// RR commented\n  //  function adjustMainContentHeight() {\n   //\n  //     // Adjust main content height\n  //     var docHeight = jQuery(document).height();\n  //     if(docHeight > jQuery('.body-content').height())\n  //        jQuery('.body-content').height(docHeight);\n  //  }\n\n   // add class mouse hover\n\n   jQuery('.side-navigation > li').hover(function(){\n      jQuery(this).addClass('nav-hover');\n   }, function(){\n      jQuery(this).removeClass('nav-hover');\n   });\n\n\n   // Toggle Menu\n   //\n  //  jQuery('.toggle-btn').click(function(){\n   //\n  //     var body = jQuery('body');\n  //     var bodyposition = body.css('position');\n   //\n  //     if(bodyposition != 'relative') {\n   //\n  //        if(!body.hasClass('sidebar-collapsed')) {\n  //           body.addClass('sidebar-collapsed');\n  //           jQuery('.side-navigation ul').attr('style','');\n   //\n  //        } else {\n  //           body.removeClass('sidebar-collapsed chat-view');\n  //           jQuery('.side-navigation li.active ul').css({display: 'block'});\n   //\n  //        }\n  //     } else {\n   //\n  //        if(body.hasClass('sidebar-open'))\n  //           body.removeClass('sidebar-open');\n  //        else\n  //           body.addClass('sidebar-open');\n   //\n  //        adjustMainContentHeight();\n  //     }\n\n// RR commented\n      //  var owl = $(\"#news-feed\").data(\"owlCarousel\");\n      //  owl.reinit();\n\n  //  });\n\n\n  //  searchform_reposition();\n\n   jQuery(window).resize(function(){\n\n      if(jQuery('body').css('position') == 'relative') {\n\n         jQuery('body').removeClass('sidebar-collapsed');\n\n      } else {\n\n         jQuery('body').css({left: '', marginRight: ''});\n      }\n      adjustAnnotationContent();\n      // searchform_reposition();\n\n   });\n\n   function searchform_reposition() {\n      if(jQuery('.search-content').css('position') == 'relative') {\n         jQuery('.search-content').insertBefore('.sidebar-left-info .search-field');\n      } else {\n         jQuery('.search-content').insertAfter('.right-notification');\n      }\n   }\n\n    // right slidebar\n\n    $(function(){\n        $.slidebars();\n    });\n\n    // body scroll\n\n//     $(\"html\").niceScroll({\n//         styler: \"fb\",\n//         cursorcolor: \"#a979d1\",\n//         cursorwidth: '5',\n//         cursorborderradius: '15px',\n//         background: '#404040',\n//         cursorborder: '',\n//         zindex: '12000'\n//     });\n//\n//     $(\".notification-list-scroll\").niceScroll({\n//         styler: \"fb\",\n//         cursorcolor: \"#DFDFE2\",\n//         cursorwidth: '3',\n//         cursorborderradius: '15px',\n// //        background: '#404040',\n//         cursorborder: '',\n//         zindex: '12000'\n//     });\n\n\n\n    // collapsible panel\n\n    $('.panel .tools .t-collapse').click(function () {\n        var el = $(this).parents(\".panel\").children(\".panel-body\");\n        if ($(this).hasClass(\"fa-chevron-down\")) {\n            $(this).removeClass(\"fa-chevron-down\").addClass(\"fa-chevron-up\");\n            el.slideUp(200);\n        } else {\n            $(this).removeClass(\"fa-chevron-up\").addClass(\"fa-chevron-down\");\n            el.slideDown(200); }\n    });\n\n\n    // close panel\n    $('.panel .tools .t-close').click(function () {\n        $(this).parents(\".panel\").parent().remove();\n    });\n\n\n    // side widget close\n\n    $('.side-w-close').on('click', function(ev) {\n        ev.preventDefault();\n        $(this).parents('.aside-widget').slideUp();\n    });\n    $('.info .add-people').on('click', function(ev) {\n        ev.preventDefault();\n        $(this).parents('.tab-pane').children('.aside-widget').slideDown();\n\n    });\n\n\n    // refresh panel\n\n    $('.box-refresh').on('click', function(br) {\n        br.preventDefault();\n        $(\"<div class='refresh-block'><span class='refresh-loader'><i class='fa fa-spinner fa-spin'></i></span></div>\").appendTo($(this).parents('.tools').parents('.panel-heading').parents('.panel'));\n\n        setTimeout(function() {\n            $('.refresh-block').remove();\n        }, 1000);\n\n    });\n\n    // tool tips\n\n    $('.tooltips').tooltip();\n\n    // popovers\n\n    $('.popovers').popover();\n\n\n\n})(jQuery);\n"]},"hash":"c1eafb8a803cf54e98776b615f4be49f832c44c4"}
