{"metadata":{"usedHelpers":[],"marked":[],"modules":{"imports":[],"exports":{"exported":[],"specifiers":[]}}},"options":{"filename":"/client/lib/helpers/helpers.js","filenameRelative":"/client/lib/helpers/helpers.js","env":{},"retainLines":false,"highlightCode":true,"suppressDeprecationMessages":false,"presets":[],"plugins":[[[],null],[[],null],[[],null],[[],null],[[],null],[[],null],[[],null],[[],{"polyfill":false}],[[],null],[[],null],[[],null],[[],null],[[],null],[[],null],[[],null],[[],null],[[],{"loose":true}],[[],{"loose":true}],[[],null],[[],{"loose":true}],[[],null],[[],null],[[],{"allowTopLevelThis":true,"strict":false,"loose":true}],[[],null],[[],null],[[],null],[[],null],[[],null],[[],{"loose":true}],[[],null],[[],null],[[],null],[[],null],[[],null],[[],null],[[],null],[[],null]],"ignore":[],"code":true,"metadata":true,"ast":false,"comments":true,"compact":false,"minified":false,"sourceMap":true,"sourceMaps":true,"sourceMapTarget":"/client/lib/helpers/helpers.js.map","sourceFileName":"/client/lib/helpers/helpers.js","babelrc":false,"sourceType":"module","moduleIds":false,"passPerPreset":false,"basename":"helpers"},"ignored":false,"code":"//validate email address\nValidateEmail = function ValidateEmail(email) {\n  var expr = /^([\\w-\\.]+)@((\\[[0-9]{1,3}\\.[0-9]{1,3}\\.[0-9]{1,3}\\.)|(([\\w-]+\\.)+))([a-zA-Z]{2,4}|[0-9]{1,3})(\\]?)$/;\n  return expr.test(email);\n};\n\nTemplate.registerHelper(\"isVendorSpecific\", function () {\n  var iTypeRec = iType.findOne();\n  if (iTypeRec) {\n    if (iTypeRec.iTypeNum == iTypeEnum.SingleVendor) {\n      return true;\n    } else {\n      return false;\n    }\n  }\n});\n\n// NOTE:- MAKE IT AS COMMON\nTemplate.registerHelper(\"displayDateTime\", function (datetime) {\n  if (datetime !== undefined && datetime !== null) {\n    return new Date(datetime).toLocaleDateString() + \" \" + new Date(datetime).toLocaleTimeString();\n  }\n  return datetime;\n});\n\n// NOTE:- MAKE IT AS COMMON\nTemplate.registerHelper(\"displayDate\", function (datetime) {\n  if (datetime !== undefined && datetime !== null) {\n    return new Date(datetime).toLocaleDateString();\n  }\n  return datetime;\n});\n\nTemplate.registerHelper(\"isDiscontinued\", function (discontinuedDate) {\n  //return discontinuedDate === null ? false : true;\n\n  if (discontinuedDate === null) {\n    return false;\n  } else {\n    return true;\n  }\n});\n\nTemplate.registerHelper(\"displayDimension\", function (object) {\n  //return discontinuedDate === null ? false : true;\n\n  var dim = '';\n  if (object.length != undefined && object.length != null) {\n    dim += object.length;\n  }\n\n  if (object.length != undefined && object.length != null && (object.width != undefined && object.width != null || object.height != undefined && object.height != null)) {\n    dim += ' x ';\n  }\n\n  if (object.width != undefined && object.width != null) {\n    dim += object.width;\n  }\n\n  if (object.length != undefined && object.length != null || object.width != undefined && object.width != null) {\n    dim += ' x ';\n  }\n\n  if (object.height != undefined && object.height != null) {\n    dim += object.height;\n  }\n\n  if (object.unit != undefined && object.unit != null) {\n    dim += ' ' + object.unit;\n  }\n  return dim;\n});\n\nTemplate.registerHelper(\"displayPackageDimension\", function (object) {\n  //return discontinuedDate === null ? false : true;\n\n  var dim = '';\n  if (object.packageLength != undefined && object.packageLength != null) {\n    dim += object.packageLength;\n  }\n\n  if (object.packageLength != undefined && object.packageLength != null && (object.packageWidth != undefined && object.packageWidth != null || object.packageHeight != undefined && object.packageHeight != null)) {\n    dim += ' x ';\n  }\n\n  if (object.packageWidth != undefined && object.packageWidth != null) {\n    dim += object.packageWidth;\n  }\n\n  if (object.packageLength != undefined && object.packageLength != null && object.packageWidth != undefined && object.packageWidth != null) {\n    dim += ' x ';\n  }\n\n  if (object.packageHeight != undefined && object.packageHeight != null) {\n    dim += object.packageHeight;\n  }\n\n  if (object.packageUnit != undefined && object.packageUnit != null) {\n    dim += ' ' + object.packageUnit;\n  }\n  return dim;\n});\n\nTemplate.registerHelper(\"makeReadableError\", function (error) {\n  var makedError = makeValidationErrorMessage(error);\n\n  if (makedError !== undefined && makedError !== null && typeof makedError == 'string') {\n    makedError = makedError.replace(/[\\[\\]]+/g, '').replace(/403/g, '');\n  }\n  return makedError;\n});\n\nTemplate.registerHelper('ifCond', function (v1, operator, v2) {\n\n  switch (operator) {\n    case ('==', \"==\"):\n      return v1 == v2;\n    case ('===', \"===\"):\n      return v1 === v2;\n    case ('<', \"<\"):\n      return v1 < v2;\n    case ('<=', \"<=\"):\n      return v1 <= v2;\n    case ('>', \">\"):\n      return v1 > v2;\n    case ('>=', \">=\"):\n      return v1 >= v2;\n    case ('&&', \"&&\"):\n      return v1 && v2;\n    case ('||', \"||\"):\n      return v1 || v2;\n    default:\n      return false;\n  }\n\n  //   // NOTE:- Then in the HTML you can do\n  //   //  {{#ifCond var1 '==' var2}}\n});","ast":null,"map":{"version":3,"sources":["/client/lib/helpers/helpers.js"],"names":[],"mappings":";AACA,gBAAgB,uBAAS,KAAT,EAAgB;AACxB,MAAI,OAAO,sGAAP,CADoB;AAExB,SAAO,KAAK,IAAL,CAAU,KAAV,CAAP,CAFwB;CAAhB;;AAKhB,SAAS,cAAT,CAAwB,kBAAxB,EAA2C,YAAU;AACnD,MAAI,WAAW,MAAM,OAAN,EAAX,CAD+C;AAEnD,MAAI,QAAJ,EAAa;AACX,QAAI,SAAS,QAAT,IAAqB,UAAU,YAAV,EAAuB;AAC9C,aAAO,IAAP,CAD8C;KAAhD,MAGI;AACF,aAAO,KAAP,CADE;KAHJ;GADF;CAFyC,CAA3C;;;AAaA,SAAS,cAAT,CAAwB,iBAAxB,EAA2C,UAAS,QAAT,EAAmB;AAC5D,MAAG,aAAa,SAAb,IAA0B,aAAa,IAAb,EAC7B;AACE,WAAO,IAAI,IAAJ,CAAS,QAAT,EAAmB,kBAAnB,KAA0C,GAA1C,GAAgD,IAAI,IAAJ,CAAS,QAAT,EAAmB,kBAAnB,EAAhD,CADT;GADA;AAIA,SAAO,QAAP,CAL4D;CAAnB,CAA3C;;;AASA,SAAS,cAAT,CAAwB,aAAxB,EAAuC,UAAS,QAAT,EAAmB;AACxD,MAAG,aAAa,SAAb,IAA0B,aAAa,IAAb,EAC7B;AACE,WAAO,IAAI,IAAJ,CAAS,QAAT,EAAmB,kBAAnB,EAAP,CADF;GADA;AAIA,SAAO,QAAP,CALwD;CAAnB,CAAvC;;AASA,SAAS,cAAT,CAAwB,gBAAxB,EAA0C,UAAS,gBAAT,EAA2B;;;AAGnE,MAAI,qBAAqB,IAArB,EAA2B;AAC5B,WAAO,KAAP,CAD4B;GAA/B,MAGK;AACH,WAAO,IAAP,CADG;GAHL;CAHwC,CAA1C;;AAYA,SAAS,cAAT,CAAwB,kBAAxB,EAA4C,UAAS,MAAT,EAAiB;;;AAG3D,MAAI,MAAM,EAAN,CAHuD;AAI7D,MAAI,OAAO,MAAP,IAAiB,SAAjB,IAA8B,OAAO,MAAP,IAAiB,IAAjB,EAAsB;AACtD,WAAO,OAAO,MAAP,CAD+C;GAAxD;;AAIA,MAAI,MAAC,CAAO,MAAP,IAAiB,SAAjB,IAA8B,OAAO,MAAP,IAAiB,IAAjB,KAA2B,OAAO,KAAP,IAAgB,SAAhB,IAA6B,OAAO,KAAP,IAAgB,IAAhB,IAAwB,OAAO,MAAP,IAAiB,SAAjB,IAA8B,OAAO,MAAP,IAAiB,IAAjB,CAA7I,EAAqK;AACvK,WAAO,KAAP,CADuK;GAAzK;;AAIA,MAAI,OAAO,KAAP,IAAgB,SAAhB,IAA6B,OAAO,KAAP,IAAgB,IAAhB,EAAqB;AACpD,WAAO,OAAO,KAAP,CAD6C;GAAtD;;AAIA,MAAK,OAAO,MAAP,IAAiB,SAAjB,IAA8B,OAAO,MAAP,IAAiB,IAAjB,IAAyB,OAAO,KAAP,IAAgB,SAAhB,IAA6B,OAAO,KAAP,IAAgB,IAAhB,EAAsB;AAC7G,WAAO,KAAP,CAD6G;GAA/G;;AAIA,MAAI,OAAO,MAAP,IAAiB,SAAjB,IAA8B,OAAO,MAAP,IAAiB,IAAjB,EAAsB;AACtD,WAAO,OAAO,MAAP,CAD+C;GAAxD;;AAIA,MAAI,OAAO,IAAP,IAAe,SAAf,IAA4B,OAAO,IAAP,IAAe,IAAf,EAAoB;AAClD,WAAO,MAAM,OAAO,IAAP,CADqC;GAApD;AAGA,SAAO,GAAP,CA3B6D;CAAjB,CAA5C;;AA8BA,SAAS,cAAT,CAAwB,yBAAxB,EAAmD,UAAS,MAAT,EAAiB;;;AAGlE,MAAI,MAAM,EAAN,CAH8D;AAIpE,MAAI,OAAO,aAAP,IAAwB,SAAxB,IAAqC,OAAO,aAAP,IAAwB,IAAxB,EAA6B;AACpE,WAAO,OAAO,aAAP,CAD6D;GAAtE;;AAIA,MAAI,MAAC,CAAO,aAAP,IAAwB,SAAxB,IAAqC,OAAO,aAAP,IAAwB,IAAxB,KAAkC,OAAO,YAAP,IAAuB,SAAvB,IAAoC,OAAO,YAAP,IAAuB,IAAvB,IAA+B,OAAO,aAAP,IAAwB,SAAxB,IAAqC,OAAO,aAAP,IAAwB,IAAxB,CAAhL,EAA+M;AACjN,WAAO,KAAP,CADiN;GAAnN;;AAIA,MAAI,OAAO,YAAP,IAAuB,SAAvB,IAAoC,OAAO,YAAP,IAAuB,IAAvB,EAA4B;AAClE,WAAO,OAAO,YAAP,CAD2D;GAApE;;AAIA,MAAI,MAAC,CAAO,aAAP,IAAwB,SAAxB,IAAqC,OAAO,aAAP,IAAwB,IAAxB,IAAkC,OAAO,YAAP,IAAuB,SAAvB,IAAoC,OAAO,YAAP,IAAuB,IAAvB,EAA6B;AAC3I,WAAO,KAAP,CAD2I;GAA7I;;AAIA,MAAI,OAAO,aAAP,IAAwB,SAAxB,IAAqC,OAAO,aAAP,IAAwB,IAAxB,EAA6B;AACpE,WAAO,OAAO,aAAP,CAD6D;GAAtE;;AAIA,MAAI,OAAO,WAAP,IAAsB,SAAtB,IAAmC,OAAO,WAAP,IAAsB,IAAtB,EAA2B;AAChE,WAAO,MAAM,OAAO,WAAP,CADmD;GAAlE;AAGA,SAAO,GAAP,CA3BoE;CAAjB,CAAnD;;AA8BA,SAAS,cAAT,CAAwB,mBAAxB,EAA4C,UAAS,KAAT,EAAe;AACzD,MAAI,aAAa,2BAA2B,KAA3B,CAAb,CADqD;;AAGzD,MAAG,eAAe,SAAf,IAA4B,eAAe,IAAf,IAAuB,OAAO,UAAP,IAAsB,QAAtB,EACtD;AACE,iBAAa,WAAW,OAAX,CAAmB,UAAnB,EAA8B,EAA9B,EAAkC,OAAlC,CAA0C,MAA1C,EAAiD,EAAjD,CAAb,CADF;GADA;AAIA,SAAO,UAAP,CAPyD;CAAf,CAA5C;;AAUA,SAAS,cAAT,CAAwB,QAAxB,EAAkC,UAAU,EAAV,EAAc,QAAd,EAAwB,EAAxB,EAA4B;;AAE1D,UAAQ,QAAR;AACI,UAAK,MAAM,IAAN,CAAL;AACI,aAAO,MAAM,EAAN,CADX;AADJ,UAGS,OAAO,KAAP,CAAL;AACI,aAAO,OAAO,EAAP,CADX;AAHJ,UAKS,KAAK,GAAL,CAAL;AACI,aAAO,KAAK,EAAL,CADX;AALJ,UAOS,MAAM,IAAN,CAAL;AACI,aAAO,MAAM,EAAN,CADX;AAPJ,UASS,KAAK,GAAL,CAAL;AACI,aAAO,KAAK,EAAL,CADX;AATJ,UAWS,MAAM,IAAN,CAAL;AACI,aAAO,MAAM,EAAN,CADX;AAXJ,UAaS,MAAM,IAAN,CAAL;AACI,aAAO,MAAM,EAAN,CADX;AAbJ,UAeS,MAAM,IAAN,CAAL;AACI,aAAO,MAAM,EAAN,CADX;AAfJ;AAkBQ,aAAO,KAAP,CADJ;AAjBJ;;;;AAF0D,CAA5B,CAAlC","file":"/client/lib/helpers/helpers.js.map","sourcesContent":["//validate email address\r\nValidateEmail = function(email) {\r\n        var expr = /^([\\w-\\.]+)@((\\[[0-9]{1,3}\\.[0-9]{1,3}\\.[0-9]{1,3}\\.)|(([\\w-]+\\.)+))([a-zA-Z]{2,4}|[0-9]{1,3})(\\]?)$/;\r\n        return expr.test(email);\r\n};\r\n\r\nTemplate.registerHelper(\"isVendorSpecific\",function(){\r\n  var iTypeRec = iType.findOne();\r\n  if (iTypeRec){\r\n    if (iTypeRec.iTypeNum == iTypeEnum.SingleVendor){\r\n      return true;\r\n    }\r\n    else{\r\n      return false;\r\n    }\r\n  }\r\n});\r\n\r\n// NOTE:- MAKE IT AS COMMON\r\nTemplate.registerHelper(\"displayDateTime\", function(datetime) {\r\n  if(datetime !== undefined && datetime !== null)\r\n  {\r\n\t   return new Date(datetime).toLocaleDateString() + \" \" + new Date(datetime).toLocaleTimeString();\r\n  }\r\n  return datetime;\r\n});\r\n\r\n// NOTE:- MAKE IT AS COMMON\r\nTemplate.registerHelper(\"displayDate\", function(datetime) {\r\n  if(datetime !== undefined && datetime !== null)\r\n  {\r\n\t   return new Date(datetime).toLocaleDateString();\r\n  }\r\n  return datetime;\r\n});\r\n\r\n\r\nTemplate.registerHelper(\"isDiscontinued\", function(discontinuedDate) {\r\n  //return discontinuedDate === null ? false : true;\r\n\r\n  if (discontinuedDate === null) {\r\n     return false;\r\n  }\r\n  else {\r\n    return true;\r\n  }\r\n\r\n});\r\n\r\nTemplate.registerHelper(\"displayDimension\", function(object) {\r\n  //return discontinuedDate === null ? false : true;\r\n\r\n  var dim = '';\r\nif (object.length != undefined && object.length != null){\r\n  dim += object.length;\r\n}\r\n\r\nif ((object.length != undefined && object.length != null) && (object.width != undefined && object.width != null || object.height != undefined && object.height != null) ){\r\n  dim += ' x ';\r\n}\r\n\r\nif (object.width != undefined && object.width != null){\r\n  dim += object.width;\r\n}\r\n\r\nif ((object.length != undefined && object.length != null || object.width != undefined && object.width != null)){\r\n  dim += ' x ';\r\n}\r\n\r\nif (object.height != undefined && object.height != null){\r\n  dim += object.height;\r\n}\r\n\r\nif (object.unit != undefined && object.unit != null){\r\n  dim += ' ' + object.unit;\r\n}\r\nreturn dim;\r\n});\r\n\r\nTemplate.registerHelper(\"displayPackageDimension\", function(object) {\r\n  //return discontinuedDate === null ? false : true;\r\n\r\n  var dim = '';\r\nif (object.packageLength != undefined && object.packageLength != null){\r\n  dim += object.packageLength;\r\n}\r\n\r\nif ((object.packageLength != undefined && object.packageLength != null) && (object.packageWidth != undefined && object.packageWidth != null || object.packageHeight != undefined && object.packageHeight != null) ){\r\n  dim += ' x ';\r\n}\r\n\r\nif (object.packageWidth != undefined && object.packageWidth != null){\r\n  dim += object.packageWidth;\r\n}\r\n\r\nif ((object.packageLength != undefined && object.packageLength != null) && (object.packageWidth != undefined && object.packageWidth != null)){\r\n  dim += ' x ';\r\n}\r\n\r\nif (object.packageHeight != undefined && object.packageHeight != null){\r\n  dim += object.packageHeight;\r\n}\r\n\r\nif (object.packageUnit != undefined && object.packageUnit != null){\r\n  dim += ' ' + object.packageUnit;\r\n}\r\nreturn dim;\r\n});\r\n\r\nTemplate.registerHelper(\"makeReadableError\",function(error){\r\n  var makedError = makeValidationErrorMessage(error);\r\n\r\n  if(makedError !== undefined && makedError !== null && typeof(makedError) == 'string')\r\n  {\r\n    makedError = makedError.replace(/[\\[\\]]+/g,'').replace(/403/g,'');\r\n  }\r\n  return makedError;\r\n});\r\n\r\nTemplate.registerHelper('ifCond', function (v1, operator, v2) {\r\n\r\n    switch (operator) {\r\n        case '==', \"==\":\r\n            return v1 == v2;\r\n        case '===', \"===\":\r\n            return v1 === v2;\r\n        case '<', \"<\":\r\n            return v1 < v2;\r\n        case '<=', \"<=\":\r\n            return v1 <= v2;\r\n        case '>', \">\":\r\n            return v1 > v2;\r\n        case '>=', \">=\":\r\n            return v1 >= v2;\r\n        case '&&', \"&&\":\r\n            return v1 && v2;\r\n        case '||', \"||\":\r\n            return v1 || v2;\r\n        default:\r\n            return false;\r\n    }\r\n\r\n    //   // NOTE:- Then in the HTML you can do\r\n    //   //  {{#ifCond var1 '==' var2}}\r\n});\r\n"]},"hash":"c93f5325c4b137552039e08d9a44e3beb4a57fe4"}
