{"metadata":{"usedHelpers":[],"marked":[],"modules":{"imports":[],"exports":{"exported":[],"specifiers":[]}}},"options":{"filename":"/client/lib/compatibility/slicklab/js/form-validation-init.js","filenameRelative":"/client/lib/compatibility/slicklab/js/form-validation-init.js","env":{},"retainLines":false,"highlightCode":true,"suppressDeprecationMessages":false,"presets":[],"plugins":[[[],null],[[],null],[[],null],[[],null],[[],null],[[],null],[[],null],[[],{"polyfill":false}],[[],null],[[],null],[[],null],[[],null],[[],null],[[],null],[[],null],[[],null],[[],{"loose":true}],[[],{"loose":true}],[[],null],[[],{"loose":true}],[[],null],[[],null],[[],{"allowTopLevelThis":true,"strict":false,"loose":true}],[[],null],[[],null],[[],null],[[],null],[[],null],[[],{"loose":true}],[[],null],[[],null],[[],null],[[],null],[[],null],[[],null],[[],null],[[],null]],"ignore":[],"code":true,"metadata":true,"ast":false,"comments":true,"compact":false,"minified":false,"sourceMap":true,"sourceMaps":true,"sourceMapTarget":"/client/lib/compatibility/slicklab/js/form-validation-init.js.map","sourceFileName":"/client/lib/compatibility/slicklab/js/form-validation-init.js","babelrc":false,"sourceType":"module","moduleIds":false,"passPerPreset":false,"basename":"form-validation-init"},"ignored":false,"code":"/**\n * Created by mosaddek on 3/8/15.\n */\n\nvar Script = function () {\n\n    $.validator.setDefaults({\n        submitHandler: function () {\n            function submitHandler() {\n                alert(\"submitted!\");\n            }\n\n            return submitHandler;\n        }()\n    });\n\n    $().ready(function () {\n        // validate the comment form when it is submitted\n        $(\"#commentForm\").validate();\n\n        // validate signup form on keyup and submit\n        $(\"#signupForm\").validate({\n            rules: {\n                firstname: \"required\",\n                lastname: \"required\",\n                username: {\n                    required: true,\n                    minlength: 2\n                },\n                password: {\n                    required: true,\n                    minlength: 5\n                },\n                confirm_password: {\n                    required: true,\n                    minlength: 5,\n                    equalTo: \"#password\"\n                },\n                email: {\n                    required: true,\n                    email: true\n                },\n                topic: {\n                    required: \"#newsletter:checked\",\n                    minlength: 2\n                },\n                agree: \"required\"\n            },\n            messages: {\n                firstname: \"Please enter your firstname\",\n                lastname: \"Please enter your lastname\",\n                username: {\n                    required: \"Please enter a username\",\n                    minlength: \"Your username must consist of at least 2 characters\"\n                },\n                password: {\n                    required: \"Please provide a password\",\n                    minlength: \"Your password must be at least 5 characters long\"\n                },\n                confirm_password: {\n                    required: \"Please provide a password\",\n                    minlength: \"Your password must be at least 5 characters long\",\n                    equalTo: \"Please enter the same password as above\"\n                },\n                email: \"Please enter a valid email address\",\n                agree: \"Please accept our policy\"\n            }\n        });\n\n        // propose username by combining first- and lastname\n        $(\"#username\").focus(function () {\n            var firstname = $(\"#firstname\").val();\n            var lastname = $(\"#lastname\").val();\n            if (firstname && lastname && !this.value) {\n                this.value = firstname + \".\" + lastname;\n            }\n        });\n\n        //code to hide topic selection, disable for demo\n        var newsletter = $(\"#newsletter\");\n        // newsletter topics are optional, hide at first\n        var inital = newsletter.is(\":checked\");\n        var topics = $(\"#newsletter_topics\")[inital ? \"removeClass\" : \"addClass\"](\"gray\");\n        var topicInputs = topics.find(\"input\").attr(\"disabled\", !inital);\n        // show when newsletter is checked\n        newsletter.click(function () {\n            topics[this.checked ? \"removeClass\" : \"addClass\"](\"gray\");\n            topicInputs.attr(\"disabled\", !this.checked);\n        });\n    });\n}();","ast":null,"map":{"version":3,"sources":["/client/lib/compatibility/slicklab/js/form-validation-init.js"],"names":[],"mappings":";;;;AAIA,IAAI,SAAS,YAAY;;AAErB,MAAE,SAAF,CAAY,WAAZ,CAAwB;AACpB;AAAe,qCAAW;AAAE,sBAAM,YAAN,EAAF;aAAX;;;WAAf;KADJ,EAFqB;;AAMrB,QAAI,KAAJ,CAAU,YAAW;;AAEjB,UAAE,cAAF,EAAkB,QAAlB;;;AAFiB,SAKjB,CAAE,aAAF,EAAiB,QAAjB,CAA0B;AACtB,mBAAO;AACH,2BAAW,UAAX;AACA,0BAAU,UAAV;AACA,0BAAU;AACN,8BAAU,IAAV;AACA,+BAAW,CAAX;iBAFJ;AAIA,0BAAU;AACN,8BAAU,IAAV;AACA,+BAAW,CAAX;iBAFJ;AAIA,kCAAkB;AACd,8BAAU,IAAV;AACA,+BAAW,CAAX;AACA,6BAAS,WAAT;iBAHJ;AAKA,uBAAO;AACH,8BAAU,IAAV;AACA,2BAAO,IAAP;iBAFJ;AAIA,uBAAO;AACH,8BAAU,qBAAV;AACA,+BAAW,CAAX;iBAFJ;AAIA,uBAAO,UAAP;aAxBJ;AA0BA,sBAAU;AACN,2BAAW,6BAAX;AACA,0BAAU,4BAAV;AACA,0BAAU;AACN,8BAAU,yBAAV;AACA,+BAAW,qDAAX;iBAFJ;AAIA,0BAAU;AACN,8BAAU,2BAAV;AACA,+BAAW,kDAAX;iBAFJ;AAIA,kCAAkB;AACd,8BAAU,2BAAV;AACA,+BAAW,kDAAX;AACA,6BAAS,yCAAT;iBAHJ;AAKA,uBAAO,oCAAP;AACA,uBAAO,0BAAP;aAjBJ;SA3BJ;;;AALiB,SAsDjB,CAAE,WAAF,EAAe,KAAf,CAAqB,YAAW;AAC5B,gBAAI,YAAY,EAAE,YAAF,EAAgB,GAAhB,EAAZ,CADwB;AAE5B,gBAAI,WAAW,EAAE,WAAF,EAAe,GAAf,EAAX,CAFwB;AAG5B,gBAAG,aAAa,QAAb,IAAyB,CAAC,KAAK,KAAL,EAAY;AACrC,qBAAK,KAAL,GAAa,YAAY,GAAZ,GAAkB,QAAlB,CADwB;aAAzC;SAHiB,CAArB;;;AAtDiB,YA+Db,aAAa,EAAE,aAAF,CAAb;;AA/Da,YAiEb,SAAS,WAAW,EAAX,CAAc,UAAd,CAAT,CAjEa;AAkEjB,YAAI,SAAS,EAAE,oBAAF,EAAwB,SAAS,aAAT,GAAyB,UAAzB,CAAxB,CAA6D,MAA7D,CAAT,CAlEa;AAmEjB,YAAI,cAAc,OAAO,IAAP,CAAY,OAAZ,EAAqB,IAArB,CAA0B,UAA1B,EAAsC,CAAC,MAAD,CAApD;;AAnEa,kBAqEjB,CAAW,KAAX,CAAiB,YAAW;AACxB,mBAAO,KAAK,OAAL,GAAe,aAAf,GAA+B,UAA/B,CAAP,CAAkD,MAAlD,EADwB;AAExB,wBAAY,IAAZ,CAAiB,UAAjB,EAA6B,CAAC,KAAK,OAAL,CAA9B,CAFwB;SAAX,CAAjB,CArEiB;KAAX,CAAV,CANqB;CAAZ,EAAT","file":"/client/lib/compatibility/slicklab/js/form-validation-init.js.map","sourcesContent":["/**\n * Created by mosaddek on 3/8/15.\n */\n\nvar Script = function () {\n\n    $.validator.setDefaults({\n        submitHandler: function() { alert(\"submitted!\"); }\n    });\n\n    $().ready(function() {\n        // validate the comment form when it is submitted\n        $(\"#commentForm\").validate();\n\n        // validate signup form on keyup and submit\n        $(\"#signupForm\").validate({\n            rules: {\n                firstname: \"required\",\n                lastname: \"required\",\n                username: {\n                    required: true,\n                    minlength: 2\n                },\n                password: {\n                    required: true,\n                    minlength: 5\n                },\n                confirm_password: {\n                    required: true,\n                    minlength: 5,\n                    equalTo: \"#password\"\n                },\n                email: {\n                    required: true,\n                    email: true\n                },\n                topic: {\n                    required: \"#newsletter:checked\",\n                    minlength: 2\n                },\n                agree: \"required\"\n            },\n            messages: {\n                firstname: \"Please enter your firstname\",\n                lastname: \"Please enter your lastname\",\n                username: {\n                    required: \"Please enter a username\",\n                    minlength: \"Your username must consist of at least 2 characters\"\n                },\n                password: {\n                    required: \"Please provide a password\",\n                    minlength: \"Your password must be at least 5 characters long\"\n                },\n                confirm_password: {\n                    required: \"Please provide a password\",\n                    minlength: \"Your password must be at least 5 characters long\",\n                    equalTo: \"Please enter the same password as above\"\n                },\n                email: \"Please enter a valid email address\",\n                agree: \"Please accept our policy\"\n            }\n        });\n\n        // propose username by combining first- and lastname\n        $(\"#username\").focus(function() {\n            var firstname = $(\"#firstname\").val();\n            var lastname = $(\"#lastname\").val();\n            if(firstname && lastname && !this.value) {\n                this.value = firstname + \".\" + lastname;\n            }\n        });\n\n        //code to hide topic selection, disable for demo\n        var newsletter = $(\"#newsletter\");\n        // newsletter topics are optional, hide at first\n        var inital = newsletter.is(\":checked\");\n        var topics = $(\"#newsletter_topics\")[inital ? \"removeClass\" : \"addClass\"](\"gray\");\n        var topicInputs = topics.find(\"input\").attr(\"disabled\", !inital);\n        // show when newsletter is checked\n        newsletter.click(function() {\n            topics[this.checked ? \"removeClass\" : \"addClass\"](\"gray\");\n            topicInputs.attr(\"disabled\", !this.checked);\n        });\n    });\n\n\n}();\n"]},"hash":"cb5575c739d954631706ad59851674453e4ce6a6"}
