{"metadata":{"usedHelpers":[],"marked":[],"modules":{"imports":[],"exports":{"exported":[],"specifiers":[]}}},"options":{"filename":"/client/router/router.js","filenameRelative":"/client/router/router.js","env":{},"retainLines":false,"highlightCode":true,"suppressDeprecationMessages":false,"presets":[],"plugins":[[[],null],[[],null],[[],null],[[],null],[[],null],[[],null],[[],null],[[],{"polyfill":false}],[[],null],[[],null],[[],null],[[],null],[[],null],[[],null],[[],null],[[],null],[[],{"loose":true}],[[],{"loose":true}],[[],null],[[],{"loose":true}],[[],null],[[],null],[[],{"allowTopLevelThis":true,"strict":false,"loose":true}],[[],null],[[],null],[[],null],[[],null],[[],null],[[],{"loose":true}],[[],null],[[],null],[[],null],[[],null],[[],null],[[],null],[[],null],[[],null]],"ignore":[],"code":true,"metadata":true,"ast":false,"comments":true,"compact":false,"minified":false,"sourceMap":true,"sourceMaps":true,"sourceMapTarget":"/client/router/router.js.map","sourceFileName":"/client/router/router.js","babelrc":false,"sourceType":"module","moduleIds":false,"passPerPreset":false,"basename":"router"},"ignored":false,"code":"// Configure the router here\nRouter.configure({\n    layoutTemplate: 'applicationLayout'\n});\n\n// Here we defined the default route of the application\nRouter.route('/', function () {\n    this.render(\"dashboard\", { to: 'content' });\n}, { name: 'default' });\n\n// Here we defined the default route of the application\nRouter.route('/page1', function () {\n    this.render(\"page1\", { to: 'content' });\n}, { name: 'page1' });","ast":null,"map":{"version":3,"sources":["/client/router/router.js"],"names":[],"mappings":";AACA,OAAO,SAAP,CAAiB;AACf,oBAAgB,mBAAhB;CADF;;;AAMA,OAAO,KAAP,CAAa,GAAb,EAAkB,YAAU;AACxB,SAAK,MAAL,CAAY,WAAZ,EAAyB,EAAC,IAAI,SAAJ,EAA1B,EADwB;CAAV,EAEhB,EAAC,MAAK,SAAL,EAFH;;;AAKA,OAAO,KAAP,CAAa,QAAb,EAAuB,YAAU;AAC7B,SAAK,MAAL,CAAY,OAAZ,EAAqB,EAAC,IAAI,SAAJ,EAAtB,EAD6B;CAAV,EAErB,EAAC,MAAK,OAAL,EAFH","file":"/client/router/router.js.map","sourcesContent":["// Configure the router here\r\nRouter.configure({\r\n  layoutTemplate: 'applicationLayout'\r\n});\r\n\r\n\r\n// Here we defined the default route of the application\r\nRouter.route('/', function(){\r\n    this.render(\"dashboard\", {to: 'content'});\r\n},{name:'default'});\r\n\r\n// Here we defined the default route of the application\r\nRouter.route('/page1', function(){\r\n    this.render(\"page1\", {to: 'content'});\r\n},{name:'page1'});\r\n"]},"hash":"ce2909690379c4a4d804ae617a6136206f7b1916"}
