{"metadata":{"usedHelpers":[],"marked":[],"modules":{"imports":[],"exports":{"exported":[],"specifiers":[]}}},"options":{"filename":"/client/lib/compatibility/slicklab/js/flot-chart-init.js","filenameRelative":"/client/lib/compatibility/slicklab/js/flot-chart-init.js","env":{},"retainLines":false,"highlightCode":true,"suppressDeprecationMessages":false,"presets":[],"plugins":[[[],null],[[],null],[[],null],[[],null],[[],null],[[],null],[[],null],[[],{"polyfill":false}],[[],null],[[],null],[[],null],[[],null],[[],null],[[],null],[[],null],[[],null],[[],{"loose":true}],[[],{"loose":true}],[[],null],[[],{"loose":true}],[[],null],[[],null],[[],{"allowTopLevelThis":true,"strict":false,"loose":true}],[[],null],[[],null],[[],null],[[],null],[[],null],[[],{"loose":true}],[[],null],[[],null],[[],null],[[],null],[[],null],[[],null],[[],null],[[],null]],"ignore":[],"code":true,"metadata":true,"ast":false,"comments":true,"compact":false,"minified":false,"sourceMap":true,"sourceMaps":true,"sourceMapTarget":"/client/lib/compatibility/slicklab/js/flot-chart-init.js.map","sourceFileName":"/client/lib/compatibility/slicklab/js/flot-chart-init.js","babelrc":false,"sourceType":"module","moduleIds":false,"passPerPreset":false,"basename":"flot-chart-init"},"ignored":false,"code":"\nvar data7_1 = [[1000000, 53], [2000000, 125], [3000000, 98], [4000000, 283], [5000000, 320], [6000000, 420], [7000000, 236]];\nvar data7_2 = [[1000000, 43], [2000000, 150], [3000000, 80], [4000000, 283], [5000000, 98], [6000000, 125], [7000000, 50]];\n$(function () {\n    $.plot($(\"#multi-sates #multi-states-container\"), [{\n        data: data7_1,\n        label: \"Page View\",\n        lines: {\n            fill: true\n        }\n    }, {\n        data: data7_2,\n        label: \"Online User\",\n\n        points: {\n            show: true\n        },\n        lines: {\n            show: true\n        },\n        yaxis: 2\n    }], {\n        series: {\n            lines: {\n                show: true,\n                fill: false\n            },\n            points: {\n                show: true,\n                lineWidth: 2,\n                fill: true,\n                fillColor: \"#ffffff\",\n                symbol: \"circle\",\n                radius: 5\n            },\n            shadowSize: 0\n        },\n        grid: {\n            hoverable: true,\n            clickable: true,\n            tickColor: \"#f9f9f9\",\n            borderWidth: 1,\n            borderColor: \"#dddddd\"\n        },\n        colors: [\"#53d192\", \"#ffd200\"],\n        tooltip: true,\n        tooltipOpts: {\n            defaultTheme: false\n        },\n        xaxis: {\n            mode: \"time\"\n\n        },\n        yaxes: [{\n            /* First y axis */\n        }, {\n            /* Second y axis */\n            position: \"right\" /* left or right */\n        }]\n    });\n});\n\n$(function () {\n    var data1 = [];\n    var totalPoints = 300;\n    function GetData() {\n        data1.shift();\n        while (data1.length < totalPoints) {\n            var prev = data1.length > 0 ? data1[data1.length - 1] : 50;\n            var y = prev + Math.random() * 10 - 5;\n            y = y < 0 ? 0 : y > 100 ? 100 : y;\n            data1.push(y);\n        }\n        var result = [];\n        for (var i = 0; i < data1.length; ++i) {\n            result.push([i, data1[i]]);\n        }\n        return result;\n    }\n    var updateInterval = 100;\n    var plot = $.plot($(\"#real-time #real-time-container\"), [GetData()], {\n        series: {\n            lines: {\n                show: true,\n                fill: true\n            },\n            shadowSize: 0\n        },\n        yaxis: {\n            min: 0,\n            max: 100,\n            ticks: 10\n        },\n        xaxis: {\n            show: false\n        },\n        grid: {\n            hoverable: true,\n            clickable: true,\n            tickColor: \"#f9f9f9\",\n            borderWidth: 1,\n            borderColor: \"#eeeeee\"\n        },\n        colors: [\"#d7d7d7\"],\n        tooltip: true,\n        tooltipOpts: {\n            defaultTheme: false\n        }\n    });\n    function update() {\n        plot.setData([GetData()]);\n        plot.draw();\n        setTimeout(update, updateInterval);\n    }\n    update();\n});\n\n$(function () {\n    var data = [{\n        label: \"Paid Signup\",\n        data: 60\n    }, {\n        label: \"Free Signup\",\n        data: 30\n    }, {\n        label: \"Guest Signup\",\n        data: 10\n    }];\n    var options = {\n        series: {\n            pie: {\n                show: true\n            }\n        },\n        legend: {\n            show: false\n        },\n        grid: {\n            hoverable: true,\n            clickable: true\n        },\n        colors: [\"#868BB8\", \"#4EC9B4\", \"#81CDEA\"],\n        tooltip: true,\n        tooltipOpts: {\n            defaultTheme: false\n        }\n    };\n    $.plot($(\"#pie-chart #pie-chart-container\"), data, options);\n});\n\n$(function () {\n    var data = [{\n        label: \"Direct Sales\",\n        data: 35\n    }, {\n        label: \"Online Sales\",\n        data: 20\n    }, {\n        label: \"Agent Sales\",\n        data: 10\n    }, {\n        label: \"Post Sales\",\n        data: 15\n    }, {\n        label: \"Pre Sales\",\n        data: 20\n    }];\n    var options = {\n        series: {\n            pie: {\n                show: true,\n                innerRadius: 0.5,\n                show: true\n            }\n        },\n        legend: {\n            show: false\n        },\n        grid: {\n            hoverable: true,\n            clickable: true\n        },\n        colors: [\"#4EC9B4\", \"#ffd200\", \"#FF834D\", \"#868BB8\", \"#81CDEA\"],\n        tooltip: true,\n        tooltipOpts: {\n            defaultTheme: false\n        }\n    };\n    $.plot($(\"#donut-chart #donut-chart-container\"), data, options);\n});\n\n$(function () {\n    var data24Hours = [[0, 201], [1, 520], [2, 337], [3, 261], [4, 157], [5, 78], [6, 58], [7, 48], [8, 54], [9, 38], [10, 88], [11, 214], [12, 364], [13, 449], [14, 558], [15, 282], [16, 379], [17, 429], [18, 518], [19, 470], [20, 330], [21, 245], [22, 358], [23, 74]];\n    var data48Hours = [[0, 245], [1, 492], [2, 538], [3, 332], [4, 234], [5, 143], [6, 147], [7, 63], [8, 64], [9, 43], [10, 486], [11, 201], [12, 315], [13, 397], [14, 612], [15, 281], [16, 370], [17, 279], [18, 425], [19, 53], [20, 122], [21, 355], [22, 340], [23, 801]];\n    var dataDifference = [[23, 727], [22, 128], [21, 110], [20, 92], [19, 172], [18, 63], [17, 150], [16, 592], [15, 12], [14, 246], [13, 52], [12, 149], [11, 123], [10, 2], [9, 325], [8, 10], [7, 15], [6, 89], [5, 65], [4, 77], [3, 271], [2, 401], [1, 72], [0, 156]];\n    var ticks = [[0, \"22h\"], [1, \"\"], [2, \"00h\"], [3, \"\"], [4, \"02h\"], [5, \"\"], [6, \"04h\"], [7, \"\"], [8, \"06h\"], [9, \"\"], [10, \"08h\"], [11, \"\"], [12, \"10h\"], [13, \"\"], [14, \"12h\"], [15, \"\"], [16, \"14h\"], [17, \"\"], [18, \"16h\"], [19, \"\"], [20, \"18h\"], [21, \"\"], [22, \"20h\"], [23, \"\"]];\n    var data = [{\n        label: \"Last 24 Hours\",\n        data: data24Hours,\n        lines: {\n            show: true,\n            fill: true\n        },\n        points: {\n            show: true\n        }\n    }, {\n        label: \"Last 48 Hours\",\n        data: data48Hours,\n        lines: {\n            show: true\n        },\n        points: {\n            show: true\n        }\n    }, {\n        label: \"Difference\",\n        data: dataDifference,\n        bars: {\n            show: true\n        }\n    }];\n    var options = {\n        xaxis: {\n            ticks: ticks\n        },\n        series: {\n            shadowSize: 0\n        },\n        grid: {\n            hoverable: true,\n            clickable: true,\n            tickColor: \"#f9f9f9\",\n            borderWidth: 1,\n            borderColor: \"#eeeeee\"\n        },\n        colors: [\"#4EC9B4\", \"#975197\", \"#6bd3f3\"],\n        tooltip: true,\n        tooltipOpts: {\n            defaultTheme: false\n        },\n        legend: {\n            labelBoxBorderColor: \"#000000\",\n            container: $(\"#legendcontainer26\"),\n            noColumns: 0\n        }\n    };\n    var plot = $.plot($(\"#combine-chart #combine-chart-container\"), data, options);\n});\n\n$(function () {\n    var data1 = GenerateSeries(0);\n    var data2 = GenerateSeries(100);\n    var data3 = GenerateSeries(200);\n    var dataset = [data1, data2, data3];\n    function GenerateSeries(added) {\n        var data = [];\n        var start = 100 + added;\n        var end = 200 + added;\n        for (i = 1; i <= 100; i++) {\n            var d = Math.floor(Math.random() * (end - start + 1) + start);\n            data.push([i, d]);\n            start++;\n            end++;\n        }\n        return data;\n    }\n    var options = {\n        series: {\n            stack: true,\n            shadowSize: 0\n        },\n        grid: {\n            hoverable: true,\n            clickable: true,\n            tickColor: \"#f9f9f9\",\n            borderWidth: 1,\n            borderColor: \"#eeeeee\"\n        },\n        colors: [\"#adadad\", \"#efefef\", \"#dcdcdc\"],\n        legend: {\n            position: 'nw',\n            labelBoxBorderColor: \"#000000\",\n            container: $(\"#bar-chart #legend-placeholder\"),\n            noColumns: 0\n        }\n    };\n    var plot;\n    function ToggleSeries() {\n        var d = [];\n        $(\"#toggle-chart input[type='checkbox']\").each(function () {\n            if ($(this).is(\":checked\")) {\n                var seqence = $(this).attr(\"id\").replace(\"cbdata\", \"\");\n                d.push({\n                    label: \"data\" + seqence,\n                    data: dataset[seqence - 1]\n                });\n            }\n        });\n        options.series.lines = {};\n        options.series.bars = {};\n        $(\"#toggle-chart input[type='radio']\").each(function () {\n            if ($(this).is(\":checked\")) {\n                if ($(this).val() == \"line\") {\n                    options.series.lines = {\n                        fill: true\n                    };\n                } else {\n                    options.series.bars = {\n                        show: true\n                    };\n                }\n            }\n        });\n        $.plot($(\"#toggle-chart #toggle-chart-container\"), d, options);\n    }\n    $(\"#toggle-chart input\").change(function () {\n        ToggleSeries();\n    });\n    ToggleSeries();\n});","ast":null,"map":{"version":3,"sources":["/client/lib/compatibility/slicklab/js/flot-chart-init.js"],"names":[],"mappings":";AACA,IAAI,UAAU,CACV,CAAC,OAAD,EAAU,EAAV,CADU,EAEV,CAAC,OAAD,EAAU,GAAV,CAFU,EAGV,CAAC,OAAD,EAAU,EAAV,CAHU,EAIV,CAAC,OAAD,EAAU,GAAV,CAJU,EAKV,CAAC,OAAD,EAAU,GAAV,CALU,EAMV,CAAC,OAAD,EAAU,GAAV,CANU,EAOV,CAAC,OAAD,EAAU,GAAV,CAPU,CAAV;AASJ,IAAI,UAAU,CACV,CAAC,OAAD,EAAU,EAAV,CADU,EAEV,CAAC,OAAD,EAAU,GAAV,CAFU,EAGV,CAAC,OAAD,EAAU,EAAV,CAHU,EAIV,CAAC,OAAD,EAAU,GAAV,CAJU,EAKV,CAAC,OAAD,EAAU,EAAV,CALU,EAMV,CAAC,OAAD,EAAU,GAAV,CANU,EAOV,CAAC,OAAD,EAAU,EAAV,CAPU,CAAV;AASJ,EAAE,YAAW;AACT,MAAE,IAAF,CAAO,EAAE,sCAAF,CAAP,EAAkD,CAAC;AAC/C,cAAM,OAAN;AACA,eAAO,WAAP;AACA,eAAO;AACH,kBAAM,IAAN;SADJ;KAH8C,EAM/C;AACC,cAAM,OAAN;AACA,eAAO,aAAP;;AAEA,gBAAQ;AACJ,kBAAM,IAAN;SADJ;AAGA,eAAO;AACH,kBAAM,IAAN;SADJ;AAGA,eAAO,CAAP;KAhB8C,CAAlD,EAmBI;AACI,gBAAQ;AACJ,mBAAO;AACH,sBAAM,IAAN;AACA,sBAAM,KAAN;aAFJ;AAIA,oBAAQ;AACJ,sBAAM,IAAN;AACA,2BAAW,CAAX;AACA,sBAAM,IAAN;AACA,2BAAW,SAAX;AACA,wBAAQ,QAAR;AACA,wBAAQ,CAAR;aANJ;AAQA,wBAAY,CAAZ;SAbJ;AAeA,cAAM;AACF,uBAAW,IAAX;AACA,uBAAW,IAAX;AACA,uBAAW,SAAX;AACA,yBAAa,CAAb;AACA,yBAAa,SAAb;SALJ;AAOA,gBAAQ,CAAC,SAAD,EAAY,SAAZ,CAAR;AACA,iBAAS,IAAT;AACA,qBAAa;AACT,0BAAc,KAAd;SADJ;AAGA,eAAO;AACH,kBAAM,MAAN;;SADJ;AAKA,eAAO,CAAC;;SAAD,EAEJ;;AAEC,sBAAU,OAAV;AAFD,SAFI,CAAP;KApDR,EADS;CAAX,CAAF;;AA+DI,EAAE,YAAW;AACT,QAAI,QAAQ,EAAR,CADK;AAET,QAAI,cAAc,GAAd,CAFK;AAGT,aAAS,OAAT,GAAmB;AACnB,cAAM,KAAN,GADmB;AAEnB,eAAO,MAAM,MAAN,GAAe,WAAf,EAA4B;AACnC,gBAAI,OAAO,MAAM,MAAN,GAAe,CAAf,GAAmB,MAAM,MAAM,MAAN,GAAe,CAAf,CAAzB,GAA6C,EAA7C,CADwB;AAEnC,gBAAI,IAAI,OAAO,KAAK,MAAL,KAAgB,EAAhB,GAAqB,CAA5B,CAF2B;AAGnC,gBAAI,IAAI,CAAJ,GAAQ,CAAR,GAAa,IAAI,GAAJ,GAAU,GAAV,GAAgB,CAAhB,CAHkB;AAInC,kBAAM,IAAN,CAAW,CAAX,EAJmC;SAAnC;AAMJ,YAAI,SAAS,EAAT,CARmB;AASvB,aAAK,IAAI,IAAI,CAAJ,EAAO,IAAI,MAAM,MAAN,EAAc,EAAE,CAAF,EAAK;AACnC,mBAAO,IAAP,CAAY,CAAC,CAAD,EAAI,MAAM,CAAN,CAAJ,CAAZ,EADmC;SAAvC;AAGA,eAAO,MAAP,CAZuB;KAAnB;AAcJ,QAAI,iBAAiB,GAAjB,CAjBS;AAkBb,QAAI,OAAO,EAAE,IAAF,CAAO,EAAE,iCAAF,CAAP,EAA6C,CAChD,SADgD,CAA7C,EACS;AACZ,gBAAQ;AACJ,mBAAO;AACH,sBAAM,IAAN;AACA,sBAAM,IAAN;aAFJ;AAIA,wBAAY,CAAZ;SALJ;AAOA,eAAO;AACH,iBAAK,CAAL;AACA,iBAAK,GAAL;AACA,mBAAO,EAAP;SAHJ;AAKA,eAAO;AACH,kBAAM,KAAN;SADJ;AAGA,cAAM;AACF,uBAAW,IAAX;AACA,uBAAW,IAAX;AACA,uBAAW,SAAX;AACA,yBAAa,CAAb;AACA,yBAAa,SAAb;SALJ;AAOA,gBAAQ,CAAC,SAAD,CAAR;AACA,iBAAS,IAAT;AACA,qBAAa;AACT,0BAAc,KAAd;SADJ;KA1BG,CAAP,CAlBS;AAgDT,aAAS,MAAT,GAAkB;AACd,aAAK,OAAL,CAAa,CAAC,SAAD,CAAb,EADc;AAEd,aAAK,IAAL,GAFc;AAGd,mBAAW,MAAX,EAAmB,cAAnB,EAHc;KAAlB;AAKA,aArDS;CAAX,CAAF;;AAwDA,EAAE,YAAW;AACT,QAAI,OAAO,CAAC;AACR,eAAO,aAAP;AACA,cAAM,EAAN;KAFO,EAGR;AACC,eAAO,aAAP;AACA,cAAM,EAAN;KALO,EAMR;AACC,eAAO,cAAP;AACA,cAAM,EAAN;KARO,CAAP,CADK;AAWT,QAAI,UAAU;AACV,gBAAQ;AACJ,iBAAK;AACD,sBAAM,IAAN;aADJ;SADJ;AAKA,gBAAQ;AACJ,kBAAM,KAAN;SADJ;AAGA,cAAM;AACF,uBAAW,IAAX;AACA,uBAAW,IAAX;SAFJ;AAIA,gBAAQ,CAAC,SAAD,EAAY,SAAZ,EAAuB,SAAvB,CAAR;AACA,iBAAS,IAAT;AACA,qBAAa;AACT,0BAAc,KAAd;SADJ;KAfA,CAXK;AA8BT,MAAE,IAAF,CAAO,EAAE,iCAAF,CAAP,EAA6C,IAA7C,EAAmD,OAAnD,EA9BS;CAAX,CAAF;;AAiCA,EAAE,YAAW;AACT,QAAI,OAAO,CAAC;AACR,eAAO,cAAP;AACA,cAAM,EAAN;KAFO,EAGR;AACC,eAAO,cAAP;AACA,cAAM,EAAN;KALO,EAMR;AACC,eAAO,aAAP;AACA,cAAM,EAAN;KARO,EASR;AACC,eAAO,YAAP;AACA,cAAM,EAAN;KAXO,EAaP;AACA,eAAO,WAAP;AACA,cAAM,EAAN;KAfO,CAAP,CADK;AAkBT,QAAI,UAAU;AACV,gBAAQ;AACJ,iBAAK;AACD,sBAAM,IAAN;AACA,6BAAa,GAAb;AACA,sBAAM,IAAN;aAHJ;SADJ;AAOA,gBAAQ;AACJ,kBAAM,KAAN;SADJ;AAGA,cAAM;AACF,uBAAW,IAAX;AACA,uBAAW,IAAX;SAFJ;AAIA,gBAAQ,CAAC,SAAD,EAAY,SAAZ,EAAuB,SAAvB,EAAiC,SAAjC,EAA2C,SAA3C,CAAR;AACA,iBAAS,IAAT;AACA,qBAAa;AACT,0BAAc,KAAd;SADJ;KAjBA,CAlBK;AAuCT,MAAE,IAAF,CAAO,EAAE,qCAAF,CAAP,EAAiD,IAAjD,EAAuD,OAAvD,EAvCS;CAAX,CAAF;;AA0CA,EAAE,YAAW;AACT,QAAI,cAAc,CACd,CAAC,CAAD,EAAI,GAAJ,CADc,EAEd,CAAC,CAAD,EAAI,GAAJ,CAFc,EAGd,CAAC,CAAD,EAAI,GAAJ,CAHc,EAId,CAAC,CAAD,EAAI,GAAJ,CAJc,EAKd,CAAC,CAAD,EAAI,GAAJ,CALc,EAMd,CAAC,CAAD,EAAI,EAAJ,CANc,EAOd,CAAC,CAAD,EAAI,EAAJ,CAPc,EAQd,CAAC,CAAD,EAAI,EAAJ,CARc,EASd,CAAC,CAAD,EAAI,EAAJ,CATc,EAUd,CAAC,CAAD,EAAI,EAAJ,CAVc,EAWd,CAAC,EAAD,EAAK,EAAL,CAXc,EAYd,CAAC,EAAD,EAAK,GAAL,CAZc,EAad,CAAC,EAAD,EAAK,GAAL,CAbc,EAcd,CAAC,EAAD,EAAK,GAAL,CAdc,EAed,CAAC,EAAD,EAAK,GAAL,CAfc,EAgBd,CAAC,EAAD,EAAK,GAAL,CAhBc,EAiBd,CAAC,EAAD,EAAK,GAAL,CAjBc,EAkBd,CAAC,EAAD,EAAK,GAAL,CAlBc,EAmBd,CAAC,EAAD,EAAK,GAAL,CAnBc,EAoBd,CAAC,EAAD,EAAK,GAAL,CApBc,EAqBd,CAAC,EAAD,EAAK,GAAL,CArBc,EAsBd,CAAC,EAAD,EAAK,GAAL,CAtBc,EAuBd,CAAC,EAAD,EAAK,GAAL,CAvBc,EAwBd,CAAC,EAAD,EAAK,EAAL,CAxBc,CAAd,CADK;AA2BT,QAAI,cAAc,CACd,CAAC,CAAD,EAAI,GAAJ,CADc,EAEd,CAAC,CAAD,EAAI,GAAJ,CAFc,EAGd,CAAC,CAAD,EAAI,GAAJ,CAHc,EAId,CAAC,CAAD,EAAI,GAAJ,CAJc,EAKd,CAAC,CAAD,EAAI,GAAJ,CALc,EAMd,CAAC,CAAD,EAAI,GAAJ,CANc,EAOd,CAAC,CAAD,EAAI,GAAJ,CAPc,EAQd,CAAC,CAAD,EAAI,EAAJ,CARc,EASd,CAAC,CAAD,EAAI,EAAJ,CATc,EAUd,CAAC,CAAD,EAAI,EAAJ,CAVc,EAWd,CAAC,EAAD,EAAK,GAAL,CAXc,EAYd,CAAC,EAAD,EAAK,GAAL,CAZc,EAad,CAAC,EAAD,EAAK,GAAL,CAbc,EAcd,CAAC,EAAD,EAAK,GAAL,CAdc,EAed,CAAC,EAAD,EAAK,GAAL,CAfc,EAgBd,CAAC,EAAD,EAAK,GAAL,CAhBc,EAiBd,CAAC,EAAD,EAAK,GAAL,CAjBc,EAkBd,CAAC,EAAD,EAAK,GAAL,CAlBc,EAmBd,CAAC,EAAD,EAAK,GAAL,CAnBc,EAoBd,CAAC,EAAD,EAAK,EAAL,CApBc,EAqBd,CAAC,EAAD,EAAK,GAAL,CArBc,EAsBd,CAAC,EAAD,EAAK,GAAL,CAtBc,EAuBd,CAAC,EAAD,EAAK,GAAL,CAvBc,EAwBd,CAAC,EAAD,EAAK,GAAL,CAxBc,CAAd,CA3BK;AAqDT,QAAI,iBAAiB,CACjB,CAAC,EAAD,EAAK,GAAL,CADiB,EAEjB,CAAC,EAAD,EAAK,GAAL,CAFiB,EAGjB,CAAC,EAAD,EAAK,GAAL,CAHiB,EAIjB,CAAC,EAAD,EAAK,EAAL,CAJiB,EAKjB,CAAC,EAAD,EAAK,GAAL,CALiB,EAMjB,CAAC,EAAD,EAAK,EAAL,CANiB,EAOjB,CAAC,EAAD,EAAK,GAAL,CAPiB,EAQjB,CAAC,EAAD,EAAK,GAAL,CARiB,EASjB,CAAC,EAAD,EAAK,EAAL,CATiB,EAUjB,CAAC,EAAD,EAAK,GAAL,CAViB,EAWjB,CAAC,EAAD,EAAK,EAAL,CAXiB,EAYjB,CAAC,EAAD,EAAK,GAAL,CAZiB,EAajB,CAAC,EAAD,EAAK,GAAL,CAbiB,EAcjB,CAAC,EAAD,EAAK,CAAL,CAdiB,EAejB,CAAC,CAAD,EAAI,GAAJ,CAfiB,EAgBjB,CAAC,CAAD,EAAI,EAAJ,CAhBiB,EAiBjB,CAAC,CAAD,EAAI,EAAJ,CAjBiB,EAkBjB,CAAC,CAAD,EAAI,EAAJ,CAlBiB,EAmBjB,CAAC,CAAD,EAAI,EAAJ,CAnBiB,EAoBjB,CAAC,CAAD,EAAI,EAAJ,CApBiB,EAqBjB,CAAC,CAAD,EAAI,GAAJ,CArBiB,EAsBjB,CAAC,CAAD,EAAI,GAAJ,CAtBiB,EAuBjB,CAAC,CAAD,EAAI,EAAJ,CAvBiB,EAwBjB,CAAC,CAAD,EAAI,GAAJ,CAxBiB,CAAjB,CArDK;AA+ET,QAAI,QAAQ,CACR,CAAC,CAAD,EAAI,KAAJ,CADQ,EAER,CAAC,CAAD,EAAI,EAAJ,CAFQ,EAGR,CAAC,CAAD,EAAI,KAAJ,CAHQ,EAIR,CAAC,CAAD,EAAI,EAAJ,CAJQ,EAKR,CAAC,CAAD,EAAI,KAAJ,CALQ,EAMR,CAAC,CAAD,EAAI,EAAJ,CANQ,EAOR,CAAC,CAAD,EAAI,KAAJ,CAPQ,EAQR,CAAC,CAAD,EAAI,EAAJ,CARQ,EASR,CAAC,CAAD,EAAI,KAAJ,CATQ,EAUR,CAAC,CAAD,EAAI,EAAJ,CAVQ,EAWR,CAAC,EAAD,EAAK,KAAL,CAXQ,EAYR,CAAC,EAAD,EAAK,EAAL,CAZQ,EAaR,CAAC,EAAD,EAAK,KAAL,CAbQ,EAcR,CAAC,EAAD,EAAK,EAAL,CAdQ,EAeR,CAAC,EAAD,EAAK,KAAL,CAfQ,EAgBR,CAAC,EAAD,EAAK,EAAL,CAhBQ,EAiBR,CAAC,EAAD,EAAK,KAAL,CAjBQ,EAkBR,CAAC,EAAD,EAAK,EAAL,CAlBQ,EAmBR,CAAC,EAAD,EAAK,KAAL,CAnBQ,EAoBR,CAAC,EAAD,EAAK,EAAL,CApBQ,EAqBR,CAAC,EAAD,EAAK,KAAL,CArBQ,EAsBR,CAAC,EAAD,EAAK,EAAL,CAtBQ,EAuBR,CAAC,EAAD,EAAK,KAAL,CAvBQ,EAwBR,CAAC,EAAD,EAAK,EAAL,CAxBQ,CAAR,CA/EK;AAyGT,QAAI,OAAO,CAAC;AACR,eAAO,eAAP;AACA,cAAM,WAAN;AACA,eAAO;AACH,kBAAM,IAAN;AACA,kBAAM,IAAN;SAFJ;AAIA,gBAAQ;AACJ,kBAAM,IAAN;SADJ;KAPO,EAUR;AACC,eAAO,eAAP;AACA,cAAM,WAAN;AACA,eAAO;AACH,kBAAM,IAAN;SADJ;AAGA,gBAAQ;AACJ,kBAAM,IAAN;SADJ;KAhBO,EAmBR;AACC,eAAO,YAAP;AACA,cAAM,cAAN;AACA,cAAM;AACF,kBAAM,IAAN;SADJ;KAtBO,CAAP,CAzGK;AAmIT,QAAI,UAAU;AACV,eAAO;AACH,mBAAO,KAAP;SADJ;AAGA,gBAAQ;AACJ,wBAAY,CAAZ;SADJ;AAGA,cAAM;AACF,uBAAW,IAAX;AACA,uBAAW,IAAX;AACA,uBAAW,SAAX;AACA,yBAAa,CAAb;AACA,yBAAa,SAAb;SALJ;AAOA,gBAAQ,CAAC,SAAD,EAAY,SAAZ,EAAuB,SAAvB,CAAR;AACA,iBAAS,IAAT;AACA,qBAAa;AACT,0BAAc,KAAd;SADJ;AAGA,gBAAQ;AACJ,iCAAqB,SAArB;AACA,uBAAW,EAAE,oBAAF,CAAX;AACA,uBAAW,CAAX;SAHJ;KAnBA,CAnIK;AA4JT,QAAI,OAAO,EAAE,IAAF,CAAO,EAAE,yCAAF,CAAP,EACH,IADG,EACG,OADH,CAAP,CA5JK;CAAX,CAAF;;AAgKA,EAAE,YAAW;AACT,QAAI,QAAQ,eAAe,CAAf,CAAR,CADK;AAET,QAAI,QAAQ,eAAe,GAAf,CAAR,CAFK;AAGT,QAAI,QAAQ,eAAe,GAAf,CAAR,CAHK;AAIT,QAAI,UAAU,CAAC,KAAD,EAAQ,KAAR,EAAe,KAAf,CAAV,CAJK;AAKT,aAAS,cAAT,CAAwB,KAAxB,EAA+B;AAC3B,YAAI,OAAO,EAAP,CADuB;AAE3B,YAAI,QAAQ,MAAM,KAAN,CAFe;AAG3B,YAAI,MAAM,MAAM,KAAN,CAHiB;AAI3B,aAAK,IAAI,CAAJ,EAAO,KAAK,GAAL,EAAU,GAAtB,EAA2B;AACvB,gBAAI,IAAI,KAAK,KAAL,CAAW,KAAK,MAAL,MAAiB,MAAM,KAAN,GAAc,CAAd,CAAjB,GAAoC,KAApC,CAAf,CADmB;AAEvB,iBAAK,IAAL,CAAU,CAAC,CAAD,EAAI,CAAJ,CAAV,EAFuB;AAGvB,oBAHuB;AAIvB,kBAJuB;SAA3B;AAMA,eAAO,IAAP,CAV2B;KAA/B;AAYA,QAAI,UAAU;AACV,gBAAQ;AACJ,mBAAO,IAAP;AACA,wBAAY,CAAZ;SAFJ;AAIA,cAAM;AACF,uBAAW,IAAX;AACA,uBAAW,IAAX;AACA,uBAAW,SAAX;AACA,yBAAa,CAAb;AACA,yBAAa,SAAb;SALJ;AAOA,gBAAQ,CAAC,SAAD,EAAY,SAAZ,EAAuB,SAAvB,CAAR;AACA,gBAAQ;AACJ,sBAAU,IAAV;AACA,iCAAqB,SAArB;AACA,uBAAW,EAAE,gCAAF,CAAX;AACA,uBAAW,CAAX;SAJJ;KAbA,CAjBK;AAqCT,QAAI,IAAJ,CArCS;AAsCT,aAAS,YAAT,GAAwB;AACpB,YAAI,IAAI,EAAJ,CADgB;AAEpB,UAAE,sCAAF,EAA0C,IAA1C,CAA+C,YAAW;AAC9D,gBAAI,EAAE,IAAF,EAAQ,EAAR,CAAW,UAAX,CAAJ,EAA4B;AAC5B,oBAAI,UAAU,EAAE,IAAF,EAAQ,IAAR,CAAa,IAAb,EAAmB,OAAnB,CAA2B,QAA3B,EAAqC,EAArC,CAAV,CADwB;AAE5B,kBAAE,IAAF,CAAO;AACP,2BAAO,SAAS,OAAT;AACP,0BAAM,QAAQ,UAAU,CAAV,CAAd;iBAFA,EAF4B;aAA5B;SADmD,CAA/C,CAFoB;AAW5B,gBAAQ,MAAR,CAAe,KAAf,GAAuB,EAAvB,CAX4B;AAY5B,gBAAQ,MAAR,CAAe,IAAf,GAAsB,EAAtB,CAZ4B;AAa5B,UAAE,mCAAF,EAAuC,IAAvC,CAA4C,YAAW;AACnD,gBAAI,EAAE,IAAF,EAAQ,EAAR,CAAW,UAAX,CAAJ,EAA4B;AAC5B,oBAAI,EAAE,IAAF,EAAQ,GAAR,MAAiB,MAAjB,EAAyB;AAC7B,4BAAQ,MAAR,CAAe,KAAf,GAAuB;AACvB,8BAAM,IAAN;qBADA,CAD6B;iBAA7B,MAIG;AACH,4BAAQ,MAAR,CAAe,IAAf,GAAsB;AAClB,8BAAM,IAAN;qBADJ,CADG;iBAJH;aADA;SADwC,CAA5C,CAb4B;AA0B5B,UAAE,IAAF,CAAO,EAAE,uCAAF,CAAP,EAAmD,CAAnD,EAAsD,OAAtD,EA1B4B;KAAxB;AA4BA,MAAE,qBAAF,EAAyB,MAAzB,CAAgC,YAAW;AACvC,uBADuC;KAAX,CAAhC,CAlES;AAqET,mBArES;CAAX,CAAF","file":"/client/lib/compatibility/slicklab/js/flot-chart-init.js.map","sourcesContent":["\nvar data7_1 = [\n    [1000000, 53],\n    [2000000, 125],\n    [3000000, 98],\n    [4000000, 283],\n    [5000000, 320],\n    [6000000, 420],\n    [7000000, 236]\n];\nvar data7_2 = [\n    [1000000, 43],\n    [2000000, 150],\n    [3000000, 80],\n    [4000000, 283],\n    [5000000, 98],\n    [6000000, 125],\n    [7000000, 50]\n];\n$(function() {\n    $.plot($(\"#multi-sates #multi-states-container\"), [{\n        data: data7_1,\n        label: \"Page View\",\n        lines: {\n            fill: true\n        }\n    }, {\n        data: data7_2,\n        label: \"Online User\",\n\n        points: {\n            show: true\n        },\n        lines: {\n            show: true\n        },\n        yaxis: 2\n    }\n    ],\n        {\n            series: {\n                lines: {\n                    show: true,\n                    fill: false\n                },\n                points: {\n                    show: true,\n                    lineWidth: 2,\n                    fill: true,\n                    fillColor: \"#ffffff\",\n                    symbol: \"circle\",\n                    radius: 5\n                },\n                shadowSize: 0\n            },\n            grid: {\n                hoverable: true,\n                clickable: true,\n                tickColor: \"#f9f9f9\",\n                borderWidth: 1,\n                borderColor: \"#dddddd\"\n            },\n            colors: [\"#53d192\", \"#ffd200\"],\n            tooltip: true,\n            tooltipOpts: {\n                defaultTheme: false\n            },\n            xaxis: {\n                mode: \"time\"\n\n\n            },\n            yaxes: [{\n                /* First y axis */\n            }, {\n                /* Second y axis */\n                position: \"right\" /* left or right */\n            }]\n        }\n    );\n});\n\n    $(function() {\n        var data1 = [];\n        var totalPoints = 300;\n        function GetData() {\n        data1.shift();\n        while (data1.length < totalPoints) {\n        var prev = data1.length > 0 ? data1[data1.length - 1] : 50;\n        var y = prev + Math.random() * 10 - 5;\n        y = y < 0 ? 0 : (y > 100 ? 100 : y);\n        data1.push(y);\n        }\n    var result = [];\n    for (var i = 0; i < data1.length; ++i) {\n        result.push([i, data1[i]])\n        }\n    return result;\n    }\n    var updateInterval = 100;\n    var plot = $.plot($(\"#real-time #real-time-container\"), [\n            GetData()], {\n            series: {\n                lines: {\n                    show: true,\n                    fill: true\n                },\n                shadowSize: 0\n            },\n            yaxis: {\n                min: 0,\n                max: 100,\n                ticks: 10\n            },\n            xaxis: {\n                show: false\n            },\n            grid: {\n                hoverable: true,\n                clickable: true,\n                tickColor: \"#f9f9f9\",\n                borderWidth: 1,\n                borderColor: \"#eeeeee\"\n            },\n            colors: [\"#d7d7d7\"],\n            tooltip: true,\n            tooltipOpts: {\n                defaultTheme: false\n            }\n        });\n        function update() {\n            plot.setData([GetData()]);\n            plot.draw();\n            setTimeout(update, updateInterval);\n        }\n        update();\n    });\n\n    $(function() {\n        var data = [{\n            label: \"Paid Signup\",\n            data: 60\n        }, {\n            label: \"Free Signup\",\n            data: 30\n        }, {\n            label: \"Guest Signup\",\n            data: 10\n        }];\n        var options = {\n            series: {\n                pie: {\n                    show: true\n                }\n            },\n            legend: {\n                show: false\n            },\n            grid: {\n                hoverable: true,\n                clickable: true\n            },\n            colors: [\"#868BB8\", \"#4EC9B4\", \"#81CDEA\"],\n            tooltip: true,\n            tooltipOpts: {\n                defaultTheme: false\n            }\n        };\n        $.plot($(\"#pie-chart #pie-chart-container\"), data, options);\n    });\n\n    $(function() {\n        var data = [{\n            label: \"Direct Sales\",\n            data: 35\n        }, {\n            label: \"Online Sales\",\n            data: 20\n        }, {\n            label: \"Agent Sales\",\n            data: 10\n        }, {\n            label: \"Post Sales\",\n            data: 15\n        },\n            {\n            label: \"Pre Sales\",\n            data: 20\n        }];\n        var options = {\n            series: {\n                pie: {\n                    show: true,\n                    innerRadius: 0.5,\n                    show: true\n                }\n            },\n            legend: {\n                show: false\n            },\n            grid: {\n                hoverable: true,\n                clickable: true\n            },\n            colors: [\"#4EC9B4\", \"#ffd200\", \"#FF834D\",\"#868BB8\",\"#81CDEA\"],\n            tooltip: true,\n            tooltipOpts: {\n                defaultTheme: false\n            }\n        };\n        $.plot($(\"#donut-chart #donut-chart-container\"), data, options);\n    });\n\n    $(function() {\n        var data24Hours = [\n            [0, 201],\n            [1, 520],\n            [2, 337],\n            [3, 261],\n            [4, 157],\n            [5, 78],\n            [6, 58],\n            [7, 48],\n            [8, 54],\n            [9, 38],\n            [10, 88],\n            [11, 214],\n            [12, 364],\n            [13, 449],\n            [14, 558],\n            [15, 282],\n            [16, 379],\n            [17, 429],\n            [18, 518],\n            [19, 470],\n            [20, 330],\n            [21, 245],\n            [22, 358],\n            [23, 74]\n        ];\n        var data48Hours = [\n            [0, 245],\n            [1, 492],\n            [2, 538],\n            [3, 332],\n            [4, 234],\n            [5, 143],\n            [6, 147],\n            [7, 63],\n            [8, 64],\n            [9, 43],\n            [10, 486],\n            [11, 201],\n            [12, 315],\n            [13, 397],\n            [14, 612],\n            [15, 281],\n            [16, 370],\n            [17, 279],\n            [18, 425],\n            [19, 53],\n            [20, 122],\n            [21, 355],\n            [22, 340],\n            [23, 801]\n        ];\n        var dataDifference = [\n            [23, 727],\n            [22, 128],\n            [21, 110],\n            [20, 92],\n            [19, 172],\n            [18, 63],\n            [17, 150],\n            [16, 592],\n            [15, 12],\n            [14, 246],\n            [13, 52],\n            [12, 149],\n            [11, 123],\n            [10, 2],\n            [9, 325],\n            [8, 10],\n            [7, 15],\n            [6, 89],\n            [5, 65],\n            [4, 77],\n            [3, 271],\n            [2, 401],\n            [1, 72],\n            [0, 156]\n        ];\n        var ticks = [\n            [0, \"22h\"],\n            [1, \"\"],\n            [2, \"00h\"],\n            [3, \"\"],\n            [4, \"02h\"],\n            [5, \"\"],\n            [6, \"04h\"],\n            [7, \"\"],\n            [8, \"06h\"],\n            [9, \"\"],\n            [10, \"08h\"],\n            [11, \"\"],\n            [12, \"10h\"],\n            [13, \"\"],\n            [14, \"12h\"],\n            [15, \"\"],\n            [16, \"14h\"],\n            [17, \"\"],\n            [18, \"16h\"],\n            [19, \"\"],\n            [20, \"18h\"],\n            [21, \"\"],\n            [22, \"20h\"],\n            [23, \"\"]\n        ];\n        var data = [{\n            label: \"Last 24 Hours\",\n            data: data24Hours,\n            lines: {\n                show: true,\n                fill: true\n            },\n            points: {\n                show: true\n            }\n        }, {\n            label: \"Last 48 Hours\",\n            data: data48Hours,\n            lines: {\n                show: true\n            },\n            points: {\n                show: true\n            }\n        }, {\n            label: \"Difference\",\n            data: dataDifference,\n            bars: {\n                show: true\n            }\n        }];\n        var options = {\n            xaxis: {\n                ticks: ticks\n            },\n            series: {\n                shadowSize: 0\n            },\n            grid: {\n                hoverable: true,\n                clickable: true,\n                tickColor: \"#f9f9f9\",\n                borderWidth: 1,\n                borderColor: \"#eeeeee\"\n            },\n            colors: [\"#4EC9B4\", \"#975197\", \"#6bd3f3\"],\n            tooltip: true,\n            tooltipOpts: {\n                defaultTheme: false\n            },\n            legend: {\n                labelBoxBorderColor: \"#000000\",\n                container: $(\"#legendcontainer26\"),\n                noColumns: 0\n            }\n        };\n        var plot = $.plot($(\"#combine-chart #combine-chart-container\"),\n                data, options);\n    });\n\n    $(function() {\n        var data1 = GenerateSeries(0);\n        var data2 = GenerateSeries(100);\n        var data3 = GenerateSeries(200);\n        var dataset = [data1, data2, data3];\n        function GenerateSeries(added) {\n            var data = [];\n            var start = 100 + added;\n            var end = 200 + added;\n            for (i = 1; i <= 100; i++) {\n                var d = Math.floor(Math.random() * (end - start + 1) + start);\n                data.push([i, d]);\n                start++;\n                end++;\n            }\n            return data;\n        }\n        var options = {\n            series: {\n                stack: true,\n                shadowSize: 0\n            },\n            grid: {\n                hoverable: true,\n                clickable: true,\n                tickColor: \"#f9f9f9\",\n                borderWidth: 1,\n                borderColor: \"#eeeeee\"\n            },\n            colors: [\"#adadad\", \"#efefef\", \"#dcdcdc\"],\n            legend: {\n                position: 'nw',\n                labelBoxBorderColor: \"#000000\",\n                container: $(\"#bar-chart #legend-placeholder\"),\n                noColumns: 0\n            }\n        };\n        var plot;\n        function ToggleSeries() {\n            var d = [];\n            $(\"#toggle-chart input[type='checkbox']\").each(function() {\n        if ($(this).is(\":checked\")) {\n        var seqence = $(this).attr(\"id\").replace(\"cbdata\", \"\");\n        d.push({\n        label: \"data\" + seqence,\n        data: dataset[seqence - 1]\n        });\n    }\n    });\n    options.series.lines = {};\n    options.series.bars = {};\n    $(\"#toggle-chart input[type='radio']\").each(function() {\n        if ($(this).is(\":checked\")) {\n        if ($(this).val() == \"line\") {\n        options.series.lines = {\n        fill: true\n        };\n    } else {\n        options.series.bars = {\n            show: true\n        };\n    }\n    }\n    });\n    $.plot($(\"#toggle-chart #toggle-chart-container\"), d, options);\n        }\n        $(\"#toggle-chart input\").change(function() {\n            ToggleSeries();\n        });\n        ToggleSeries();\n    });\n"]},"hash":"d4d114cc9766f8b45f709b27e9504fbe6e7db2ce"}
