{"metadata":{"usedHelpers":["typeof","interopRequireDefault"],"marked":[],"modules":{"imports":[],"exports":{"exported":[],"specifiers":[]}}},"options":{"filename":"/client/lib/compatibility/papaparse.min.js","filenameRelative":"/client/lib/compatibility/papaparse.min.js","env":{},"retainLines":false,"highlightCode":true,"suppressDeprecationMessages":false,"presets":[],"plugins":[[[],null],[[],null],[[],null],[[],null],[[],null],[[],null],[[],null],[[],{"polyfill":false}],[[],null],[[],null],[[],null],[[],null],[[],null],[[],null],[[],null],[[],null],[[],{"loose":true}],[[],{"loose":true}],[[],null],[[],{"loose":true}],[[],null],[[],null],[[],{"allowTopLevelThis":true,"strict":false,"loose":true}],[[],null],[[],null],[[],null],[[],null],[[],null],[[],{"loose":true}],[[],null],[[],null],[[],null],[[],null],[[],null],[[],null],[[],null],[[],null]],"ignore":[],"code":true,"metadata":true,"ast":false,"comments":true,"compact":false,"minified":false,"sourceMap":true,"sourceMaps":true,"sourceMapTarget":"/client/lib/compatibility/papaparse.min.js.map","sourceFileName":"/client/lib/compatibility/papaparse.min.js","babelrc":false,"sourceType":"module","moduleIds":false,"passPerPreset":false,"basename":"papaparse.min"},"ignored":false,"code":"var _typeof2 = require(\"babel-runtime/helpers/typeof\");\n\nvar _typeof3 = _interopRequireDefault(_typeof2);\n\nfunction _interopRequireDefault(obj) { return obj && obj.__esModule ? obj : { \"default\": obj }; }\n\n/*!\n\tPapa Parse\n\tv4.1.0\n\thttps://github.com/mholt/PapaParse\n*/\n!function (e) {\n\t\"use strict\";\n\tfunction u(t, n) {\n\t\tn = n || {};if (n.worker && Papa.WORKERS_SUPPORTED) {\n\t\t\tvar r = m();r.userStep = n.step;r.userChunk = n.chunk;r.userComplete = n.complete;r.userError = n.error;n.step = x(n.step);n.chunk = x(n.chunk);n.complete = x(n.complete);n.error = x(n.error);delete n.worker;r.postMessage({ input: t, config: n, workerId: r.id });return;\n\t\t}var i = null;if (typeof t === \"string\") {\n\t\t\tif (n.download) i = new l(n);else i = new h(n);\n\t\t} else if (e.File && t instanceof File || t instanceof Object) i = new c(n);return i.stream(t);\n\t}function a(t, n) {\n\t\tfunction a() {\n\t\t\tif ((typeof n === \"undefined\" ? \"undefined\" : (0, _typeof3[\"default\"])(n)) !== \"object\") return;if (typeof n.delimiter === \"string\" && n.delimiter.length == 1 && e.Papa.BAD_DELIMITERS.indexOf(n.delimiter) == -1) {\n\t\t\t\to = n.delimiter;\n\t\t\t}if (typeof n.quotes === \"boolean\" || n.quotes instanceof Array) s = n.quotes;if (typeof n.newline === \"string\") u = n.newline;\n\t\t}function f(e) {\n\t\t\tif ((typeof e === \"undefined\" ? \"undefined\" : (0, _typeof3[\"default\"])(e)) !== \"object\") return [];var t = [];for (var n in meteorBabelHelpers.sanitizeForInObject(e)) {\n\t\t\t\tt.push(n);\n\t\t\t}return t;\n\t\t}function l(e, t) {\n\t\t\tvar n = \"\";if (typeof e === \"string\") e = JSON.parse(e);if (typeof t === \"string\") t = JSON.parse(t);var r = e instanceof Array && e.length > 0;var i = !(t[0] instanceof Array);if (r) {\n\t\t\t\tfor (var s = 0; s < e.length; s++) {\n\t\t\t\t\tif (s > 0) n += o;n += c(e[s], s);\n\t\t\t\t}if (t.length > 0) n += u;\n\t\t\t}for (var a = 0; a < t.length; a++) {\n\t\t\t\tvar f = r ? e.length : t[a].length;for (var l = 0; l < f; l++) {\n\t\t\t\t\tif (l > 0) n += o;var h = r && i ? e[l] : l;n += c(t[a][h], l);\n\t\t\t\t}if (a < t.length - 1) n += u;\n\t\t\t}return n;\n\t\t}function c(t, n) {\n\t\t\tif (typeof t === \"undefined\" || t === null) return \"\";t = t.toString().replace(/\"/g, '\"\"');var r = typeof s === \"boolean\" && s || s instanceof Array && s[n] || h(t, e.Papa.BAD_DELIMITERS) || t.indexOf(o) > -1 || t.charAt(0) == \" \" || t.charAt(t.length - 1) == \" \";return r ? '\"' + t + '\"' : t;\n\t\t}function h(e, t) {\n\t\t\tfor (var n = 0; n < t.length; n++) {\n\t\t\t\tif (e.indexOf(t[n]) > -1) return true;\n\t\t\t}return false;\n\t\t}var r = \"\";var i = [];var s = false;var o = \",\";var u = \"\\r\\n\";a();if (typeof t === \"string\") t = JSON.parse(t);if (t instanceof Array) {\n\t\t\tif (!t.length || t[0] instanceof Array) return l(null, t);else if ((0, _typeof3[\"default\"])(t[0]) === \"object\") return l(f(t[0]), t);\n\t\t} else if ((typeof t === \"undefined\" ? \"undefined\" : (0, _typeof3[\"default\"])(t)) === \"object\") {\n\t\t\tif (typeof t.data === \"string\") t.data = JSON.parse(t.data);if (t.data instanceof Array) {\n\t\t\t\tif (!t.fields) t.fields = t.data[0] instanceof Array ? t.fields : f(t.data[0]);if (!(t.data[0] instanceof Array) && (0, _typeof3[\"default\"])(t.data[0]) !== \"object\") t.data = [t.data];\n\t\t\t}return l(t.fields || [], t.data || []);\n\t\t}throw \"exception: Unable to serialize unrecognized input\";\n\t}function f(n) {\n\t\tfunction r(e) {\n\t\t\tvar t = E(e);t.chunkSize = parseInt(t.chunkSize);this._handle = new p(t);this._handle.streamer = this;this._config = t;\n\t\t}this._handle = null;this._paused = false;this._finished = false;this._input = null;this._baseIndex = 0;this._partialLine = \"\";this._rowCount = 0;this._start = 0;this._nextChunk = null;r.call(this, n);this.parseChunk = function (n) {\n\t\t\tvar r = this._partialLine + n;this._partialLine = \"\";var i = this._handle.parse(r, this._baseIndex, !this._finished);if (this._handle.paused()) return;var s = i.meta.cursor;if (!this._finished) {\n\t\t\t\tthis._partialLine = r.substring(s - this._baseIndex);this._baseIndex = s;\n\t\t\t}if (i && i.data) this._rowCount += i.data.length;var o = this._finished || this._config.preview && this._rowCount >= this._config.preview;if (t) {\n\t\t\t\te.postMessage({ results: i, workerId: Papa.WORKER_ID, finished: o });\n\t\t\t} else if (x(this._config.chunk)) {\n\t\t\t\tthis._config.chunk(i, this._handle);if (this._paused) return;i = undefined;\n\t\t\t}if (o && x(this._config.complete) && (!i || !i.meta.aborted)) this._config.complete(i);if (!o && (!i || !i.meta.paused)) this._nextChunk();return i;\n\t\t};this._sendError = function (n) {\n\t\t\tif (x(this._config.error)) this._config.error(n);else if (t && this._config.error) {\n\t\t\t\te.postMessage({ workerId: Papa.WORKER_ID, error: n, finished: false });\n\t\t\t}\n\t\t};\n\t}function l(e) {\n\t\tfunction r(e) {\n\t\t\tvar t = e.getResponseHeader(\"Content-Range\");return parseInt(t.substr(t.lastIndexOf(\"/\") + 1));\n\t\t}e = e || {};if (!e.chunkSize) e.chunkSize = Papa.RemoteChunkSize;f.call(this, e);var n;if (t) {\n\t\t\tthis._nextChunk = function () {\n\t\t\t\tthis._readChunk();this._chunkLoaded();\n\t\t\t};\n\t\t} else {\n\t\t\tthis._nextChunk = function () {\n\t\t\t\tthis._readChunk();\n\t\t\t};\n\t\t}this.stream = function (e) {\n\t\t\tthis._input = e;this._nextChunk();\n\t\t};this._readChunk = function () {\n\t\t\tif (this._finished) {\n\t\t\t\tthis._chunkLoaded();return;\n\t\t\t}n = new XMLHttpRequest();if (!t) {\n\t\t\t\tn.onload = S(this._chunkLoaded, this);n.onerror = S(this._chunkError, this);\n\t\t\t}n.open(\"GET\", this._input, !t);if (this._config.step || this._config.chunk) {\n\t\t\t\tvar e = this._start + this._config.chunkSize - 1;n.setRequestHeader(\"Range\", \"bytes=\" + this._start + \"-\" + e);n.setRequestHeader(\"If-None-Match\", \"webkit-no-cache\");\n\t\t\t}try {\n\t\t\t\tn.send();\n\t\t\t} catch (r) {\n\t\t\t\tthis._chunkError(r.message);\n\t\t\t}if (t && n.status == 0) this._chunkError();else this._start += this._config.chunkSize;\n\t\t};this._chunkLoaded = function () {\n\t\t\tif (n.readyState != 4) return;if (n.status < 200 || n.status >= 400) {\n\t\t\t\tthis._chunkError();return;\n\t\t\t}this._finished = !this._config.step && !this._config.chunk || this._start > r(n);this.parseChunk(n.responseText);\n\t\t};this._chunkError = function (e) {\n\t\t\tvar t = n.statusText || e;this._sendError(t);\n\t\t};\n\t}function c(e) {\n\t\te = e || {};if (!e.chunkSize) e.chunkSize = Papa.LocalChunkSize;f.call(this, e);var t, n;var r = typeof FileReader !== \"undefined\";this.stream = function (e) {\n\t\t\tthis._input = e;n = e.slice || e.webkitSlice || e.mozSlice;if (r) {\n\t\t\t\tt = new FileReader();t.onload = S(this._chunkLoaded, this);t.onerror = S(this._chunkError, this);\n\t\t\t} else t = new FileReaderSync();this._nextChunk();\n\t\t};this._nextChunk = function () {\n\t\t\tif (!this._finished && (!this._config.preview || this._rowCount < this._config.preview)) this._readChunk();\n\t\t};this._readChunk = function () {\n\t\t\tvar e = Math.min(this._start + this._config.chunkSize, this._input.size);var i = t.readAsText(n.call(this._input, this._start, e), this._config.encoding);if (!r) this._chunkLoaded({ target: { result: i } });\n\t\t};this._chunkLoaded = function (e) {\n\t\t\tthis._start += this._config.chunkSize;this._finished = this._start >= this._input.size;this.parseChunk(e.target.result);\n\t\t};this._chunkError = function () {\n\t\t\tthis._sendError(t.error);\n\t\t};\n\t}function h(e) {\n\t\te = e || {};f.call(this, e);var t;var n;this.stream = function (e) {\n\t\t\tt = e;n = e;return this._nextChunk();\n\t\t};this._nextChunk = function () {\n\t\t\tif (this._finished) return;var e = this._config.chunkSize;var t = e ? n.substr(0, e) : n;n = e ? n.substr(e) : \"\";this._finished = !n;return this.parseChunk(t);\n\t\t};\n\t}function p(e) {\n\t\tfunction c() {\n\t\t\tif (f && u) {\n\t\t\t\tb(\"Delimiter\", \"UndetectableDelimiter\", \"Unable to auto-detect delimiting character; defaulted to '\" + Papa.DefaultDelimiter + \"'\");u = false;\n\t\t\t}if (e.skipEmptyLines) {\n\t\t\t\tfor (var t = 0; t < f.data.length; t++) {\n\t\t\t\t\tif (f.data[t].length == 1 && f.data[t][0] == \"\") f.data.splice(t--, 1);\n\t\t\t\t}\n\t\t\t}if (h()) p();return v();\n\t\t}function h() {\n\t\t\treturn e.header && a.length == 0;\n\t\t}function p() {\n\t\t\tif (!f) return;for (var e = 0; h() && e < f.data.length; e++) {\n\t\t\t\tfor (var t = 0; t < f.data[e].length; t++) {\n\t\t\t\t\ta.push(f.data[e][t]);\n\t\t\t\t}\n\t\t\t}f.data.splice(0, 1);\n\t\t}function v() {\n\t\t\tif (!f || !e.header && !e.dynamicTyping) return f;for (var t = 0; t < f.data.length; t++) {\n\t\t\t\tvar n = {};for (var r = 0; r < f.data[t].length; r++) {\n\t\t\t\t\tif (e.dynamicTyping) {\n\t\t\t\t\t\tvar i = f.data[t][r];if (i == \"true\") f.data[t][r] = true;else if (i == \"false\") f.data[t][r] = false;else f.data[t][r] = y(i);\n\t\t\t\t\t}if (e.header) {\n\t\t\t\t\t\tif (r >= a.length) {\n\t\t\t\t\t\t\tif (!n[\"__parsed_extra\"]) n[\"__parsed_extra\"] = [];n[\"__parsed_extra\"].push(f.data[t][r]);\n\t\t\t\t\t\t} else n[a[r]] = f.data[t][r];\n\t\t\t\t\t}\n\t\t\t\t}if (e.header) {\n\t\t\t\t\tf.data[t] = n;if (r > a.length) b(\"FieldMismatch\", \"TooManyFields\", \"Too many fields: expected \" + a.length + \" fields but parsed \" + r, t);else if (r < a.length) b(\"FieldMismatch\", \"TooFewFields\", \"Too few fields: expected \" + a.length + \" fields but parsed \" + r, t);\n\t\t\t\t}\n\t\t\t}if (e.header && f.meta) f.meta.fields = a;return f;\n\t\t}function m(t) {\n\t\t\tvar n = [\",\", \"\t\", \"|\", \";\", Papa.RECORD_SEP, Papa.UNIT_SEP];var r, i, s;for (var o = 0; o < n.length; o++) {\n\t\t\t\tvar u = n[o];var a = 0,\n\t\t\t\t    f = 0;s = undefined;var l = new d({ delimiter: u, preview: 10 }).parse(t);for (var c = 0; c < l.data.length; c++) {\n\t\t\t\t\tvar h = l.data[c].length;f += h;if (typeof s === \"undefined\") {\n\t\t\t\t\t\ts = h;continue;\n\t\t\t\t\t} else if (h > 1) {\n\t\t\t\t\t\ta += Math.abs(h - s);s = h;\n\t\t\t\t\t}\n\t\t\t\t}f /= l.data.length;if ((typeof i === \"undefined\" || a < i) && f > 1.99) {\n\t\t\t\t\ti = a;r = u;\n\t\t\t\t}\n\t\t\t}e.delimiter = r;return { successful: !!r, bestDelimiter: r };\n\t\t}function g(e) {\n\t\t\te = e.substr(0, 1024 * 1024);var t = e.split(\"\\r\");if (t.length == 1) return \"\\n\";var n = 0;for (var r = 0; r < t.length; r++) {\n\t\t\t\tif (t[r][0] == \"\\n\") n++;\n\t\t\t}return n >= t.length / 2 ? \"\\r\\n\" : \"\\r\";\n\t\t}function y(e) {\n\t\t\tvar n = t.test(e);return n ? parseFloat(e) : e;\n\t\t}function b(e, t, n, r) {\n\t\t\tf.errors.push({ type: e, code: t, message: n, row: r });\n\t\t}var t = /^\\s*-?(\\d*\\.?\\d+|\\d+\\.?\\d*)(e[-+]?\\d+)?\\s*$/i;var n = this;var r = 0;var i;var s;var o = false;var u;var a = [];var f = { data: [], errors: [], meta: {} };if (x(e.step)) {\n\t\t\tvar l = e.step;e.step = function (t) {\n\t\t\t\tf = t;if (h()) c();else {\n\t\t\t\t\tc();if (f.data.length == 0) return;r += t.data.length;if (e.preview && r > e.preview) s.abort();else l(f, n);\n\t\t\t\t}\n\t\t\t};\n\t\t}this.parse = function (t, n, r) {\n\t\t\tif (!e.newline) e.newline = g(t);u = false;if (!e.delimiter) {\n\t\t\t\tvar a = m(t);if (a.successful) e.delimiter = a.bestDelimiter;else {\n\t\t\t\t\tu = true;e.delimiter = Papa.DefaultDelimiter;\n\t\t\t\t}f.meta.delimiter = e.delimiter;\n\t\t\t}var l = E(e);if (e.preview && e.header) l.preview++;i = t;s = new d(l);f = s.parse(i, n, r);c();return o ? { meta: { paused: true } } : f || { meta: { paused: false } };\n\t\t};this.paused = function () {\n\t\t\treturn o;\n\t\t};this.pause = function () {\n\t\t\to = true;s.abort();i = i.substr(s.getCharIndex());\n\t\t};this.resume = function () {\n\t\t\to = false;n.streamer.parseChunk(i);\n\t\t};this.abort = function () {\n\t\t\ts.abort();if (x(e.complete)) e.complete(f);i = \"\";\n\t\t};\n\t}function d(e) {\n\t\te = e || {};var t = e.delimiter;var n = e.newline;var r = e.comments;var i = e.step;var s = e.preview;var o = e.fastMode;if (typeof t !== \"string\" || t.length != 1 || Papa.BAD_DELIMITERS.indexOf(t) > -1) t = \",\";if (r === t) throw \"Comment character same as delimiter\";else if (r === true) r = \"#\";else if (typeof r !== \"string\" || Papa.BAD_DELIMITERS.indexOf(r) > -1) r = false;if (n != \"\\n\" && n != \"\\r\" && n != \"\\r\\n\") n = \"\\n\";var u = 0;var a = false;this.parse = function (e, f, l) {\n\t\t\tfunction C(e) {\n\t\t\t\tm.push(e);b = u;\n\t\t\t}function k(t) {\n\t\t\t\tif (l) return A();if (!t) t = e.substr(u);y.push(t);u = c;C(y);if (v) O();return A();\n\t\t\t}function L(t) {\n\t\t\t\tu = t;C(y);y = [];x = e.indexOf(n, u);\n\t\t\t}function A(e) {\n\t\t\t\treturn { data: m, errors: g, meta: { delimiter: t, linebreak: n, aborted: a, truncated: !!e, cursor: b + (f || 0) } };\n\t\t\t}function O() {\n\t\t\t\ti(A());m = [], g = [];\n\t\t\t}if (typeof e !== \"string\") throw \"Input must be a string\";var c = e.length,\n\t\t\t    h = t.length,\n\t\t\t    p = n.length,\n\t\t\t    d = r.length;var v = typeof i === \"function\";u = 0;var m = [],\n\t\t\t    g = [],\n\t\t\t    y = [],\n\t\t\t    b = 0;if (!e) return A();if (o || o !== false && e.indexOf('\"') === -1) {\n\t\t\t\tvar w = e.split(n);for (var E = 0; E < w.length; E++) {\n\t\t\t\t\tvar y = w[E];u += y.length;if (E !== w.length - 1) u += n.length;else if (l) return A();if (r && y.substr(0, d) == r) continue;if (v) {\n\t\t\t\t\t\tm = [];C(y.split(t));O();if (a) return A();\n\t\t\t\t\t} else C(y.split(t));if (s && E >= s) {\n\t\t\t\t\t\tm = m.slice(0, s);return A(true);\n\t\t\t\t\t}\n\t\t\t\t}return A();\n\t\t\t}var S = e.indexOf(t, u);var x = e.indexOf(n, u);for (;;) {\n\t\t\t\tif (e[u] == '\"') {\n\t\t\t\t\tvar T = u;u++;for (;;) {\n\t\t\t\t\t\tvar T = e.indexOf('\"', T + 1);if (T === -1) {\n\t\t\t\t\t\t\tif (!l) {\n\t\t\t\t\t\t\t\tg.push({ type: \"Quotes\", code: \"MissingQuotes\", message: \"Quoted field unterminated\", row: m.length, index: u });\n\t\t\t\t\t\t\t}return k();\n\t\t\t\t\t\t}if (T === c - 1) {\n\t\t\t\t\t\t\tvar N = e.substring(u, T).replace(/\"\"/g, '\"');return k(N);\n\t\t\t\t\t\t}if (e[T + 1] == '\"') {\n\t\t\t\t\t\t\tT++;continue;\n\t\t\t\t\t\t}if (e[T + 1] == t) {\n\t\t\t\t\t\t\ty.push(e.substring(u, T).replace(/\"\"/g, '\"'));u = T + 1 + h;S = e.indexOf(t, u);x = e.indexOf(n, u);break;\n\t\t\t\t\t\t}if (e.substr(T + 1, p) === n) {\n\t\t\t\t\t\t\ty.push(e.substring(u, T).replace(/\"\"/g, '\"'));L(T + 1 + p);S = e.indexOf(t, u);if (v) {\n\t\t\t\t\t\t\t\tO();if (a) return A();\n\t\t\t\t\t\t\t}if (s && m.length >= s) return A(true);break;\n\t\t\t\t\t\t}\n\t\t\t\t\t}continue;\n\t\t\t\t}if (r && y.length === 0 && e.substr(u, d) === r) {\n\t\t\t\t\tif (x == -1) return A();u = x + p;x = e.indexOf(n, u);S = e.indexOf(t, u);continue;\n\t\t\t\t}if (S !== -1 && (S < x || x === -1)) {\n\t\t\t\t\ty.push(e.substring(u, S));u = S + h;S = e.indexOf(t, u);continue;\n\t\t\t\t}if (x !== -1) {\n\t\t\t\t\ty.push(e.substring(u, x));L(x + p);if (v) {\n\t\t\t\t\t\tO();if (a) return A();\n\t\t\t\t\t}if (s && m.length >= s) return A(true);continue;\n\t\t\t\t}break;\n\t\t\t}return k();\n\t\t};this.abort = function () {\n\t\t\ta = true;\n\t\t};this.getCharIndex = function () {\n\t\t\treturn u;\n\t\t};\n\t}function v() {\n\t\tvar e = document.getElementsByTagName(\"script\");return e.length ? e[e.length - 1].src : \"\";\n\t}function m() {\n\t\tif (!Papa.WORKERS_SUPPORTED) return false;if (!n && Papa.SCRIPT_PATH === null) throw new Error(\"Script path cannot be determined automatically when Papa Parse is loaded asynchronously. \" + \"You need to set Papa.SCRIPT_PATH manually.\");var t = new e.Worker(Papa.SCRIPT_PATH || r);t.onmessage = g;t.id = s++;i[t.id] = t;return t;\n\t}function g(e) {\n\t\tvar t = e.data;var n = i[t.workerId];var r = false;if (t.error) n.userError(t.error, t.file);else if (t.results && t.results.data) {\n\t\t\tvar s = function s() {\n\t\t\t\tr = true;y(t.workerId, { data: [], errors: [], meta: { aborted: true } });\n\t\t\t};var o = { abort: s, pause: b, resume: b };if (x(n.userStep)) {\n\t\t\t\tfor (var u = 0; u < t.results.data.length; u++) {\n\t\t\t\t\tn.userStep({ data: [t.results.data[u]], errors: t.results.errors, meta: t.results.meta }, o);if (r) break;\n\t\t\t\t}delete t.results;\n\t\t\t} else if (x(n.userChunk)) {\n\t\t\t\tn.userChunk(t.results, o, t.file);delete t.results;\n\t\t\t}\n\t\t}if (t.finished && !r) y(t.workerId, t.results);\n\t}function y(e, t) {\n\t\tvar n = i[e];if (x(n.userComplete)) n.userComplete(t);n.terminate();delete i[e];\n\t}function b() {\n\t\tthrow \"Not implemented.\";\n\t}function w(t) {\n\t\tvar n = t.data;if (typeof Papa.WORKER_ID === \"undefined\" && n) Papa.WORKER_ID = n.workerId;if (typeof n.input === \"string\") {\n\t\t\te.postMessage({ workerId: Papa.WORKER_ID, results: Papa.parse(n.input, n.config), finished: true });\n\t\t} else if (e.File && n.input instanceof File || n.input instanceof Object) {\n\t\t\tvar r = Papa.parse(n.input, n.config);if (r) e.postMessage({ workerId: Papa.WORKER_ID, results: r, finished: true });\n\t\t}\n\t}function E(e) {\n\t\tif ((typeof e === \"undefined\" ? \"undefined\" : (0, _typeof3[\"default\"])(e)) !== \"object\") return e;var t = e instanceof Array ? [] : {};for (var n in meteorBabelHelpers.sanitizeForInObject(e)) {\n\t\t\tt[n] = E(e[n]);\n\t\t}return t;\n\t}function S(e, t) {\n\t\treturn function () {\n\t\t\te.apply(t, arguments);\n\t\t};\n\t}function x(e) {\n\t\treturn typeof e === \"function\";\n\t}var t = !e.document,\n\t    n = false,\n\t    r;var i = {},\n\t    s = 0;e.Papa = {};e.Papa.parse = u;e.Papa.unparse = a;e.Papa.RECORD_SEP = String.fromCharCode(30);e.Papa.UNIT_SEP = String.fromCharCode(31);e.Papa.BYTE_ORDER_MARK = \"﻿\";e.Papa.BAD_DELIMITERS = [\"\\r\", \"\\n\", '\"', e.Papa.BYTE_ORDER_MARK];e.Papa.WORKERS_SUPPORTED = !!e.Worker;e.Papa.SCRIPT_PATH = null;e.Papa.LocalChunkSize = 1024 * 1024 * 10;e.Papa.RemoteChunkSize = 1024 * 1024 * 5;e.Papa.DefaultDelimiter = \",\";e.Papa.Parser = d;e.Papa.ParserHandle = p;e.Papa.NetworkStreamer = l;e.Papa.FileStreamer = c;e.Papa.StringStreamer = h;if (e.jQuery) {\n\t\tvar o = e.jQuery;o.fn.parse = function (t) {\n\t\t\tfunction i() {\n\t\t\t\tif (r.length == 0) {\n\t\t\t\t\tif (x(t.complete)) t.complete();return;\n\t\t\t\t}var e = r[0];if (x(t.before)) {\n\t\t\t\t\tvar n = t.before(e.file, e.inputElem);if ((typeof n === \"undefined\" ? \"undefined\" : (0, _typeof3[\"default\"])(n)) === \"object\") {\n\t\t\t\t\t\tif (n.action == \"abort\") {\n\t\t\t\t\t\t\ts(\"AbortError\", e.file, e.inputElem, n.reason);return;\n\t\t\t\t\t\t} else if (n.action == \"skip\") {\n\t\t\t\t\t\t\tu();return;\n\t\t\t\t\t\t} else if ((0, _typeof3[\"default\"])(n.config) === \"object\") e.instanceConfig = o.extend(e.instanceConfig, n.config);\n\t\t\t\t\t} else if (n == \"skip\") {\n\t\t\t\t\t\tu();return;\n\t\t\t\t\t}\n\t\t\t\t}var i = e.instanceConfig.complete;e.instanceConfig.complete = function (t) {\n\t\t\t\t\tif (x(i)) i(t, e.file, e.inputElem);u();\n\t\t\t\t};Papa.parse(e.file, e.instanceConfig);\n\t\t\t}function s(e, n, r, i) {\n\t\t\t\tif (x(t.error)) t.error({ name: e }, n, r, i);\n\t\t\t}function u() {\n\t\t\t\tr.splice(0, 1);i();\n\t\t\t}var n = t.config || {};var r = [];this.each(function (t) {\n\t\t\t\tvar i = o(this).prop(\"tagName\").toUpperCase() == \"INPUT\" && o(this).attr(\"type\").toLowerCase() == \"file\" && e.FileReader;if (!i || !this.files || this.files.length == 0) return true;for (var s = 0; s < this.files.length; s++) {\n\t\t\t\t\tr.push({ file: this.files[s], inputElem: this, instanceConfig: o.extend({}, n) });\n\t\t\t\t}\n\t\t\t});i();return this;\n\t\t};\n\t}if (t) {\n\t\te.onmessage = w;\n\t} else if (Papa.WORKERS_SUPPORTED) {\n\t\tr = v();if (!document.body) {\n\t\t\tn = true;\n\t\t} else {\n\t\t\tdocument.addEventListener(\"DOMContentLoaded\", function () {\n\t\t\t\tn = true;\n\t\t\t}, true);\n\t\t}\n\t}l.prototype = Object.create(f.prototype);l.prototype.constructor = l;c.prototype = Object.create(f.prototype);c.prototype.constructor = c;h.prototype = Object.create(h.prototype);h.prototype.constructor = h;\n}(this);","ast":null,"map":{"version":3,"sources":["/client/lib/compatibility/papaparse.min.js"],"names":[],"mappings":";;;;;;;;;;;AAKA,CAAC,UAAU,CAAT,EAAW;AAAC,cAAD;AAAc,UAAS,CAAT,CAAW,CAAX,EAAa,CAAb,EAAe;AAAC,MAAE,KAAG,EAAH,CAAH,IAAY,EAAE,MAAF,IAAU,KAAK,iBAAL,EAAuB;AAAC,OAAI,IAAE,GAAF,CAAL,CAAW,CAAE,QAAF,GAAW,EAAE,IAAF,CAAtB,CAA6B,CAAE,SAAF,GAAY,EAAE,KAAF,CAAzC,CAAiD,CAAE,YAAF,GAAe,EAAE,QAAF,CAAhE,CAA2E,CAAE,SAAF,GAAY,EAAE,KAAF,CAAvF,CAA+F,CAAE,IAAF,GAAO,EAAE,EAAE,IAAF,CAAT,CAA/F,CAAgH,CAAE,KAAF,GAAQ,EAAE,EAAE,KAAF,CAAV,CAAhH,CAAmI,CAAE,QAAF,GAAW,EAAE,EAAE,QAAF,CAAb,CAAnI,CAA4J,CAAE,KAAF,GAAQ,EAAE,EAAE,KAAF,CAAV,CAA5J,OAAsL,EAAE,MAAF,CAAtL,CAA+L,CAAE,WAAF,CAAc,EAAC,OAAM,CAAN,EAAQ,QAAO,CAAP,EAAS,UAAS,EAAE,EAAF,EAAzC,EAA/L;GAApC,IAA8R,IAAE,IAAF,CAAvS,IAAiT,OAAO,CAAP,KAAW,QAAX,EAAoB;AAAC,OAAG,EAAE,QAAF,EAAW,IAAE,IAAI,CAAJ,CAAM,CAAN,CAAF,CAAd,KAA8B,IAAE,IAAI,CAAJ,CAAM,CAAN,CAAF,CAA9B;GAAxB,MAAsE,IAAG,EAAE,IAAF,IAAQ,aAAa,IAAb,IAAmB,aAAa,MAAb,EAAoB,IAAE,IAAI,CAAJ,CAAM,CAAN,CAAF,CAAlD,OAAoE,EAAE,MAAF,CAAS,CAAT,CAAP,CAAjb;EAAf,SAA4d,CAAT,CAAW,CAAX,EAAa,CAAb,EAAe;AAAC,WAAS,CAAT,GAAY;AAAC,OAAG,QAAO,8DAAP,KAAW,QAAX,EAAoB,OAAvB,IAAiC,OAAO,EAAE,SAAF,KAAc,QAArB,IAA+B,EAAE,SAAF,CAAY,MAAZ,IAAoB,CAApB,IAAuB,EAAE,IAAF,CAAO,cAAP,CAAsB,OAAtB,CAA8B,EAAE,SAAF,CAA9B,IAA4C,CAAC,CAAD,EAAG;AAAC,QAAE,EAAE,SAAF,CAAH;IAAxG,IAA0H,OAAO,EAAE,MAAF,KAAW,SAAlB,IAA6B,EAAE,MAAF,YAAoB,KAApB,EAA0B,IAAE,EAAE,MAAF,CAA5D,IAAwE,OAAO,EAAE,OAAF,KAAY,QAAnB,EAA4B,IAAE,EAAE,OAAF,CAAjC;GAAvO,SAA2R,CAAT,CAAW,CAAX,EAAa;AAAC,OAAG,QAAO,8DAAP,KAAW,QAAX,EAAoB,OAAM,EAAN,CAAvB,IAAoC,IAAE,EAAF,CAArC,KAA8C,IAAI,CAAJ,2CAAS,EAAb;AAAe,MAAE,IAAF,CAAO,CAAP;IAAf,OAAgC,CAAP,CAAnE;GAAb,SAAkG,CAAT,CAAW,CAAX,EAAa,CAAb,EAAe;AAAC,OAAI,IAAE,EAAF,CAAL,IAAa,OAAO,CAAP,KAAW,QAAX,EAAoB,IAAE,KAAK,KAAL,CAAW,CAAX,CAAF,CAAvB,IAA0C,OAAO,CAAP,KAAW,QAAX,EAAoB,IAAE,KAAK,KAAL,CAAW,CAAX,CAAF,CAAvB,IAA2C,IAAE,aAAa,KAAb,IAAoB,EAAE,MAAF,GAAS,CAAT,CAAlH,IAAiI,IAAE,EAAE,EAAE,CAAF,aAAe,KAAf,CAAF,CAAnI,IAA8J,CAAH,EAAK;AAAC,SAAI,IAAI,IAAE,CAAF,EAAI,IAAE,EAAE,MAAF,EAAS,GAAvB,EAA2B;AAAC,SAAG,IAAE,CAAF,EAAI,KAAG,CAAH,CAAP,CAAY,IAAG,EAAE,EAAE,CAAF,CAAF,EAAO,CAAP,CAAH,CAAb;KAA3B,IAAwD,EAAE,MAAF,GAAS,CAAT,EAAW,KAAG,CAAH,CAAd;IAA3D,KAAkF,IAAI,IAAE,CAAF,EAAI,IAAE,EAAE,MAAF,EAAS,GAAvB,EAA2B;AAAC,QAAI,IAAE,IAAE,EAAE,MAAF,GAAS,EAAE,CAAF,EAAK,MAAL,CAAlB,KAAkC,IAAI,IAAE,CAAF,EAAI,IAAE,CAAF,EAAI,GAAhB,EAAoB;AAAC,SAAG,IAAE,CAAF,EAAI,KAAG,CAAH,CAAP,IAAgB,IAAE,KAAG,CAAH,GAAK,EAAE,CAAF,CAAL,GAAU,CAAV,CAAnB,CAA+B,IAAG,EAAE,EAAE,CAAF,EAAK,CAAL,CAAF,EAAU,CAAV,CAAH,CAA/B;KAApB,IAAsE,IAAE,EAAE,MAAF,GAAS,CAAT,EAAW,KAAG,CAAH,CAAhB;IAA5H,OAAwJ,CAAP,CAA1X;GAAf,SAA2Z,CAAT,CAAW,CAAX,EAAa,CAAb,EAAe;AAAC,OAAG,OAAO,CAAP,KAAW,WAAX,IAAwB,MAAI,IAAJ,EAAS,OAAM,EAAN,CAApC,CAA6C,GAAE,EAAE,QAAF,GAAa,OAAb,CAAqB,IAArB,EAA0B,IAA1B,CAAF,CAA9C,IAAoF,IAAE,OAAO,CAAP,KAAW,SAAX,IAAsB,CAAtB,IAAyB,aAAa,KAAb,IAAoB,EAAE,CAAF,CAApB,IAA0B,EAAE,CAAF,EAAI,EAAE,IAAF,CAAO,cAAP,CAAvD,IAA+E,EAAE,OAAF,CAAU,CAAV,IAAa,CAAC,CAAD,IAAI,EAAE,MAAF,CAAS,CAAT,KAAa,GAAb,IAAkB,EAAE,MAAF,CAAS,EAAE,MAAF,GAAS,CAAT,CAAT,IAAsB,GAAtB,CAAxM,OAAyO,IAAE,MAAI,CAAJ,GAAM,GAAN,GAAU,CAAZ,CAAzO;GAAf,SAA+Q,CAAT,CAAW,CAAX,EAAa,CAAb,EAAe;AAAC,QAAI,IAAI,IAAE,CAAF,EAAI,IAAE,EAAE,MAAF,EAAS,GAAvB;AAA2B,QAAG,EAAE,OAAF,CAAU,EAAE,CAAF,CAAV,IAAgB,CAAC,CAAD,EAAG,OAAO,IAAP,CAAtB;IAA3B,OAAoE,KAAP,CAA9D;GAAf,IAA8F,IAAE,EAAF,CAAlmC,IAA2mC,IAAE,EAAF,CAA3mC,IAAonC,IAAE,KAAF,CAApnC,IAAgoC,IAAE,GAAF,CAAhoC,IAA0oC,IAAE,MAAF,CAA1oC,CAAmpC,GAAnpC,IAA0pC,OAAO,CAAP,KAAW,QAAX,EAAoB,IAAE,KAAK,KAAL,CAAW,CAAX,CAAF,CAAvB,IAA0C,aAAa,KAAb,EAAmB;AAAC,OAAG,CAAC,EAAE,MAAF,IAAU,EAAE,CAAF,aAAe,KAAf,EAAqB,OAAO,EAAE,IAAF,EAAO,CAAP,CAAP,CAAnC,KAAyD,IAAG,yBAAO,EAAE,CAAF,EAAP,KAAc,QAAd,EAAuB,OAAO,EAAE,EAAE,EAAE,CAAF,CAAF,CAAF,EAAU,CAAV,CAAP,CAA1B;GAAhF,MAAmI,IAAG,QAAO,8DAAP,KAAW,QAAX,EAAoB;AAAC,OAAG,OAAO,EAAE,IAAF,KAAS,QAAhB,EAAyB,EAAE,IAAF,GAAO,KAAK,KAAL,CAAW,EAAE,IAAF,CAAlB,CAA5B,IAAyD,EAAE,IAAF,YAAkB,KAAlB,EAAwB;AAAC,QAAG,CAAC,EAAE,MAAF,EAAS,EAAE,MAAF,GAAS,EAAE,IAAF,CAAO,CAAP,aAAoB,KAApB,GAA0B,EAAE,MAAF,GAAS,EAAE,EAAE,IAAF,CAAO,CAAP,CAAF,CAAnC,CAAtB,IAAyE,EAAE,EAAE,IAAF,CAAO,CAAP,aAAoB,KAApB,CAAF,IAA8B,yBAAO,EAAE,IAAF,CAAO,CAAP,EAAP,KAAmB,QAAnB,EAA4B,EAAE,IAAF,GAAO,CAAC,EAAE,IAAF,CAAR,CAA7D;IAAlG,OAAsL,EAAE,EAAE,MAAF,IAAU,EAAV,EAAa,EAAE,IAAF,IAAQ,EAAR,CAAtB,CAAtO;GAAvB,MAAoS,mDAAL,CAAhmD;EAAf,SAAirD,CAAT,CAAW,CAAX,EAAa;AAAC,WAAS,CAAT,CAAW,CAAX,EAAa;AAAC,OAAI,IAAE,EAAE,CAAF,CAAF,CAAL,CAAY,CAAE,SAAF,GAAY,SAAS,EAAE,SAAF,CAArB,CAAZ,IAA8C,CAAK,OAAL,GAAa,IAAI,CAAJ,CAAM,CAAN,CAAb,CAA9C,IAAoE,CAAK,OAAL,CAAa,QAAb,GAAsB,IAAtB,CAApE,IAA+F,CAAK,OAAL,GAAa,CAAb,CAA/F;GAAb,IAA2H,CAAK,OAAL,GAAa,IAAb,CAA5H,IAA8I,CAAK,OAAL,GAAa,KAAb,CAA9I,IAAiK,CAAK,SAAL,GAAe,KAAf,CAAjK,IAAsL,CAAK,MAAL,GAAY,IAAZ,CAAtL,IAAuM,CAAK,UAAL,GAAgB,CAAhB,CAAvM,IAAyN,CAAK,YAAL,GAAkB,EAAlB,CAAzN,IAA8O,CAAK,SAAL,GAAe,CAAf,CAA9O,IAA+P,CAAK,MAAL,GAAY,CAAZ,CAA/P,IAA6Q,CAAK,UAAL,GAAgB,IAAhB,CAA7Q,CAAkS,CAAE,IAAF,CAAO,IAAP,EAAY,CAAZ,EAAlS,IAAiT,CAAK,UAAL,GAAgB,UAAS,CAAT,EAAW;AAAC,OAAI,IAAE,KAAK,YAAL,GAAkB,CAAlB,CAAP,IAA2B,CAAK,YAAL,GAAkB,EAAlB,CAA3B,IAAoD,IAAE,KAAK,OAAL,CAAa,KAAb,CAAmB,CAAnB,EAAqB,KAAK,UAAL,EAAgB,CAAC,KAAK,SAAL,CAAxC,CAApD,IAA+G,KAAK,OAAL,CAAa,MAAb,EAAH,EAAyB,OAAzB,IAAoC,IAAE,EAAE,IAAF,CAAO,MAAP,CAAlJ,IAAmK,CAAC,KAAK,SAAL,EAAe;AAAC,SAAK,YAAL,GAAkB,EAAE,SAAF,CAAY,IAAE,KAAK,UAAL,CAAhC,CAAD,IAAkD,CAAK,UAAL,GAAgB,CAAhB,CAAlD;IAAnB,IAA0F,KAAG,EAAE,IAAF,EAAO,KAAK,SAAL,IAAgB,EAAE,IAAF,CAAO,MAAP,CAA7B,IAA+C,IAAE,KAAK,SAAL,IAAgB,KAAK,OAAL,CAAa,OAAb,IAAsB,KAAK,SAAL,IAAgB,KAAK,OAAL,CAAa,OAAb,CAA9V,IAAsX,CAAH,EAAK;AAAC,MAAE,WAAF,CAAc,EAAC,SAAQ,CAAR,EAAU,UAAS,KAAK,SAAL,EAAe,UAAS,CAAT,EAAjD,EAAD;IAAL,MAAyE,IAAG,EAAE,KAAK,OAAL,CAAa,KAAb,CAAL,EAAyB;AAAC,SAAK,OAAL,CAAa,KAAb,CAAmB,CAAnB,EAAqB,KAAK,OAAL,CAArB,CAAD,IAAuC,KAAK,OAAL,EAAa,OAAhB,CAAuB,GAAE,SAAF,CAA3D;IAAzB,IAAmG,KAAG,EAAE,KAAK,OAAL,CAAa,QAAb,CAAL,KAA8B,CAAC,CAAD,IAAI,CAAC,EAAE,IAAF,CAAO,OAAP,CAAnC,EAAmD,KAAK,OAAL,CAAa,QAAb,CAAsB,CAAtB,EAAtD,IAAkF,CAAC,CAAD,KAAK,CAAC,CAAD,IAAI,CAAC,EAAE,IAAF,CAAO,MAAP,CAAV,EAAyB,KAAK,UAAL,GAA5B,OAAqD,CAAP,CAAzpB;GAAX,CAAjU,IAA++B,CAAK,UAAL,GAAgB,UAAS,CAAT,EAAW;AAAC,OAAG,EAAE,KAAK,OAAL,CAAa,KAAb,CAAL,EAAyB,KAAK,OAAL,CAAa,KAAb,CAAmB,CAAnB,EAAzB,KAAoD,IAAG,KAAG,KAAK,OAAL,CAAa,KAAb,EAAmB;AAAC,MAAE,WAAF,CAAc,EAAC,UAAS,KAAK,SAAL,EAAe,OAAM,CAAN,EAAQ,UAAS,KAAT,EAA/C,EAAD;IAAzB;GAAhE,CAA//B;EAAb,SAAirC,CAAT,CAAW,CAAX,EAAa;AAAC,WAAS,CAAT,CAAW,CAAX,EAAa;AAAC,OAAI,IAAE,EAAE,iBAAF,CAAoB,eAApB,CAAF,CAAL,OAAmD,SAAS,EAAE,MAAF,CAAS,EAAE,WAAF,CAAc,GAAd,IAAmB,CAAnB,CAAlB,CAAP,CAA5C;GAAb,CAAyG,GAAE,KAAG,EAAH,CAA5G,IAAqH,CAAC,EAAE,SAAF,EAAY,EAAE,SAAF,GAAY,KAAK,eAAL,CAA5B,CAAiD,CAAE,IAAF,CAAO,IAAP,EAAY,CAAZ,EAAnK,IAAsL,CAAJ,CAAlL,IAA2L,CAAH,EAAK;AAAC,QAAK,UAAL,GAAgB,YAAU;AAAC,SAAK,UAAL,GAAD,IAAmB,CAAK,YAAL,GAAnB;IAAV,CAAjB;GAAL,MAA4E;AAAC,QAAK,UAAL,GAAgB,YAAU;AAAC,SAAK,UAAL,GAAD;IAAV,CAAjB;GAA5E,IAA2H,CAAK,MAAL,GAAY,UAAS,CAAT,EAAW;AAAC,QAAK,MAAL,GAAY,CAAZ,CAAD,IAAe,CAAK,UAAL,GAAf;GAAX,CAA/T,IAA4W,CAAK,UAAL,GAAgB,YAAU;AAAC,OAAG,KAAK,SAAL,EAAe;AAAC,SAAK,YAAL,GAAD;IAAlB,CAA8C,GAAE,IAAI,cAAJ,EAAF,CAA/C,IAAuE,CAAC,CAAD,EAAG;AAAC,MAAE,MAAF,GAAS,EAAE,KAAK,YAAL,EAAkB,IAApB,CAAT,CAAD,CAAoC,CAAE,OAAF,GAAU,EAAE,KAAK,WAAL,EAAiB,IAAnB,CAAV,CAApC;IAAN,CAA6E,CAAE,IAAF,CAAO,KAAP,EAAa,KAAK,MAAL,EAAY,CAAC,CAAD,CAAzB,CAAjJ,IAAiL,KAAK,OAAL,CAAa,IAAb,IAAmB,KAAK,OAAL,CAAa,KAAb,EAAmB;AAAC,QAAI,IAAE,KAAK,MAAL,GAAY,KAAK,OAAL,CAAa,SAAb,GAAuB,CAAnC,CAAP,CAA4C,CAAE,gBAAF,CAAmB,OAAnB,EAA2B,WAAS,KAAK,MAAL,GAAY,GAArB,GAAyB,CAAzB,CAA3B,CAA5C,CAAmG,CAAE,gBAAF,CAAmB,eAAnB,EAAmC,iBAAnC,EAAnG;IAAzC,IAAqM;AAAC,MAAE,IAAF,GAAD;IAAH,CAAa,OAAM,CAAN,EAAQ;AAAC,SAAK,WAAL,CAAiB,EAAE,OAAF,CAAjB,CAAD;IAAR,IAAwC,KAAG,EAAE,MAAF,IAAU,CAAV,EAAY,KAAK,WAAL,GAAlB,KAA0C,KAAK,MAAL,IAAa,KAAK,OAAL,CAAa,SAAb,CAAvD;GAA5a,CAA5X,IAAu3B,CAAK,YAAL,GAAkB,YAAU;AAAC,OAAG,EAAE,UAAF,IAAc,CAAd,EAAgB,OAAnB,IAA6B,EAAE,MAAF,GAAS,GAAT,IAAc,EAAE,MAAF,IAAU,GAAV,EAAc;AAAC,SAAK,WAAL,GAAD;IAA/B,IAA0D,CAAK,SAAL,GAAe,CAAC,KAAK,OAAL,CAAa,IAAb,IAAmB,CAAC,KAAK,OAAL,CAAa,KAAb,IAAoB,KAAK,MAAL,GAAY,EAAE,CAAF,CAAZ,CAA7I,IAA8J,CAAK,UAAL,CAAgB,EAAE,YAAF,CAAhB,CAA9J;GAAV,CAAz4B,IAAklC,CAAK,WAAL,GAAiB,UAAS,CAAT,EAAW;AAAC,OAAI,IAAE,EAAE,UAAF,IAAc,CAAd,CAAP,IAAuB,CAAK,UAAL,CAAgB,CAAhB,EAAvB;GAAX,CAAnmC;EAAb,SAA+qC,CAAT,CAAW,CAAX,EAAa;AAAC,MAAE,KAAG,EAAH,CAAH,IAAY,CAAC,EAAE,SAAF,EAAY,EAAE,SAAF,GAAY,KAAK,cAAL,CAA5B,CAAgD,CAAE,IAAF,CAAO,IAAP,EAAY,CAAZ,EAAzD,IAA4E,CAAJ,EAAM,CAAN,CAAxE,IAAoF,IAAE,OAAO,UAAP,KAAoB,WAApB,CAAtF,IAAsH,CAAK,MAAL,GAAY,UAAS,CAAT,EAAW;AAAC,QAAK,MAAL,GAAY,CAAZ,CAAD,CAAe,GAAE,EAAE,KAAF,IAAS,EAAE,WAAF,IAAe,EAAE,QAAF,CAAzC,IAAuD,CAAH,EAAK;AAAC,QAAE,IAAI,UAAJ,EAAF,CAAD,CAAkB,CAAE,MAAF,GAAS,EAAE,KAAK,YAAL,EAAkB,IAApB,CAAT,CAAlB,CAAqD,CAAE,OAAF,GAAU,EAAE,KAAK,WAAL,EAAiB,IAAnB,CAAV,CAArD;IAAL,MAAkG,IAAE,IAAI,cAAJ,EAAF,CAAlG,IAAuH,CAAK,UAAL,GAA3K;GAAX,CAAlI,IAA2U,CAAK,UAAL,GAAgB,YAAU;AAAC,OAAG,CAAC,KAAK,SAAL,KAAiB,CAAC,KAAK,OAAL,CAAa,OAAb,IAAsB,KAAK,SAAL,GAAe,KAAK,OAAL,CAAa,OAAb,CAAxD,EAA8E,KAAK,UAAL,GAAjF;GAAX,CAA3V,IAA0c,CAAK,UAAL,GAAgB,YAAU;AAAC,OAAI,IAAE,KAAK,GAAL,CAAS,KAAK,MAAL,GAAY,KAAK,OAAL,CAAa,SAAb,EAAuB,KAAK,MAAL,CAAY,IAAZ,CAA9C,CAAL,IAAyE,IAAE,EAAE,UAAF,CAAa,EAAE,IAAF,CAAO,KAAK,MAAL,EAAY,KAAK,MAAL,EAAY,CAA/B,CAAb,EAA+C,KAAK,OAAL,CAAa,QAAb,CAAjD,CAAzE,IAAoJ,CAAC,CAAD,EAAG,KAAK,YAAL,CAAkB,EAAC,QAAO,EAAC,QAAO,CAAP,EAAR,EAAnB,EAAN;GAA3J,CAA1d,IAAmqB,CAAK,YAAL,GAAkB,UAAS,CAAT,EAAW;AAAC,QAAK,MAAL,IAAa,KAAK,OAAL,CAAa,SAAb,CAAd,IAAqC,CAAK,SAAL,GAAe,KAAK,MAAL,IAAa,KAAK,MAAL,CAAY,IAAZ,CAAjE,IAAkF,CAAK,UAAL,CAAgB,EAAE,MAAF,CAAS,MAAT,CAAhB,CAAlF;GAAX,CAArrB,IAAozB,CAAK,WAAL,GAAiB,YAAU;AAAC,QAAK,UAAL,CAAgB,EAAE,KAAF,CAAhB,CAAD;GAAV,CAAr0B;EAAb,SAAg4B,CAAT,CAAW,CAAX,EAAa;AAAC,MAAE,KAAG,EAAH,CAAH,CAAS,CAAE,IAAF,CAAO,IAAP,EAAY,CAAZ,EAAT,IAA4B,CAAJ,CAAxB,IAAkC,CAAJ,CAA9B,IAAoC,CAAK,MAAL,GAAY,UAAS,CAAT,EAAW;AAAC,OAAE,CAAF,CAAD,CAAK,GAAE,CAAF,CAAL,OAAgB,KAAK,UAAL,EAAP,CAAT;GAAX,CAAhD,IAA8F,CAAK,UAAL,GAAgB,YAAU;AAAC,OAAG,KAAK,SAAL,EAAe,OAAlB,IAA6B,IAAE,KAAK,OAAL,CAAa,SAAb,CAAhC,IAA2D,IAAE,IAAE,EAAE,MAAF,CAAS,CAAT,EAAW,CAAX,CAAF,GAAgB,CAAhB,CAA7D,CAA+E,GAAE,IAAE,EAAE,MAAF,CAAS,CAAT,CAAF,GAAc,EAAd,CAAjF,IAAkG,CAAK,SAAL,GAAe,CAAC,CAAD,CAAjH,OAA2H,KAAK,UAAL,CAAgB,CAAhB,CAAP,CAApH;GAAV,CAA9G;EAAb,SAA6R,CAAT,CAAW,CAAX,EAAa;AAAC,WAAS,CAAT,GAAY;AAAC,OAAG,KAAG,CAAH,EAAK;AAAC,MAAE,WAAF,EAAc,uBAAd,EAAsC,+DAA6D,KAAK,gBAAL,GAAsB,GAAnF,CAAtC,CAAD,CAA+H,GAAE,KAAF,CAA/H;IAAR,IAAkJ,EAAE,cAAF,EAAiB;AAAC,SAAI,IAAI,IAAE,CAAF,EAAI,IAAE,EAAE,IAAF,CAAO,MAAP,EAAc,GAA5B;AAAgC,SAAG,EAAE,IAAF,CAAO,CAAP,EAAU,MAAV,IAAkB,CAAlB,IAAqB,EAAE,IAAF,CAAO,CAAP,EAAU,CAAV,KAAc,EAAd,EAAiB,EAAE,IAAF,CAAO,MAAP,CAAc,GAAd,EAAkB,CAAlB,EAAzC;KAAhC;IAArB,IAAsH,GAAH,EAAO,IAAP,OAAkB,GAAP,CAA9Q;GAAZ,SAA8S,CAAT,GAAY;AAAC,UAAO,EAAE,MAAF,IAAU,EAAE,MAAF,IAAU,CAAV,CAAlB;GAAZ,SAAmD,CAAT,GAAY;AAAC,OAAG,CAAC,CAAD,EAAG,OAAN,KAAiB,IAAI,IAAE,CAAF,EAAI,OAAK,IAAE,EAAE,IAAF,CAAO,MAAP,EAAc,GAAjC;AAAqC,SAAI,IAAI,IAAE,CAAF,EAAI,IAAE,EAAE,IAAF,CAAO,CAAP,EAAU,MAAV,EAAiB,GAA/B;AAAmC,OAAE,IAAF,CAAO,EAAE,IAAF,CAAO,CAAP,EAAU,CAAV,CAAP;KAAnC;IAArC,CAA6F,CAAE,IAAF,CAAO,MAAP,CAAc,CAAd,EAAgB,CAAhB,EAA3G;GAAZ,SAAmJ,CAAT,GAAY;AAAC,OAAG,CAAC,CAAD,IAAI,CAAC,EAAE,MAAF,IAAU,CAAC,EAAE,aAAF,EAAgB,OAAO,CAAP,CAAnC,KAAgD,IAAI,IAAE,CAAF,EAAI,IAAE,EAAE,IAAF,CAAO,MAAP,EAAc,GAA5B,EAAgC;AAAC,QAAI,IAAE,EAAF,CAAL,KAAc,IAAI,IAAE,CAAF,EAAI,IAAE,EAAE,IAAF,CAAO,CAAP,EAAU,MAAV,EAAiB,GAA/B,EAAmC;AAAC,SAAG,EAAE,aAAF,EAAgB;AAAC,UAAI,IAAE,EAAE,IAAF,CAAO,CAAP,EAAU,CAAV,CAAF,CAAL,IAAuB,KAAG,MAAH,EAAU,EAAE,IAAF,CAAO,CAAP,EAAU,CAAV,IAAa,IAAb,CAAb,KAAoC,IAAG,KAAG,OAAH,EAAW,EAAE,IAAF,CAAO,CAAP,EAAU,CAAV,IAAa,KAAb,CAAd,KAAsC,EAAE,IAAF,CAAO,CAAP,EAAU,CAAV,IAAa,EAAE,CAAF,CAAb,CAAtC;MAA3E,IAAsI,EAAE,MAAF,EAAS;AAAC,UAAG,KAAG,EAAE,MAAF,EAAS;AAAC,WAAG,CAAC,EAAE,gBAAF,CAAD,EAAqB,EAAE,gBAAF,IAAoB,EAApB,CAAxB,CAA+C,CAAE,gBAAF,EAAoB,IAApB,CAAyB,EAAE,IAAF,CAAO,CAAP,EAAU,CAAV,CAAzB,EAAhD;OAAf,MAA2G,EAAE,EAAE,CAAF,CAAF,IAAQ,EAAE,IAAF,CAAO,CAAP,EAAU,CAAV,CAAR,CAA3G;MAAb;KAAvK,IAAwT,EAAE,MAAF,EAAS;AAAC,OAAE,IAAF,CAAO,CAAP,IAAU,CAAV,CAAD,IAAgB,IAAE,EAAE,MAAF,EAAS,EAAE,eAAF,EAAkB,eAAlB,EAAkC,+BAA6B,EAAE,MAAF,GAAS,qBAAtC,GAA4D,CAA5D,EAA8D,CAAhG,EAAd,KAAsH,IAAG,IAAE,EAAE,MAAF,EAAS,EAAE,eAAF,EAAkB,cAAlB,EAAiC,8BAA4B,EAAE,MAAF,GAAS,qBAArC,GAA2D,CAA3D,EAA6D,CAA9F,EAAd;KAA/I;IAA/V,IAAimB,EAAE,MAAF,IAAU,EAAE,IAAF,EAAO,EAAE,IAAF,CAAO,MAAP,GAAc,CAAd,CAApB,OAA2C,CAAP,CAA/qB;GAAZ,SAA6sB,CAAT,CAAW,CAAX,EAAa;AAAC,OAAI,IAAE,CAAC,GAAD,EAAK,GAAL,EAAS,GAAT,EAAa,GAAb,EAAiB,KAAK,UAAL,EAAgB,KAAK,QAAL,CAAnC,CAAL,IAA2D,CAAJ,EAAM,CAAN,EAAQ,CAAR,CAAvD,KAAqE,IAAI,IAAE,CAAF,EAAI,IAAE,EAAE,MAAF,EAAS,GAAvB,EAA2B;AAAC,QAAI,IAAE,EAAE,CAAF,CAAF,CAAL,IAAgB,IAAE,CAAF;QAAI,IAAE,CAAF,CAApB,CAAwB,GAAE,SAAF,CAAxB,IAAwC,IAAE,IAAK,CAAJ,CAAM,EAAC,WAAU,CAAV,EAAY,SAAQ,EAAR,EAAnB,CAAD,CAAkC,KAAlC,CAAwC,CAAxC,CAAF,CAAxC,KAAyF,IAAI,IAAE,CAAF,EAAI,IAAE,EAAE,IAAF,CAAO,MAAP,EAAc,GAA5B,EAAgC;AAAC,SAAI,IAAE,EAAE,IAAF,CAAO,CAAP,EAAU,MAAV,CAAP,CAAwB,IAAG,CAAH,CAAxB,IAAgC,OAAO,CAAP,KAAW,WAAX,EAAuB;AAAC,UAAE,CAAF,CAAD;MAA1B,MAA6C,IAAG,IAAE,CAAF,EAAI;AAAC,WAAG,KAAK,GAAL,CAAS,IAAE,CAAF,CAAZ,CAAD,CAAkB,GAAE,CAAF,CAAlB;MAAP;KAA1G,CAAwI,IAAG,EAAE,IAAF,CAAO,MAAP,CAAhO,IAAiP,CAAC,OAAO,CAAP,KAAW,WAAX,IAAwB,IAAE,CAAF,CAAzB,IAA+B,IAAE,IAAF,EAAO;AAAC,SAAE,CAAF,CAAD,CAAK,GAAE,CAAF,CAAL;KAAzC;IAAzQ,CAA4T,CAAE,SAAF,GAAY,CAAZ,CAA7X,OAAiZ,EAAC,YAAW,CAAC,CAAC,CAAD,EAAG,eAAc,CAAd,EAAtB,CAA3Y;GAAb,SAAwc,CAAT,CAAW,CAAX,EAAa;AAAC,OAAE,EAAE,MAAF,CAAS,CAAT,EAAW,OAAK,IAAL,CAAb,CAAD,IAA6B,IAAE,EAAE,KAAF,CAAQ,IAAR,CAAF,CAA7B,IAAgD,EAAE,MAAF,IAAU,CAAV,EAAY,OAAM,IAAN,CAAf,IAA8B,IAAE,CAAF,CAA3E,KAAmF,IAAI,IAAE,CAAF,EAAI,IAAE,EAAE,MAAF,EAAS,GAAvB,EAA2B;AAAC,QAAG,EAAE,CAAF,EAAK,CAAL,KAAS,IAAT,EAAc,IAAjB;IAA5B,OAAwD,KAAG,EAAE,MAAF,GAAS,CAAT,GAAW,MAAd,GAAqB,IAArB,CAAvI;GAAb,SAAuL,CAAT,CAAW,CAAX,EAAa;AAAC,OAAI,IAAE,EAAE,IAAF,CAAO,CAAP,CAAF,CAAL,OAAwB,IAAE,WAAW,CAAX,CAAF,GAAgB,CAAhB,CAAxB;GAAb,SAAgE,CAAT,CAAW,CAAX,EAAa,CAAb,EAAe,CAAf,EAAiB,CAAjB,EAAmB;AAAC,KAAE,MAAF,CAAS,IAAT,CAAc,EAAC,MAAK,CAAL,EAAO,MAAK,CAAL,EAAO,SAAQ,CAAR,EAAU,KAAI,CAAJ,EAAvC,EAAD;GAAnB,IAAuE,IAAE,8CAAF,CAAz4D,IAA87D,IAAE,IAAF,CAA97D,IAAy8D,IAAE,CAAF,CAAz8D,IAAi9D,CAAJ,CAA78D,IAAu9D,CAAJ,CAAn9D,IAA69D,IAAE,KAAF,CAA79D,IAAy+D,CAAJ,CAAr+D,IAA++D,IAAE,EAAF,CAA/+D,IAAw/D,IAAE,EAAC,MAAK,EAAL,EAAQ,QAAO,EAAP,EAAU,MAAK,EAAL,EAArB,CAAx/D,IAAyhE,EAAE,EAAE,IAAF,CAAL,EAAa;AAAC,OAAI,IAAE,EAAE,IAAF,CAAP,CAAc,CAAE,IAAF,GAAO,UAAS,CAAT,EAAW;AAAC,QAAE,CAAF,CAAD,IAAQ,GAAH,EAAO,IAAP,KAAe;AAAC,SAAD,IAAQ,EAAE,IAAF,CAAO,MAAP,IAAe,CAAf,EAAiB,OAApB,CAA2B,IAAG,EAAE,IAAF,CAAO,MAAP,CAAnC,IAAoD,EAAE,OAAF,IAAW,IAAE,EAAE,OAAF,EAAU,EAAE,KAAF,GAA1B,KAAyC,EAAE,CAAF,EAAI,CAAJ,EAAzC;KAAhE;IAAhB,CAArB;GAAb,IAAoK,CAAK,KAAL,GAAW,UAAS,CAAT,EAAW,CAAX,EAAa,CAAb,EAAe;AAAC,OAAG,CAAC,EAAE,OAAF,EAAU,EAAE,OAAF,GAAU,EAAE,CAAF,CAAV,CAAd,CAA6B,GAAE,KAAF,CAA9B,IAAyC,CAAC,EAAE,SAAF,EAAY;AAAC,QAAI,IAAE,EAAE,CAAF,CAAF,CAAL,IAAe,EAAE,UAAF,EAAa,EAAE,SAAF,GAAY,EAAE,aAAF,CAA5B,KAAgD;AAAC,SAAE,IAAF,CAAD,CAAQ,CAAE,SAAF,GAAY,KAAK,gBAAL,CAApB;KAAhD,CAA0F,CAAE,IAAF,CAAO,SAAP,GAAiB,EAAE,SAAF,CAAvH;IAAhB,IAAuJ,IAAE,EAAE,CAAF,CAAF,CAA7L,IAAuM,EAAE,OAAF,IAAW,EAAE,MAAF,EAAS,EAAE,OAAF,GAAvB,CAAmC,GAAE,CAAF,CAAvO,CAA2O,GAAE,IAAI,CAAJ,CAAM,CAAN,CAAF,CAA3O,CAAsP,GAAE,EAAE,KAAF,CAAQ,CAAR,EAAU,CAAV,EAAY,CAAZ,CAAF,CAAtP,CAAuQ,GAAvQ,OAAkR,IAAE,EAAC,MAAK,EAAC,QAAO,IAAP,EAAN,EAAH,GAAuB,KAAG,EAAC,MAAK,EAAC,QAAO,KAAP,EAAN,EAAJ,CAAzS;GAAf,CAArsE,IAAuhF,CAAK,MAAL,GAAY,YAAU;AAAC,UAAO,CAAP,CAAD;GAAV,CAAniF,IAAwjF,CAAK,KAAL,GAAW,YAAU;AAAC,OAAE,IAAF,CAAD,CAAQ,CAAE,KAAF,GAAR,CAAkB,GAAE,EAAE,MAAF,CAAS,EAAE,YAAF,EAAT,CAAF,CAAlB;GAAV,CAAnkF,IAA6nF,CAAK,MAAL,GAAY,YAAU;AAAC,OAAE,KAAF,CAAD,CAAS,CAAE,QAAF,CAAW,UAAX,CAAsB,CAAtB,EAAT;GAAV,CAAzoF,IAAsrF,CAAK,KAAL,GAAW,YAAU;AAAC,KAAE,KAAF,GAAD,IAAc,EAAE,EAAE,QAAF,CAAL,EAAiB,EAAE,QAAF,CAAW,CAAX,EAAjB,CAA+B,GAAE,EAAF,CAA1C;GAAV,CAAjsF;EAAb,SAAixF,CAAT,CAAW,CAAX,EAAa;AAAC,MAAE,KAAG,EAAH,CAAH,IAAa,IAAE,EAAE,SAAF,CAAf,IAA+B,IAAE,EAAE,OAAF,CAAjC,IAA+C,IAAE,EAAE,QAAF,CAAjD,IAAgE,IAAE,EAAE,IAAF,CAAlE,IAA6E,IAAE,EAAE,OAAF,CAA/E,IAA6F,IAAE,EAAE,QAAF,CAA/F,IAA6G,OAAO,CAAP,KAAW,QAAX,IAAqB,EAAE,MAAF,IAAU,CAAV,IAAa,KAAK,cAAL,CAAoB,OAApB,CAA4B,CAA5B,IAA+B,CAAC,CAAD,EAAG,IAAE,GAAF,CAAvE,IAAgF,MAAI,CAAJ,EAAM,MAAK,qCAAL,CAAT,KAAyD,IAAG,MAAI,IAAJ,EAAS,IAAE,GAAF,CAAZ,KAAuB,IAAG,OAAO,CAAP,KAAW,QAAX,IAAqB,KAAK,cAAL,CAAoB,OAApB,CAA4B,CAA5B,IAA+B,CAAC,CAAD,EAAG,IAAE,KAAF,CAA1D,IAAqE,KAAG,IAAH,IAAS,KAAG,IAAH,IAAS,KAAG,MAAH,EAAU,IAAE,IAAF,CAA/B,IAA0C,IAAE,CAAF,CAAnX,IAA2X,IAAE,KAAF,CAA3X,IAAmY,CAAK,KAAL,GAAW,UAAS,CAAT,EAAW,CAAX,EAAa,CAAb,EAAe;AAAC,YAAS,CAAT,CAAW,CAAX,EAAa;AAAC,MAAE,IAAF,CAAO,CAAP,EAAD,CAAW,GAAE,CAAF,CAAX;IAAb,SAAqC,CAAT,CAAW,CAAX,EAAa;AAAC,QAAG,CAAH,EAAK,OAAO,GAAP,CAAL,IAAmB,CAAC,CAAD,EAAG,IAAE,EAAE,MAAF,CAAS,CAAT,CAAF,CAAN,CAAoB,CAAE,IAAF,CAAO,CAAP,EAArC,CAA+C,GAAE,CAAF,CAA/C,CAAmD,CAAE,CAAF,EAAnD,IAA2D,CAAH,EAAK,IAAL,OAAgB,GAAP,CAAjE;IAAb,SAAkG,CAAT,CAAW,CAAX,EAAa;AAAC,QAAE,CAAF,CAAD,CAAK,CAAE,CAAF,EAAL,CAAU,GAAE,EAAF,CAAV,CAAe,GAAE,EAAE,OAAF,CAAU,CAAV,EAAY,CAAZ,CAAF,CAAf;IAAb,SAAsD,CAAT,CAAW,CAAX,EAAa;AAAC,WAAM,EAAC,MAAK,CAAL,EAAO,QAAO,CAAP,EAAS,MAAK,EAAC,WAAU,CAAV,EAAY,WAAU,CAAV,EAAY,SAAQ,CAAR,EAAU,WAAU,CAAC,CAAC,CAAD,EAAG,QAAO,KAAG,KAAG,CAAH,CAAH,EAA7D,EAAvB,CAAD;IAAb,SAAsH,CAAT,GAAY;AAAC,MAAE,GAAF,EAAD,CAAQ,GAAE,EAAF,EAAK,IAAE,EAAF,CAAb;IAAZ,IAAiC,OAAO,CAAP,KAAW,QAAX,EAAoB,MAAK,wBAAL,CAAvB,IAAyD,IAAE,EAAE,MAAF;OAAS,IAAE,EAAE,MAAF;OAAS,IAAE,EAAE,MAAF;OAAS,IAAE,EAAE,MAAF,CAA1Y,IAAuZ,IAAE,OAAO,CAAP,KAAW,UAAX,CAAzZ,CAA+a,GAAE,CAAF,CAA/a,IAAub,IAAE,EAAF;OAAK,IAAE,EAAF;OAAK,IAAE,EAAF;OAAK,IAAE,CAAF,CAAtc,IAA6c,CAAC,CAAD,EAAG,OAAO,GAAP,CAAN,IAAoB,KAAG,MAAI,KAAJ,IAAW,EAAE,OAAF,CAAU,GAAV,MAAiB,CAAC,CAAD,EAAG;AAAC,QAAI,IAAE,EAAE,KAAF,CAAQ,CAAR,CAAF,CAAL,KAAsB,IAAI,IAAE,CAAF,EAAI,IAAE,EAAE,MAAF,EAAS,GAAvB,EAA2B;AAAC,SAAI,IAAE,EAAE,CAAF,CAAF,CAAL,CAAY,IAAG,EAAE,MAAF,CAAf,IAA2B,MAAI,EAAE,MAAF,GAAS,CAAT,EAAW,KAAG,EAAE,MAAF,CAArB,KAAmC,IAAG,CAAH,EAAK,OAAO,GAAP,CAAL,IAAmB,KAAG,EAAE,MAAF,CAAS,CAAT,EAAW,CAAX,KAAe,CAAf,EAAiB,SAAvB,IAAmC,CAAH,EAAK;AAAC,UAAE,EAAF,CAAD,CAAM,CAAE,EAAE,KAAF,CAAQ,CAAR,CAAF,EAAN,CAAoB,GAApB,IAA2B,CAAH,EAAK,OAAO,GAAP,CAAL;MAA7B,MAAkD,EAAE,EAAE,KAAF,CAAQ,CAAR,CAAF,EAAlD,IAAmE,KAAG,KAAG,CAAH,EAAK;AAAC,UAAE,EAAE,KAAF,CAAQ,CAAR,EAAU,CAAV,CAAF,CAAD,OAAuB,EAAE,IAAF,CAAP,CAAhB;MAAX;KAAtM,OAAwP,GAAP,CAAnQ;IAArC,IAAuT,IAAE,EAAE,OAAF,CAAU,CAAV,EAAY,CAAZ,CAAF,CAAlxB,IAAuyB,IAAE,EAAE,OAAF,CAAU,CAAV,EAAY,CAAZ,CAAF,CAAvyB,SAA+zB;AAAC,QAAG,EAAE,CAAF,KAAM,GAAN,EAAU;AAAC,SAAI,IAAE,CAAF,CAAL,CAAS,GAAT,SAAoB;AAAC,UAAI,IAAE,EAAE,OAAF,CAAU,GAAV,EAAc,IAAE,CAAF,CAAhB,CAAL,IAA6B,MAAI,CAAC,CAAD,EAAG;AAAC,WAAG,CAAC,CAAD,EAAG;AAAC,UAAE,IAAF,CAAO,EAAC,MAAK,QAAL,EAAc,MAAK,eAAL,EAAqB,SAAQ,2BAAR,EAAoC,KAAI,EAAE,MAAF,EAAS,OAAM,CAAN,EAA5F,EAAD;QAAN,OAAoH,GAAP,CAA9G;OAAV,IAAsI,MAAI,IAAE,CAAF,EAAI;AAAC,WAAI,IAAE,EAAE,SAAF,CAAY,CAAZ,EAAc,CAAd,EAAiB,OAAjB,CAAyB,KAAzB,EAA+B,GAA/B,CAAF,CAAL,OAAkD,EAAE,CAAF,CAAP,CAA3C;OAAX,IAAqE,EAAE,IAAE,CAAF,CAAF,IAAQ,GAAR,EAAY;AAAC,WAAD;OAAf,IAAgC,EAAE,IAAE,CAAF,CAAF,IAAQ,CAAR,EAAU;AAAC,SAAE,IAAF,CAAO,EAAE,SAAF,CAAY,CAAZ,EAAc,CAAd,EAAiB,OAAjB,CAAyB,KAAzB,EAA+B,GAA/B,CAAP,EAAD,CAA6C,GAAE,IAAE,CAAF,GAAI,CAAJ,CAA/C,CAAqD,GAAE,EAAE,OAAF,CAAU,CAAV,EAAY,CAAZ,CAAF,CAArD,CAAsE,GAAE,EAAE,OAAF,CAAU,CAAV,EAAY,CAAZ,CAAF,CAAtE;OAAb,IAA6G,EAAE,MAAF,CAAS,IAAE,CAAF,EAAI,CAAb,MAAkB,CAAlB,EAAoB;AAAC,SAAE,IAAF,CAAO,EAAE,SAAF,CAAY,CAAZ,EAAc,CAAd,EAAiB,OAAjB,CAAyB,KAAzB,EAA+B,GAA/B,CAAP,EAAD,CAA6C,CAAE,IAAE,CAAF,GAAI,CAAJ,CAAF,CAA7C,CAAsD,GAAE,EAAE,OAAF,CAAU,CAAV,EAAY,CAAZ,CAAF,CAAtD,IAA0E,CAAH,EAAK;AAAC,YAAD,IAAQ,CAAH,EAAK,OAAO,GAAP,CAAL;QAAV,IAA6B,KAAG,EAAE,MAAF,IAAU,CAAV,EAAY,OAAO,EAAE,IAAF,CAAP,CAAlB,MAAjG;OAAvB;MAA7W,SAAb;KAAb,IAAmjB,KAAG,EAAE,MAAF,KAAW,CAAX,IAAc,EAAE,MAAF,CAAS,CAAT,EAAW,CAAX,MAAgB,CAAhB,EAAkB;AAAC,SAAG,KAAG,CAAC,CAAD,EAAG,OAAO,GAAP,CAAT,CAAoB,GAAE,IAAE,CAAF,CAAvB,CAA2B,GAAE,EAAE,OAAF,CAAU,CAAV,EAAY,CAAZ,CAAF,CAA3B,CAA4C,GAAE,EAAE,OAAF,CAAU,CAAV,EAAY,CAAZ,CAAF,CAA5C;KAAtC,IAA+G,MAAI,CAAC,CAAD,KAAK,IAAE,CAAF,IAAK,MAAI,CAAC,CAAD,CAAlB,EAAsB;AAAC,OAAE,IAAF,CAAO,EAAE,SAAF,CAAY,CAAZ,EAAc,CAAd,CAAP,EAAD,CAA0B,GAAE,IAAE,CAAF,CAA5B,CAAgC,GAAE,EAAE,OAAF,CAAU,CAAV,EAAY,CAAZ,CAAF,CAAhC;KAAzB,IAAsF,MAAI,CAAC,CAAD,EAAG;AAAC,OAAE,IAAF,CAAO,EAAE,SAAF,CAAY,CAAZ,EAAc,CAAd,CAAP,EAAD,CAA0B,CAAE,IAAE,CAAF,CAAF,CAA1B,IAAoC,CAAH,EAAK;AAAC,UAAD,IAAQ,CAAH,EAAK,OAAO,GAAP,CAAL;MAAV,IAA6B,KAAG,EAAE,MAAF,IAAU,CAAV,EAAY,OAAO,EAAE,IAAF,CAAP,CAAlB,SAA3D;KAAV,MAAhvB;IAAP,OAAm3B,GAAP,CAApqD;GAAf,CAA9Y,IAA6kE,CAAK,KAAL,GAAW,YAAU;AAAC,OAAE,IAAF,CAAD;GAAV,CAAxlE,IAA2mE,CAAK,YAAL,GAAkB,YAAU;AAAC,UAAO,CAAP,CAAD;GAAV,CAA7nE;EAAb,SAAwqE,CAAT,GAAY;AAAC,MAAI,IAAE,SAAS,oBAAT,CAA8B,QAA9B,CAAF,CAAL,OAAsD,EAAE,MAAF,GAAS,EAAE,EAAE,MAAF,GAAS,CAAT,CAAF,CAAc,GAAd,GAAkB,EAA3B,CAAtD;EAAZ,SAAyG,CAAT,GAAY;AAAC,MAAG,CAAC,KAAK,iBAAL,EAAuB,OAAO,KAAP,CAA3B,IAA2C,CAAC,CAAD,IAAI,KAAK,WAAL,KAAmB,IAAnB,EAAwB,MAAM,IAAI,KAAJ,CAAU,8FAA4F,4CAA5F,CAAhB,CAA/B,IAA6L,IAAE,IAAI,EAAE,MAAF,CAAS,KAAK,WAAL,IAAkB,CAAlB,CAAf,CAAtO,CAA0Q,CAAE,SAAF,GAAY,CAAZ,CAA1Q,CAAwR,CAAE,EAAF,GAAK,GAAL,CAAxR,CAAiS,CAAE,EAAE,EAAF,CAAF,GAAQ,CAAR,CAAjS,OAAkT,CAAP,CAA3S;EAAZ,SAAyU,CAAT,CAAW,CAAX,EAAa;AAAC,MAAI,IAAE,EAAE,IAAF,CAAP,IAAkB,IAAE,EAAE,EAAE,QAAF,CAAJ,CAAlB,IAAsC,IAAE,KAAF,CAAtC,IAAiD,EAAE,KAAF,EAAQ,EAAE,SAAF,CAAY,EAAE,KAAF,EAAQ,EAAE,IAAF,CAApB,CAAX,KAA4C,IAAG,EAAE,OAAF,IAAW,EAAE,OAAF,CAAU,IAAV,EAAe;AAAC,OAAI,IAAE,SAAF,CAAE,GAAU;AAAC,QAAE,IAAF,CAAD,CAAQ,CAAE,EAAE,QAAF,EAAW,EAAC,MAAK,EAAL,EAAQ,QAAO,EAAP,EAAU,MAAK,EAAC,SAAQ,IAAR,EAAN,EAAhC,EAAR;IAAV,CAAP,IAAoF,IAAE,EAAC,OAAM,CAAN,EAAQ,OAAM,CAAN,EAAQ,QAAO,CAAP,EAAnB,CAApF,IAAoH,EAAE,EAAE,QAAF,CAAL,EAAiB;AAAC,SAAI,IAAI,IAAE,CAAF,EAAI,IAAE,EAAE,OAAF,CAAU,IAAV,CAAe,MAAf,EAAsB,GAApC,EAAwC;AAAC,OAAE,QAAF,CAAW,EAAC,MAAK,CAAC,EAAE,OAAF,CAAU,IAAV,CAAe,CAAf,CAAD,CAAL,EAAyB,QAAO,EAAE,OAAF,CAAU,MAAV,EAAiB,MAAK,EAAE,OAAF,CAAU,IAAV,EAAlE,EAAkF,CAAlF,EAAD,IAAyF,CAAH,EAAK,MAAL;KAA9H,OAAgJ,EAAE,OAAF,CAAjJ;IAAjB,MAAiL,IAAG,EAAE,EAAE,SAAF,CAAL,EAAkB;AAAC,MAAE,SAAF,CAAY,EAAE,OAAF,EAAU,CAAtB,EAAwB,EAAE,IAAF,CAAxB,CAAD,OAAwC,EAAE,OAAF,CAAxC;IAAlB;GAA/T,IAAuY,EAAE,QAAF,IAAY,CAAC,CAAD,EAAG,EAAE,EAAE,QAAF,EAAW,EAAE,OAAF,CAAb,CAAlB;EAA3e,SAA8hB,CAAT,CAAW,CAAX,EAAa,CAAb,EAAe;AAAC,MAAI,IAAE,EAAE,CAAF,CAAF,CAAL,IAAe,EAAE,EAAE,YAAF,CAAL,EAAqB,EAAE,YAAF,CAAe,CAAf,EAArB,CAAuC,CAAE,SAAF,GAAnD,OAAwE,EAAE,CAAF,CAAP,CAAjE;EAAf,SAAqG,CAAT,GAAY;AAAC,QAAK,kBAAL,CAAD;EAAZ,SAA8C,CAAT,CAAW,CAAX,EAAa;AAAC,MAAI,IAAE,EAAE,IAAF,CAAP,IAAiB,OAAO,KAAK,SAAL,KAAiB,WAAxB,IAAqC,CAArC,EAAuC,KAAK,SAAL,GAAe,EAAE,QAAF,CAAzD,IAAuE,OAAO,EAAE,KAAF,KAAU,QAAjB,EAA0B;AAAC,KAAE,WAAF,CAAc,EAAC,UAAS,KAAK,SAAL,EAAe,SAAQ,KAAK,KAAL,CAAW,EAAE,KAAF,EAAQ,EAAE,MAAF,CAA3B,EAAqC,UAAS,IAAT,EAA5E,EAAD;GAA7B,MAA+H,IAAG,EAAE,IAAF,IAAQ,EAAE,KAAF,YAAmB,IAAnB,IAAyB,EAAE,KAAF,YAAmB,MAAnB,EAA0B;AAAC,OAAI,IAAE,KAAK,KAAL,CAAW,EAAE,KAAF,EAAQ,EAAE,MAAF,CAArB,CAAL,IAAuC,CAAH,EAAK,EAAE,WAAF,CAAc,EAAC,UAAS,KAAK,SAAL,EAAe,SAAQ,CAAR,EAAU,UAAS,IAAT,EAAjD,EAAL;GAAlG;EAA9N,SAAgZ,CAAT,CAAW,CAAX,EAAa;AAAC,MAAG,QAAO,8DAAP,KAAW,QAAX,EAAoB,OAAO,CAAP,CAAvB,IAAoC,IAAE,aAAa,KAAb,GAAmB,EAAnB,GAAsB,EAAtB,CAAvC,KAAoE,IAAI,CAAJ,2CAAS,EAAb;AAAe,KAAE,CAAF,IAAK,EAAE,EAAE,CAAF,CAAF,CAAL;GAAf,OAAmC,CAAP,CAA5F;EAAb,SAA2H,CAAT,CAAW,CAAX,EAAa,CAAb,EAAe;AAAC,SAAO,YAAU;AAAC,KAAE,KAAF,CAAQ,CAAR,EAAU,SAAV,EAAD;GAAV,CAAR;EAAf,SAAiE,CAAT,CAAW,CAAX,EAAa;AAAC,SAAO,OAAO,CAAP,KAAW,UAAX,CAAR;EAAb,IAA+C,IAAE,CAAC,EAAE,QAAF;KAAW,IAAE,KAAF;KAAQ,CAA1B,CAA3pY,IAA2rY,IAAE,EAAF;KAAK,IAAE,CAAF,CAAhsY,CAAosY,CAAE,IAAF,GAAO,EAAP,CAApsY,CAA8sY,CAAE,IAAF,CAAO,KAAP,GAAa,CAAb,CAA9sY,CAA6tY,CAAE,IAAF,CAAO,OAAP,GAAe,CAAf,CAA7tY,CAA8uY,CAAE,IAAF,CAAO,UAAP,GAAkB,OAAO,YAAP,CAAoB,EAApB,CAAlB,CAA9uY,CAAwxY,CAAE,IAAF,CAAO,QAAP,GAAgB,OAAO,YAAP,CAAoB,EAApB,CAAhB,CAAxxY,CAAg0Y,CAAE,IAAF,CAAO,eAAP,GAAuB,GAAvB,CAAh0Y,CAA21Y,CAAE,IAAF,CAAO,cAAP,GAAsB,CAAC,IAAD,EAAM,IAAN,EAAW,GAAX,EAAe,EAAE,IAAF,CAAO,eAAP,CAArC,CAA31Y,CAAw5Y,CAAE,IAAF,CAAO,iBAAP,GAAyB,CAAC,CAAC,EAAE,MAAF,CAAn7Y,CAA47Y,CAAE,IAAF,CAAO,WAAP,GAAmB,IAAnB,CAA57Y,CAAo9Y,CAAE,IAAF,CAAO,cAAP,GAAsB,OAAK,IAAL,GAAU,EAAV,CAA1+Y,CAAu/Y,CAAE,IAAF,CAAO,eAAP,GAAuB,OAAK,IAAL,GAAU,CAAV,CAA9gZ,CAA0hZ,CAAE,IAAF,CAAO,gBAAP,GAAwB,GAAxB,CAA1hZ,CAAsjZ,CAAE,IAAF,CAAO,MAAP,GAAc,CAAd,CAAtjZ,CAAskZ,CAAE,IAAF,CAAO,YAAP,GAAoB,CAApB,CAAtkZ,CAA4lZ,CAAE,IAAF,CAAO,eAAP,GAAuB,CAAvB,CAA5lZ,CAAqnZ,CAAE,IAAF,CAAO,YAAP,GAAoB,CAApB,CAArnZ,CAA2oZ,CAAE,IAAF,CAAO,cAAP,GAAsB,CAAtB,CAA3oZ,IAAsqZ,EAAE,MAAF,EAAS;AAAC,MAAI,IAAE,EAAE,MAAF,CAAP,CAAgB,CAAE,EAAF,CAAK,KAAL,GAAW,UAAS,CAAT,EAAW;AAAC,YAAS,CAAT,GAAY;AAAC,QAAG,EAAE,MAAF,IAAU,CAAV,EAAY;AAAC,SAAG,EAAE,EAAE,QAAF,CAAL,EAAiB,EAAE,QAAF,GAAjB,OAAD;KAAf,IAAyD,IAAE,EAAE,CAAF,CAAF,CAA1D,IAAoE,EAAE,EAAE,MAAF,CAAL,EAAe;AAAC,SAAI,IAAE,EAAE,MAAF,CAAS,EAAE,IAAF,EAAO,EAAE,SAAF,CAAlB,CAAL,IAAuC,QAAO,8DAAP,KAAW,QAAX,EAAoB;AAAC,UAAG,EAAE,MAAF,IAAU,OAAV,EAAkB;AAAC,SAAE,YAAF,EAAe,EAAE,IAAF,EAAO,EAAE,SAAF,EAAY,EAAE,MAAF,CAAlC,CAAD;OAArB,MAA8E,IAAG,EAAE,MAAF,IAAU,MAAV,EAAiB;AAAC,WAAD;OAApB,MAAqC,IAAG,yBAAO,EAAE,MAAF,CAAP,KAAkB,QAAlB,EAA2B,EAAE,cAAF,GAAiB,EAAE,MAAF,CAAS,EAAE,cAAF,EAAiB,EAAE,MAAF,CAA3C,CAA9B;MAA3I,MAAmO,IAAG,KAAG,MAAH,EAAU;AAAC,UAAD;MAAb;KAAtR,IAAoT,IAAE,EAAE,cAAF,CAAiB,QAAjB,CAAvX,CAAiZ,CAAE,cAAF,CAAiB,QAAjB,GAA0B,UAAS,CAAT,EAAW;AAAC,SAAG,EAAE,CAAF,CAAH,EAAQ,EAAE,CAAF,EAAI,EAAE,IAAF,EAAO,EAAE,SAAF,CAAX,CAAR,CAAgC,GAAjC;KAAX,CAA3a,IAA4d,CAAK,KAAL,CAAW,EAAE,IAAF,EAAO,EAAE,cAAF,CAAlB,CAA5d;IAAZ,SAAqhB,CAAT,CAAW,CAAX,EAAa,CAAb,EAAe,CAAf,EAAiB,CAAjB,EAAmB;AAAC,QAAG,EAAE,EAAE,KAAF,CAAL,EAAc,EAAE,KAAF,CAAQ,EAAC,MAAK,CAAL,EAAT,EAAiB,CAAjB,EAAmB,CAAnB,EAAqB,CAArB,EAAd;IAApB,SAAmE,CAAT,GAAY;AAAC,MAAE,MAAF,CAAS,CAAT,EAAW,CAAX,EAAD,CAAe,GAAf;IAAZ,IAAmC,IAAE,EAAE,MAAF,IAAU,EAAV,CAA5mB,IAA6nB,IAAE,EAAF,CAA7nB,IAAkoB,CAAK,IAAL,CAAU,UAAS,CAAT,EAAW;AAAC,QAAI,IAAE,EAAE,IAAF,EAAQ,IAAR,CAAa,SAAb,EAAwB,WAAxB,MAAuC,OAAvC,IAAgD,EAAE,IAAF,EAAQ,IAAR,CAAa,MAAb,EAAqB,WAArB,MAAoC,MAApC,IAA4C,EAAE,UAAF,CAAnG,IAAmH,CAAC,CAAD,IAAI,CAAC,KAAK,KAAL,IAAY,KAAK,KAAL,CAAW,MAAX,IAAmB,CAAnB,EAAqB,OAAO,IAAP,CAAzC,KAAyD,IAAI,IAAE,CAAF,EAAI,IAAE,KAAK,KAAL,CAAW,MAAX,EAAkB,GAAhC,EAAoC;AAAC,OAAE,IAAF,CAAO,EAAC,MAAK,KAAK,KAAL,CAAW,CAAX,CAAL,EAAmB,WAAU,IAAV,EAAe,gBAAe,EAAE,MAAF,CAAS,EAAT,EAAY,CAAZ,CAAf,EAA1C,EAAD;KAApC;IAAhL,CAAV,CAAloB,CAA86B,GAA96B,OAAy7B,IAAP,CAAl7B;GAAX,CAA3B;EAAZ,IAAo/B,CAAH,EAAK;AAAC,IAAE,SAAF,GAAY,CAAZ,CAAD;EAAL,MAAyB,IAAG,KAAK,iBAAL,EAAuB;AAAC,MAAE,GAAF,CAAD,IAAU,CAAC,SAAS,IAAT,EAAc;AAAC,OAAE,IAAF,CAAD;GAAlB,MAA8B;AAAC,YAAS,gBAAT,CAA0B,kBAA1B,EAA6C,YAAU;AAAC,QAAE,IAAF,CAAD;IAAV,EAAmB,IAAhE,EAAD;GAA9B;EAAjC,CAAuI,CAAE,SAAF,GAAY,OAAO,MAAP,CAAc,EAAE,SAAF,CAA1B,CAApzb,CAA21b,CAAE,SAAF,CAAY,WAAZ,GAAwB,CAAxB,CAA31b,CAAq3b,CAAE,SAAF,GAAY,OAAO,MAAP,CAAc,EAAE,SAAF,CAA1B,CAAr3b,CAA45b,CAAE,SAAF,CAAY,WAAZ,GAAwB,CAAxB,CAA55b,CAAs7b,CAAE,SAAF,GAAY,OAAO,MAAP,CAAc,EAAE,SAAF,CAA1B,CAAt7b,CAA69b,CAAE,SAAF,CAAY,WAAZ,GAAwB,CAAxB,CAA79b;CAAX,CAAogc,IAArgc,CAAD","file":"/client/lib/compatibility/papaparse.min.js.map","sourcesContent":["/*!\n\tPapa Parse\n\tv4.1.0\n\thttps://github.com/mholt/PapaParse\n*/\n!(function(e){\"use strict\";function u(t,n){n=n||{};if(n.worker&&Papa.WORKERS_SUPPORTED){var r=m();r.userStep=n.step;r.userChunk=n.chunk;r.userComplete=n.complete;r.userError=n.error;n.step=x(n.step);n.chunk=x(n.chunk);n.complete=x(n.complete);n.error=x(n.error);delete n.worker;r.postMessage({input:t,config:n,workerId:r.id});return}var i=null;if(typeof t===\"string\"){if(n.download)i=new l(n);else i=new h(n)}else if(e.File&&t instanceof File||t instanceof Object)i=new c(n);return i.stream(t)}function a(t,n){function a(){if(typeof n!==\"object\")return;if(typeof n.delimiter===\"string\"&&n.delimiter.length==1&&e.Papa.BAD_DELIMITERS.indexOf(n.delimiter)==-1){o=n.delimiter}if(typeof n.quotes===\"boolean\"||n.quotes instanceof Array)s=n.quotes;if(typeof n.newline===\"string\")u=n.newline}function f(e){if(typeof e!==\"object\")return[];var t=[];for(var n in e)t.push(n);return t}function l(e,t){var n=\"\";if(typeof e===\"string\")e=JSON.parse(e);if(typeof t===\"string\")t=JSON.parse(t);var r=e instanceof Array&&e.length>0;var i=!(t[0]instanceof Array);if(r){for(var s=0;s<e.length;s++){if(s>0)n+=o;n+=c(e[s],s)}if(t.length>0)n+=u}for(var a=0;a<t.length;a++){var f=r?e.length:t[a].length;for(var l=0;l<f;l++){if(l>0)n+=o;var h=r&&i?e[l]:l;n+=c(t[a][h],l)}if(a<t.length-1)n+=u}return n}function c(t,n){if(typeof t===\"undefined\"||t===null)return\"\";t=t.toString().replace(/\"/g,'\"\"');var r=typeof s===\"boolean\"&&s||s instanceof Array&&s[n]||h(t,e.Papa.BAD_DELIMITERS)||t.indexOf(o)>-1||t.charAt(0)==\" \"||t.charAt(t.length-1)==\" \";return r?'\"'+t+'\"':t}function h(e,t){for(var n=0;n<t.length;n++)if(e.indexOf(t[n])>-1)return true;return false}var r=\"\";var i=[];var s=false;var o=\",\";var u=\"\\r\\n\";a();if(typeof t===\"string\")t=JSON.parse(t);if(t instanceof Array){if(!t.length||t[0]instanceof Array)return l(null,t);else if(typeof t[0]===\"object\")return l(f(t[0]),t)}else if(typeof t===\"object\"){if(typeof t.data===\"string\")t.data=JSON.parse(t.data);if(t.data instanceof Array){if(!t.fields)t.fields=t.data[0]instanceof Array?t.fields:f(t.data[0]);if(!(t.data[0]instanceof Array)&&typeof t.data[0]!==\"object\")t.data=[t.data]}return l(t.fields||[],t.data||[])}throw\"exception: Unable to serialize unrecognized input\"}function f(n){function r(e){var t=E(e);t.chunkSize=parseInt(t.chunkSize);this._handle=new p(t);this._handle.streamer=this;this._config=t}this._handle=null;this._paused=false;this._finished=false;this._input=null;this._baseIndex=0;this._partialLine=\"\";this._rowCount=0;this._start=0;this._nextChunk=null;r.call(this,n);this.parseChunk=function(n){var r=this._partialLine+n;this._partialLine=\"\";var i=this._handle.parse(r,this._baseIndex,!this._finished);if(this._handle.paused())return;var s=i.meta.cursor;if(!this._finished){this._partialLine=r.substring(s-this._baseIndex);this._baseIndex=s}if(i&&i.data)this._rowCount+=i.data.length;var o=this._finished||this._config.preview&&this._rowCount>=this._config.preview;if(t){e.postMessage({results:i,workerId:Papa.WORKER_ID,finished:o})}else if(x(this._config.chunk)){this._config.chunk(i,this._handle);if(this._paused)return;i=undefined}if(o&&x(this._config.complete)&&(!i||!i.meta.aborted))this._config.complete(i);if(!o&&(!i||!i.meta.paused))this._nextChunk();return i};this._sendError=function(n){if(x(this._config.error))this._config.error(n);else if(t&&this._config.error){e.postMessage({workerId:Papa.WORKER_ID,error:n,finished:false})}}}function l(e){function r(e){var t=e.getResponseHeader(\"Content-Range\");return parseInt(t.substr(t.lastIndexOf(\"/\")+1))}e=e||{};if(!e.chunkSize)e.chunkSize=Papa.RemoteChunkSize;f.call(this,e);var n;if(t){this._nextChunk=function(){this._readChunk();this._chunkLoaded()}}else{this._nextChunk=function(){this._readChunk()}}this.stream=function(e){this._input=e;this._nextChunk()};this._readChunk=function(){if(this._finished){this._chunkLoaded();return}n=new XMLHttpRequest;if(!t){n.onload=S(this._chunkLoaded,this);n.onerror=S(this._chunkError,this)}n.open(\"GET\",this._input,!t);if(this._config.step||this._config.chunk){var e=this._start+this._config.chunkSize-1;n.setRequestHeader(\"Range\",\"bytes=\"+this._start+\"-\"+e);n.setRequestHeader(\"If-None-Match\",\"webkit-no-cache\")}try{n.send()}catch(r){this._chunkError(r.message)}if(t&&n.status==0)this._chunkError();else this._start+=this._config.chunkSize};this._chunkLoaded=function(){if(n.readyState!=4)return;if(n.status<200||n.status>=400){this._chunkError();return}this._finished=!this._config.step&&!this._config.chunk||this._start>r(n);this.parseChunk(n.responseText)};this._chunkError=function(e){var t=n.statusText||e;this._sendError(t)}}function c(e){e=e||{};if(!e.chunkSize)e.chunkSize=Papa.LocalChunkSize;f.call(this,e);var t,n;var r=typeof FileReader!==\"undefined\";this.stream=function(e){this._input=e;n=e.slice||e.webkitSlice||e.mozSlice;if(r){t=new FileReader;t.onload=S(this._chunkLoaded,this);t.onerror=S(this._chunkError,this)}else t=new FileReaderSync;this._nextChunk()};this._nextChunk=function(){if(!this._finished&&(!this._config.preview||this._rowCount<this._config.preview))this._readChunk()};this._readChunk=function(){var e=Math.min(this._start+this._config.chunkSize,this._input.size);var i=t.readAsText(n.call(this._input,this._start,e),this._config.encoding);if(!r)this._chunkLoaded({target:{result:i}})};this._chunkLoaded=function(e){this._start+=this._config.chunkSize;this._finished=this._start>=this._input.size;this.parseChunk(e.target.result)};this._chunkError=function(){this._sendError(t.error)}}function h(e){e=e||{};f.call(this,e);var t;var n;this.stream=function(e){t=e;n=e;return this._nextChunk()};this._nextChunk=function(){if(this._finished)return;var e=this._config.chunkSize;var t=e?n.substr(0,e):n;n=e?n.substr(e):\"\";this._finished=!n;return this.parseChunk(t)}}function p(e){function c(){if(f&&u){b(\"Delimiter\",\"UndetectableDelimiter\",\"Unable to auto-detect delimiting character; defaulted to '\"+Papa.DefaultDelimiter+\"'\");u=false}if(e.skipEmptyLines){for(var t=0;t<f.data.length;t++)if(f.data[t].length==1&&f.data[t][0]==\"\")f.data.splice(t--,1)}if(h())p();return v()}function h(){return e.header&&a.length==0}function p(){if(!f)return;for(var e=0;h()&&e<f.data.length;e++)for(var t=0;t<f.data[e].length;t++)a.push(f.data[e][t]);f.data.splice(0,1)}function v(){if(!f||!e.header&&!e.dynamicTyping)return f;for(var t=0;t<f.data.length;t++){var n={};for(var r=0;r<f.data[t].length;r++){if(e.dynamicTyping){var i=f.data[t][r];if(i==\"true\")f.data[t][r]=true;else if(i==\"false\")f.data[t][r]=false;else f.data[t][r]=y(i)}if(e.header){if(r>=a.length){if(!n[\"__parsed_extra\"])n[\"__parsed_extra\"]=[];n[\"__parsed_extra\"].push(f.data[t][r])}else n[a[r]]=f.data[t][r]}}if(e.header){f.data[t]=n;if(r>a.length)b(\"FieldMismatch\",\"TooManyFields\",\"Too many fields: expected \"+a.length+\" fields but parsed \"+r,t);else if(r<a.length)b(\"FieldMismatch\",\"TooFewFields\",\"Too few fields: expected \"+a.length+\" fields but parsed \"+r,t)}}if(e.header&&f.meta)f.meta.fields=a;return f}function m(t){var n=[\",\",\"\t\",\"|\",\";\",Papa.RECORD_SEP,Papa.UNIT_SEP];var r,i,s;for(var o=0;o<n.length;o++){var u=n[o];var a=0,f=0;s=undefined;var l=(new d({delimiter:u,preview:10})).parse(t);for(var c=0;c<l.data.length;c++){var h=l.data[c].length;f+=h;if(typeof s===\"undefined\"){s=h;continue}else if(h>1){a+=Math.abs(h-s);s=h}}f/=l.data.length;if((typeof i===\"undefined\"||a<i)&&f>1.99){i=a;r=u}}e.delimiter=r;return{successful:!!r,bestDelimiter:r}}function g(e){e=e.substr(0,1024*1024);var t=e.split(\"\\r\");if(t.length==1)return\"\\n\";var n=0;for(var r=0;r<t.length;r++){if(t[r][0]==\"\\n\")n++}return n>=t.length/2?\"\\r\\n\":\"\\r\"}function y(e){var n=t.test(e);return n?parseFloat(e):e}function b(e,t,n,r){f.errors.push({type:e,code:t,message:n,row:r})}var t=/^\\s*-?(\\d*\\.?\\d+|\\d+\\.?\\d*)(e[-+]?\\d+)?\\s*$/i;var n=this;var r=0;var i;var s;var o=false;var u;var a=[];var f={data:[],errors:[],meta:{}};if(x(e.step)){var l=e.step;e.step=function(t){f=t;if(h())c();else{c();if(f.data.length==0)return;r+=t.data.length;if(e.preview&&r>e.preview)s.abort();else l(f,n)}}}this.parse=function(t,n,r){if(!e.newline)e.newline=g(t);u=false;if(!e.delimiter){var a=m(t);if(a.successful)e.delimiter=a.bestDelimiter;else{u=true;e.delimiter=Papa.DefaultDelimiter}f.meta.delimiter=e.delimiter}var l=E(e);if(e.preview&&e.header)l.preview++;i=t;s=new d(l);f=s.parse(i,n,r);c();return o?{meta:{paused:true}}:f||{meta:{paused:false}}};this.paused=function(){return o};this.pause=function(){o=true;s.abort();i=i.substr(s.getCharIndex())};this.resume=function(){o=false;n.streamer.parseChunk(i)};this.abort=function(){s.abort();if(x(e.complete))e.complete(f);i=\"\"}}function d(e){e=e||{};var t=e.delimiter;var n=e.newline;var r=e.comments;var i=e.step;var s=e.preview;var o=e.fastMode;if(typeof t!==\"string\"||t.length!=1||Papa.BAD_DELIMITERS.indexOf(t)>-1)t=\",\";if(r===t)throw\"Comment character same as delimiter\";else if(r===true)r=\"#\";else if(typeof r!==\"string\"||Papa.BAD_DELIMITERS.indexOf(r)>-1)r=false;if(n!=\"\\n\"&&n!=\"\\r\"&&n!=\"\\r\\n\")n=\"\\n\";var u=0;var a=false;this.parse=function(e,f,l){function C(e){m.push(e);b=u}function k(t){if(l)return A();if(!t)t=e.substr(u);y.push(t);u=c;C(y);if(v)O();return A()}function L(t){u=t;C(y);y=[];x=e.indexOf(n,u)}function A(e){return{data:m,errors:g,meta:{delimiter:t,linebreak:n,aborted:a,truncated:!!e,cursor:b+(f||0)}}}function O(){i(A());m=[],g=[]}if(typeof e!==\"string\")throw\"Input must be a string\";var c=e.length,h=t.length,p=n.length,d=r.length;var v=typeof i===\"function\";u=0;var m=[],g=[],y=[],b=0;if(!e)return A();if(o||o!==false&&e.indexOf('\"')===-1){var w=e.split(n);for(var E=0;E<w.length;E++){var y=w[E];u+=y.length;if(E!==w.length-1)u+=n.length;else if(l)return A();if(r&&y.substr(0,d)==r)continue;if(v){m=[];C(y.split(t));O();if(a)return A()}else C(y.split(t));if(s&&E>=s){m=m.slice(0,s);return A(true)}}return A()}var S=e.indexOf(t,u);var x=e.indexOf(n,u);for(;;){if(e[u]=='\"'){var T=u;u++;for(;;){var T=e.indexOf('\"',T+1);if(T===-1){if(!l){g.push({type:\"Quotes\",code:\"MissingQuotes\",message:\"Quoted field unterminated\",row:m.length,index:u})}return k()}if(T===c-1){var N=e.substring(u,T).replace(/\"\"/g,'\"');return k(N)}if(e[T+1]=='\"'){T++;continue}if(e[T+1]==t){y.push(e.substring(u,T).replace(/\"\"/g,'\"'));u=T+1+h;S=e.indexOf(t,u);x=e.indexOf(n,u);break}if(e.substr(T+1,p)===n){y.push(e.substring(u,T).replace(/\"\"/g,'\"'));L(T+1+p);S=e.indexOf(t,u);if(v){O();if(a)return A()}if(s&&m.length>=s)return A(true);break}}continue}if(r&&y.length===0&&e.substr(u,d)===r){if(x==-1)return A();u=x+p;x=e.indexOf(n,u);S=e.indexOf(t,u);continue}if(S!==-1&&(S<x||x===-1)){y.push(e.substring(u,S));u=S+h;S=e.indexOf(t,u);continue}if(x!==-1){y.push(e.substring(u,x));L(x+p);if(v){O();if(a)return A()}if(s&&m.length>=s)return A(true);continue}break}return k()};this.abort=function(){a=true};this.getCharIndex=function(){return u}}function v(){var e=document.getElementsByTagName(\"script\");return e.length?e[e.length-1].src:\"\"}function m(){if(!Papa.WORKERS_SUPPORTED)return false;if(!n&&Papa.SCRIPT_PATH===null)throw new Error(\"Script path cannot be determined automatically when Papa Parse is loaded asynchronously. \"+\"You need to set Papa.SCRIPT_PATH manually.\");var t=new e.Worker(Papa.SCRIPT_PATH||r);t.onmessage=g;t.id=s++;i[t.id]=t;return t}function g(e){var t=e.data;var n=i[t.workerId];var r=false;if(t.error)n.userError(t.error,t.file);else if(t.results&&t.results.data){var s=function(){r=true;y(t.workerId,{data:[],errors:[],meta:{aborted:true}})};var o={abort:s,pause:b,resume:b};if(x(n.userStep)){for(var u=0;u<t.results.data.length;u++){n.userStep({data:[t.results.data[u]],errors:t.results.errors,meta:t.results.meta},o);if(r)break}delete t.results}else if(x(n.userChunk)){n.userChunk(t.results,o,t.file);delete t.results}}if(t.finished&&!r)y(t.workerId,t.results)}function y(e,t){var n=i[e];if(x(n.userComplete))n.userComplete(t);n.terminate();delete i[e]}function b(){throw\"Not implemented.\"}function w(t){var n=t.data;if(typeof Papa.WORKER_ID===\"undefined\"&&n)Papa.WORKER_ID=n.workerId;if(typeof n.input===\"string\"){e.postMessage({workerId:Papa.WORKER_ID,results:Papa.parse(n.input,n.config),finished:true})}else if(e.File&&n.input instanceof File||n.input instanceof Object){var r=Papa.parse(n.input,n.config);if(r)e.postMessage({workerId:Papa.WORKER_ID,results:r,finished:true})}}function E(e){if(typeof e!==\"object\")return e;var t=e instanceof Array?[]:{};for(var n in e)t[n]=E(e[n]);return t}function S(e,t){return function(){e.apply(t,arguments)}}function x(e){return typeof e===\"function\"}var t=!e.document,n=false,r;var i={},s=0;e.Papa={};e.Papa.parse=u;e.Papa.unparse=a;e.Papa.RECORD_SEP=String.fromCharCode(30);e.Papa.UNIT_SEP=String.fromCharCode(31);e.Papa.BYTE_ORDER_MARK=\"﻿\";e.Papa.BAD_DELIMITERS=[\"\\r\",\"\\n\",'\"',e.Papa.BYTE_ORDER_MARK];e.Papa.WORKERS_SUPPORTED=!!e.Worker;e.Papa.SCRIPT_PATH=null;e.Papa.LocalChunkSize=1024*1024*10;e.Papa.RemoteChunkSize=1024*1024*5;e.Papa.DefaultDelimiter=\",\";e.Papa.Parser=d;e.Papa.ParserHandle=p;e.Papa.NetworkStreamer=l;e.Papa.FileStreamer=c;e.Papa.StringStreamer=h;if(e.jQuery){var o=e.jQuery;o.fn.parse=function(t){function i(){if(r.length==0){if(x(t.complete))t.complete();return}var e=r[0];if(x(t.before)){var n=t.before(e.file,e.inputElem);if(typeof n===\"object\"){if(n.action==\"abort\"){s(\"AbortError\",e.file,e.inputElem,n.reason);return}else if(n.action==\"skip\"){u();return}else if(typeof n.config===\"object\")e.instanceConfig=o.extend(e.instanceConfig,n.config)}else if(n==\"skip\"){u();return}}var i=e.instanceConfig.complete;e.instanceConfig.complete=function(t){if(x(i))i(t,e.file,e.inputElem);u()};Papa.parse(e.file,e.instanceConfig)}function s(e,n,r,i){if(x(t.error))t.error({name:e},n,r,i)}function u(){r.splice(0,1);i()}var n=t.config||{};var r=[];this.each(function(t){var i=o(this).prop(\"tagName\").toUpperCase()==\"INPUT\"&&o(this).attr(\"type\").toLowerCase()==\"file\"&&e.FileReader;if(!i||!this.files||this.files.length==0)return true;for(var s=0;s<this.files.length;s++){r.push({file:this.files[s],inputElem:this,instanceConfig:o.extend({},n)})}});i();return this}}if(t){e.onmessage=w}else if(Papa.WORKERS_SUPPORTED){r=v();if(!document.body){n=true}else{document.addEventListener(\"DOMContentLoaded\",function(){n=true},true)}}l.prototype=Object.create(f.prototype);l.prototype.constructor=l;c.prototype=Object.create(f.prototype);c.prototype.constructor=c;h.prototype=Object.create(h.prototype);h.prototype.constructor=h})(this);"]},"hash":"d8d10a1e93d62cc8c34d17fee6d85cdbfd57e473"}
