{"metadata":{"usedHelpers":[],"marked":[],"modules":{"imports":[{"source":"meteor/templating","imported":["Template"],"specifiers":[{"kind":"named","imported":"Template","local":"Template"}]},{"source":"meteor/reactive-var","imported":["ReactiveVar"],"specifiers":[{"kind":"named","imported":"ReactiveVar","local":"ReactiveVar"}]},{"source":"./main.html","imported":[],"specifiers":[]}],"exports":{"exported":[],"specifiers":[]}}},"options":{"filename":"/client/main.js","filenameRelative":"/client/main.js","env":{},"retainLines":false,"highlightCode":true,"suppressDeprecationMessages":false,"presets":[],"plugins":[[[],null],[[],null],[[],null],[[],null],[[],null],[[],null],[[],null],[[],{"polyfill":false}],[[],null],[[],null],[[],null],[[],null],[[],null],[[],null],[[],null],[[],null],[[],{"loose":true}],[[],{"loose":true}],[[],null],[[],{"loose":true}],[[],null],[[],null],[[],{"allowTopLevelThis":true,"strict":false,"loose":true}],[[],null],[[],null],[[],null],[[],null],[[],null],[[],{"loose":true}],[[],null],[[],null],[[],null],[[],null],[[],null],[[],null],[[],null],[[],null]],"ignore":[],"code":true,"metadata":true,"ast":false,"comments":true,"compact":false,"minified":false,"sourceMap":true,"sourceMaps":true,"sourceMapTarget":"/client/main.js.map","sourceFileName":"/client/main.js","babelrc":false,"sourceType":"module","moduleIds":false,"passPerPreset":false,"basename":"main"},"ignored":false,"code":"var _templating = require('meteor/templating');\n\nvar _reactiveVar = require('meteor/reactive-var');\n\nrequire('./main.html');\n\n_templating.Template.hello.onCreated(function () {\n  function helloOnCreated() {\n    // counter starts at 0\n    this.counter = new _reactiveVar.ReactiveVar(0);\n  }\n\n  return helloOnCreated;\n}());\n\n_templating.Template.hello.helpers({\n  counter: function () {\n    function counter() {\n      return _templating.Template.instance().counter.get();\n    }\n\n    return counter;\n  }()\n});\n\n_templating.Template.hello.events({\n  'click button': function () {\n    function clickButton(event, instance) {\n      // increment the counter when button is clicked\n      instance.counter.set(instance.counter.get() + 1);\n    }\n\n    return clickButton;\n  }()\n});","ast":null,"map":{"version":3,"sources":["/client/main.js"],"names":[],"mappings":"AAAA;;AACA;;AAEA;;AAEA,qBAAS,KAAT,CAAe,SAAf;AAAyB,WAAS,cAAT,GAA0B;;AAEjD,SAAK,OAAL,GAAe,6BAAgB,CAAhB,CAAf,CAFiD;GAA1B;;SAAS;GAAlC;;AAKA,qBAAS,KAAT,CAAe,OAAf,CAAuB;AACrB;uBAAU;AACR,aAAO,qBAAS,QAAT,GAAoB,OAApB,CAA4B,GAA5B,EAAP,CADQ;;;;KADW;CAAvB;;AAMA,qBAAS,KAAT,CAAe,MAAf,CAAsB;AACpB;yBAAe,OAAO,UAAU;;AAE9B,eAAS,OAAT,CAAiB,GAAjB,CAAqB,SAAS,OAAT,CAAiB,GAAjB,KAAyB,CAAzB,CAArB,CAF8B;;;;KADZ;CAAtB","file":"/client/main.js.map","sourcesContent":["import { Template } from 'meteor/templating';\nimport { ReactiveVar } from 'meteor/reactive-var';\n\nimport './main.html';\n\nTemplate.hello.onCreated(function helloOnCreated() {\n  // counter starts at 0\n  this.counter = new ReactiveVar(0);\n});\n\nTemplate.hello.helpers({\n  counter() {\n    return Template.instance().counter.get();\n  },\n});\n\nTemplate.hello.events({\n  'click button'(event, instance) {\n    // increment the counter when button is clicked\n    instance.counter.set(instance.counter.get() + 1);\n  },\n});\n"]},"hash":"da37f211e8cf9e2df48dafc89a35cc23015c3cab"}
