{"metadata":{"usedHelpers":[],"marked":[],"modules":{"imports":[],"exports":{"exported":[],"specifiers":[]}}},"options":{"filename":"/client/lib/compatibility/slicklab/js/vmap-init.js","filenameRelative":"/client/lib/compatibility/slicklab/js/vmap-init.js","env":{},"retainLines":false,"highlightCode":true,"suppressDeprecationMessages":false,"presets":[],"plugins":[[[],null],[[],null],[[],null],[[],null],[[],null],[[],null],[[],null],[[],{"polyfill":false}],[[],null],[[],null],[[],null],[[],null],[[],null],[[],null],[[],null],[[],null],[[],{"loose":true}],[[],{"loose":true}],[[],null],[[],{"loose":true}],[[],null],[[],null],[[],{"allowTopLevelThis":true,"strict":false,"loose":true}],[[],null],[[],null],[[],null],[[],null],[[],null],[[],{"loose":true}],[[],null],[[],null],[[],null],[[],null],[[],null],[[],null],[[],null],[[],null]],"ignore":[],"code":true,"metadata":true,"ast":false,"comments":true,"compact":false,"minified":false,"sourceMap":true,"sourceMaps":true,"sourceMapTarget":"/client/lib/compatibility/slicklab/js/vmap-init.js.map","sourceFileName":"/client/lib/compatibility/slicklab/js/vmap-init.js","babelrc":false,"sourceType":"module","moduleIds":false,"passPerPreset":false,"basename":"vmap-init"},"ignored":false,"code":"\n\njQuery('#world-vmap').vectorMap({\n    map: 'world_en',\n    backgroundColor: null,\n    color: '#ffffff',\n    hoverOpacity: 0.7,\n    selectedColor: '#666666',\n    enableZoom: true,\n    borderWidth: 1,\n    showTooltip: true,\n    values: sample_data,\n    scaleColors: ['#a4a4a4', '#eaeaea'],\n    normalizeFunction: 'polynomial'\n});\n\njQuery(document).ready(function () {\n\n    jQuery('#europe-vmap').vectorMap({\n        map: 'europe_en',\n        backgroundColor: null,\n        color: '#ffffff',\n        borderWidth: 1,\n        hoverOpacity: 0.7,\n        selectedColor: '#666666',\n        enableZoom: true,\n        showTooltip: true,\n        values: sample_data,\n        scaleColors: ['#a4a4a4', '#eaeaea'],\n        normalizeFunction: 'polynomial'\n    });\n\n    jQuery('#asia-vmap').vectorMap({\n        map: 'asia_en',\n        backgroundColor: null,\n        color: '#ffffff',\n        borderWidth: 1,\n        hoverOpacity: 0.7,\n        selectedColor: '#666666',\n        enableZoom: true,\n        showTooltip: true,\n        values: sample_data,\n        scaleColors: ['#a4a4a4', '#eaeaea'],\n        normalizeFunction: 'polynomial'\n    });\n\n    jQuery('#australia-vmap').vectorMap({\n        map: 'australia_en',\n        backgroundColor: null,\n        color: '#ffffff',\n        borderWidth: 1,\n        hoverOpacity: 0.7,\n        selectedColor: '#666666',\n        enableZoom: true,\n        showTooltip: true,\n        values: sample_data,\n        scaleColors: ['#a4a4a4', '#eaeaea'],\n        normalizeFunction: 'polynomial'\n    });\n});","ast":null,"map":{"version":3,"sources":["/client/lib/compatibility/slicklab/js/vmap-init.js"],"names":[],"mappings":";;AAEI,OAAO,aAAP,EAAsB,SAAtB,CAAgC;AAC5B,SAAK,UAAL;AACA,qBAAiB,IAAjB;AACA,WAAO,SAAP;AACA,kBAAc,GAAd;AACA,mBAAe,SAAf;AACA,gBAAY,IAAZ;AACA,iBAAY,CAAZ;AACA,iBAAa,IAAb;AACA,YAAQ,WAAR;AACA,iBAAa,CAAC,SAAD,EAAY,SAAZ,CAAb;AACA,uBAAmB,YAAnB;CAXJ;;AAeH,OAAO,QAAP,EAAiB,KAAjB,CAAuB,YAAW;;AAE3B,WAAO,cAAP,EAAuB,SAAvB,CAAiC;AAC7B,aAAK,WAAL;AACA,yBAAiB,IAAjB;AACA,eAAO,SAAP;AACA,qBAAY,CAAZ;AACA,sBAAc,GAAd;AACA,uBAAe,SAAf;AACA,oBAAY,IAAZ;AACA,qBAAa,IAAb;AACA,gBAAQ,WAAR;AACA,qBAAa,CAAC,SAAD,EAAY,SAAZ,CAAb;AACA,2BAAmB,YAAnB;KAXJ,EAF2B;;AAoB3B,WAAO,YAAP,EAAqB,SAArB,CAA+B;AAC3B,aAAK,SAAL;AACA,yBAAiB,IAAjB;AACA,eAAO,SAAP;AACA,qBAAY,CAAZ;AACA,sBAAc,GAAd;AACA,uBAAe,SAAf;AACA,oBAAY,IAAZ;AACA,qBAAa,IAAb;AACA,gBAAQ,WAAR;AACA,qBAAa,CAAC,SAAD,EAAY,SAAZ,CAAb;AACA,2BAAmB,YAAnB;KAXJ,EApB2B;;AAoC3B,WAAO,iBAAP,EAA0B,SAA1B,CAAoC;AAChC,aAAK,cAAL;AACA,yBAAiB,IAAjB;AACA,eAAO,SAAP;AACA,qBAAY,CAAZ;AACA,sBAAc,GAAd;AACA,uBAAe,SAAf;AACA,oBAAY,IAAZ;AACA,qBAAa,IAAb;AACA,gBAAQ,WAAR;AACA,qBAAa,CAAC,SAAD,EAAY,SAAZ,CAAb;AACA,2BAAmB,YAAnB;KAXJ,EApC2B;CAAX,CAAvB","file":"/client/lib/compatibility/slicklab/js/vmap-init.js.map","sourcesContent":["\n\n    jQuery('#world-vmap').vectorMap({\n        map: 'world_en',\n        backgroundColor: null,\n        color: '#ffffff',\n        hoverOpacity: 0.7,\n        selectedColor: '#666666',\n        enableZoom: true,\n        borderWidth:1,\n        showTooltip: true,\n        values: sample_data,\n        scaleColors: ['#a4a4a4', '#eaeaea'],\n        normalizeFunction: 'polynomial'\n    });\n\n\n jQuery(document).ready(function() {\n   \n        jQuery('#europe-vmap').vectorMap({\n            map: 'europe_en',\n            backgroundColor: null,\n            color: '#ffffff',\n            borderWidth:1,\n            hoverOpacity: 0.7,\n            selectedColor: '#666666',\n            enableZoom: true,\n            showTooltip: true,\n            values: sample_data,\n            scaleColors: ['#a4a4a4', '#eaeaea'],\n            normalizeFunction: 'polynomial'\n        });\n \n\n\n\n\n        jQuery('#asia-vmap').vectorMap({\n            map: 'asia_en',\n            backgroundColor: null,\n            color: '#ffffff',\n            borderWidth:1,\n            hoverOpacity: 0.7,\n            selectedColor: '#666666',\n            enableZoom: true,\n            showTooltip: true,\n            values: sample_data,\n            scaleColors: ['#a4a4a4', '#eaeaea'],\n            normalizeFunction: 'polynomial'\n        });\n\n\n\n        jQuery('#australia-vmap').vectorMap({\n            map: 'australia_en',\n            backgroundColor: null,\n            color: '#ffffff',\n            borderWidth:1,\n            hoverOpacity: 0.7,\n            selectedColor: '#666666',\n            enableZoom: true,\n            showTooltip: true,\n            values: sample_data,\n            scaleColors: ['#a4a4a4', '#eaeaea'],\n            normalizeFunction: 'polynomial'\n        });\n\n });"]},"hash":"e16f8960f51740d059db170534d29601275b8ffd"}
