{"metadata":{"usedHelpers":[],"marked":[],"modules":{"imports":[],"exports":{"exported":[],"specifiers":[]}}},"options":{"filename":"/client/lib/compatibility/slicklab/js/morris-init.js","filenameRelative":"/client/lib/compatibility/slicklab/js/morris-init.js","env":{},"retainLines":false,"highlightCode":true,"suppressDeprecationMessages":false,"presets":[],"plugins":[[[],null],[[],null],[[],null],[[],null],[[],null],[[],null],[[],null],[[],{"polyfill":false}],[[],null],[[],null],[[],null],[[],null],[[],null],[[],null],[[],null],[[],null],[[],{"loose":true}],[[],{"loose":true}],[[],null],[[],{"loose":true}],[[],null],[[],null],[[],{"allowTopLevelThis":true,"strict":false,"loose":true}],[[],null],[[],null],[[],null],[[],null],[[],null],[[],{"loose":true}],[[],null],[[],null],[[],null],[[],null],[[],null],[[],null],[[],null],[[],null]],"ignore":[],"code":true,"metadata":true,"ast":false,"comments":true,"compact":false,"minified":false,"sourceMap":true,"sourceMaps":true,"sourceMapTarget":"/client/lib/compatibility/slicklab/js/morris-init.js.map","sourceFileName":"/client/lib/compatibility/slicklab/js/morris-init.js","babelrc":false,"sourceType":"module","moduleIds":false,"passPerPreset":false,"basename":"morris-init"},"ignored":false,"code":"\n// bar chart\n\nMorris.Bar({\n    element: 'bar-chart',\n    data: [{ x: '2015 Q1', y: 2, z: 4, a: 3 }, { x: '2015 Q2', y: 2, z: null, a: 1 }, { x: '2015 Q3', y: 0, z: 2, a: 4 }, { x: '2015 Q4', y: 2, z: 4, a: 3 }],\n    xkey: 'x',\n    ykeys: ['y', 'z', 'a'],\n    labels: ['Y', 'Z', 'A'],\n    barColors: ['#4EC9B4', '#868BB8', '#ffe157']\n\n});\n\nvar day_data = [{ \"elapsed\": \"I\", \"value\": 8 }, { \"elapsed\": \"II\", \"value\": 34 }, { \"elapsed\": \"III\", \"value\": 53 }, { \"elapsed\": \"IV\", \"value\": 12 }, { \"elapsed\": \"V\", \"value\": 13 }, { \"elapsed\": \"VI\", \"value\": 22 }, { \"elapsed\": \"VII\", \"value\": 5 }, { \"elapsed\": \"VIII\", \"value\": 26 }, { \"elapsed\": \"IX\", \"value\": 12 }, { \"elapsed\": \"X\", \"value\": 19 }];\n\n// line chart\n\nMorris.Line({\n    element: 'line-chart',\n    data: day_data,\n    xkey: 'elapsed',\n    ykeys: ['value'],\n    labels: ['value'],\n    lineColors: ['#868BB8'],\n    parseTime: false,\n    lineWidth: 1\n});\n\n// area line chart\n\nMorris.Area({\n    element: 'area-line-chart',\n    behaveLikeLine: false,\n    data: [{ x: '2011 Q1', y: 2, z: 1 }, { x: '2011 Q2', y: 3, z: 3 }, { x: '2011 Q3', y: 5, z: 5 }, { x: '2011 Q4', y: 4, z: 3 }, { x: '2011 Q5', y: 3, z: 2 }],\n    xkey: 'x',\n    ykeys: ['y', 'z'],\n    labels: ['Y', 'Z'],\n    lineColors: ['#4EC9B4', '#79D1CF'],\n    pointSize: 4,\n    lineWidth: 1\n\n});\n\n// donut chart\n\nMorris.Donut({\n    element: 'donut-chart',\n    data: [{ value: 70, label: 'Frosted', formatted: 'at least 55%' }, { value: 15, label: 'Custard', formatted: 'approx. 25%' }, { value: 10, label: 'Sugar', formatted: 'approx. 10%' }, { value: 5, label: 'Long title chart', formatted: 'at most 10%' }],\n    backgroundColor: '#fff',\n    labelColor: '#1fb5ac',\n    colors: ['#4EC9B4', '#FFEA80', '#FF834D', '#868BB8'],\n    formatter: function () {\n        function formatter(x, data) {\n            return data.formatted;\n        }\n\n        return formatter;\n    }()\n});\n\n// area chart\n\nMorris.Area({\n    element: 'area-chart',\n    behaveLikeLine: true,\n    gridEnabled: false,\n    gridLineColor: '#dddddd',\n    axes: true,\n    fillOpacity: .7,\n    data: [{ period: '2010 Q1', iphone: 2666, ipad: null, itouch: 2647 }, { period: '2010 Q2', iphone: 2778, ipad: 2294, itouch: 2441 }, { period: '2010 Q3', iphone: 4912, ipad: 1969, itouch: 2501 }, { period: '2010 Q4', iphone: 3767, ipad: 3597, itouch: 5689 }, { period: '2011 Q1', iphone: 6810, ipad: 1914, itouch: 2293 }, { period: '2011 Q2', iphone: 5670, ipad: 4293, itouch: 1881 }, { period: '2011 Q3', iphone: 4820, ipad: 3795, itouch: 1588 }, { period: '2011 Q4', iphone: 15073, ipad: 5967, itouch: 5175 }, { period: '2012 Q1', iphone: 10687, ipad: 4460, itouch: 2028 }, { period: '2012 Q2', iphone: 8432, ipad: 5713, itouch: 1791 }],\n    lineColors: ['#4EC9B4', '#FFEA80', '#81CDEA'],\n    xkey: 'period',\n    ykeys: ['iphone', 'ipad', 'itouch'],\n    labels: ['iPhone', 'iPad', 'iPod Touch'],\n    pointSize: 4,\n    lineWidth: 1,\n    hideHover: 'auto'\n\n});","ast":null,"map":{"version":3,"sources":["/client/lib/compatibility/slicklab/js/morris-init.js"],"names":[],"mappings":";;;AAGA,OAAO,GAAP,CAAW;AACP,aAAS,WAAT;AACA,UAAM,CACF,EAAC,GAAG,SAAH,EAAc,GAAG,CAAH,EAAM,GAAG,CAAH,EAAM,GAAG,CAAH,EADzB,EAEF,EAAC,GAAG,SAAH,EAAc,GAAG,CAAH,EAAM,GAAG,IAAH,EAAS,GAAG,CAAH,EAF5B,EAGF,EAAC,GAAG,SAAH,EAAc,GAAG,CAAH,EAAM,GAAG,CAAH,EAAM,GAAG,CAAH,EAHzB,EAIF,EAAC,GAAG,SAAH,EAAc,GAAG,CAAH,EAAM,GAAG,CAAH,EAAM,GAAG,CAAH,EAJzB,CAAN;AAMA,UAAM,GAAN;AACA,WAAO,CAAC,GAAD,EAAM,GAAN,EAAW,GAAX,CAAP;AACA,YAAQ,CAAC,GAAD,EAAM,GAAN,EAAW,GAAX,CAAR;AACA,eAAU,CAAC,SAAD,EAAW,SAAX,EAAqB,SAArB,CAAV;;CAXJ;;AAgBA,IAAI,WAAW,CACX,EAAC,WAAW,GAAX,EAAgB,SAAS,CAAT,EADN,EAEX,EAAC,WAAW,IAAX,EAAiB,SAAS,EAAT,EAFP,EAGX,EAAC,WAAW,KAAX,EAAkB,SAAS,EAAT,EAHR,EAIX,EAAC,WAAW,IAAX,EAAiB,SAAS,EAAT,EAJP,EAKX,EAAC,WAAW,GAAX,EAAgB,SAAS,EAAT,EALN,EAMX,EAAC,WAAW,IAAX,EAAiB,SAAS,EAAT,EANP,EAOX,EAAC,WAAW,KAAX,EAAkB,SAAS,CAAT,EAPR,EAQX,EAAC,WAAW,MAAX,EAAmB,SAAS,EAAT,EART,EASX,EAAC,WAAW,IAAX,EAAiB,SAAS,EAAT,EATP,EAUX,EAAC,WAAW,GAAX,EAAgB,SAAS,EAAT,EAVN,CAAX;;;;AAeJ,OAAO,IAAP,CAAY;AACR,aAAS,YAAT;AACA,UAAM,QAAN;AACA,UAAM,SAAN;AACA,WAAO,CAAC,OAAD,CAAP;AACA,YAAQ,CAAC,OAAD,CAAR;AACA,gBAAW,CAAC,SAAD,CAAX;AACA,eAAW,KAAX;AACA,eAAW,CAAX;CARJ;;;;AAcA,OAAO,IAAP,CAAY;AACR,aAAS,iBAAT;AACA,oBAAgB,KAAhB;AACA,UAAM,CACF,EAAC,GAAG,SAAH,EAAc,GAAG,CAAH,EAAM,GAAG,CAAH,EADnB,EAEF,EAAC,GAAG,SAAH,EAAc,GAAG,CAAH,EAAM,GAAG,CAAH,EAFnB,EAGF,EAAC,GAAG,SAAH,EAAc,GAAG,CAAH,EAAM,GAAG,CAAH,EAHnB,EAIF,EAAC,GAAG,SAAH,EAAc,GAAG,CAAH,EAAM,GAAG,CAAH,EAJnB,EAKF,EAAC,GAAG,SAAH,EAAc,GAAG,CAAH,EAAM,GAAG,CAAH,EALnB,CAAN;AAOA,UAAM,GAAN;AACA,WAAO,CAAC,GAAD,EAAM,GAAN,CAAP;AACA,YAAQ,CAAC,GAAD,EAAM,GAAN,CAAR;AACA,gBAAW,CAAC,SAAD,EAAW,SAAX,CAAX;AACA,eAAW,CAAX;AACA,eAAW,CAAX;;CAfJ;;;;AAsBA,OAAO,KAAP,CAAa;AACT,aAAS,aAAT;AACA,UAAM,CACF,EAAC,OAAO,EAAP,EAAW,OAAO,SAAP,EAAkB,WAAW,cAAX,EAD5B,EAEF,EAAC,OAAO,EAAP,EAAW,OAAO,SAAP,EAAkB,WAAW,aAAX,EAF5B,EAGF,EAAC,OAAO,EAAP,EAAW,OAAO,OAAP,EAAgB,WAAW,aAAX,EAH1B,EAIF,EAAC,OAAO,CAAP,EAAU,OAAO,kBAAP,EAA2B,WAAW,aAAX,EAJpC,CAAN;AAMA,qBAAiB,MAAjB;AACA,gBAAY,SAAZ;AACA,YAAQ,CACJ,SADI,EACM,SADN,EACgB,SADhB,EAC0B,SAD1B,CAAR;AAGA;AAAW,2BAAU,CAAV,EAAa,IAAb,EAAmB;AAAE,mBAAO,KAAK,SAAL,CAAT;SAAnB;;;OAAX;CAbJ;;;;AAmBA,OAAO,IAAP,CAAY;AACR,aAAS,YAAT;AACA,oBAAgB,IAAhB;AACA,iBAAa,KAAb;AACA,mBAAe,SAAf;AACA,UAAM,IAAN;AACA,iBAAY,EAAZ;AACA,UAAM,CACF,EAAC,QAAQ,SAAR,EAAmB,QAAQ,IAAR,EAAc,MAAM,IAAN,EAAY,QAAQ,IAAR,EAD5C,EAEF,EAAC,QAAQ,SAAR,EAAmB,QAAQ,IAAR,EAAc,MAAM,IAAN,EAAY,QAAQ,IAAR,EAF5C,EAGF,EAAC,QAAQ,SAAR,EAAmB,QAAQ,IAAR,EAAc,MAAM,IAAN,EAAY,QAAQ,IAAR,EAH5C,EAIF,EAAC,QAAQ,SAAR,EAAmB,QAAQ,IAAR,EAAc,MAAM,IAAN,EAAY,QAAQ,IAAR,EAJ5C,EAKF,EAAC,QAAQ,SAAR,EAAmB,QAAQ,IAAR,EAAc,MAAM,IAAN,EAAY,QAAQ,IAAR,EAL5C,EAMF,EAAC,QAAQ,SAAR,EAAmB,QAAQ,IAAR,EAAc,MAAM,IAAN,EAAY,QAAQ,IAAR,EAN5C,EAOF,EAAC,QAAQ,SAAR,EAAmB,QAAQ,IAAR,EAAc,MAAM,IAAN,EAAY,QAAQ,IAAR,EAP5C,EAQF,EAAC,QAAQ,SAAR,EAAmB,QAAQ,KAAR,EAAe,MAAM,IAAN,EAAY,QAAQ,IAAR,EAR7C,EASF,EAAC,QAAQ,SAAR,EAAmB,QAAQ,KAAR,EAAe,MAAM,IAAN,EAAY,QAAQ,IAAR,EAT7C,EAUF,EAAC,QAAQ,SAAR,EAAmB,QAAQ,IAAR,EAAc,MAAM,IAAN,EAAY,QAAQ,IAAR,EAV5C,CAAN;AAYA,gBAAW,CAAC,SAAD,EAAW,SAAX,EAAqB,SAArB,CAAX;AACA,UAAM,QAAN;AACA,WAAO,CAAC,QAAD,EAAW,MAAX,EAAmB,QAAnB,CAAP;AACA,YAAQ,CAAC,QAAD,EAAW,MAAX,EAAmB,YAAnB,CAAR;AACA,eAAW,CAAX;AACA,eAAW,CAAX;AACA,eAAW,MAAX;;CAzBJ","file":"/client/lib/compatibility/slicklab/js/morris-init.js.map","sourcesContent":["\n// bar chart\n\nMorris.Bar({\n    element: 'bar-chart',\n    data: [\n        {x: '2015 Q1', y: 2, z: 4, a: 3},\n        {x: '2015 Q2', y: 2, z: null, a: 1},\n        {x: '2015 Q3', y: 0, z: 2, a: 4},\n        {x: '2015 Q4', y: 2, z: 4, a: 3}\n    ],\n    xkey: 'x',\n    ykeys: ['y', 'z', 'a'],\n    labels: ['Y', 'Z', 'A'],\n    barColors:['#4EC9B4','#868BB8','#ffe157']\n\n});\n\n\nvar day_data = [\n    {\"elapsed\": \"I\", \"value\": 8},\n    {\"elapsed\": \"II\", \"value\": 34},\n    {\"elapsed\": \"III\", \"value\": 53},\n    {\"elapsed\": \"IV\", \"value\": 12},\n    {\"elapsed\": \"V\", \"value\": 13},\n    {\"elapsed\": \"VI\", \"value\": 22},\n    {\"elapsed\": \"VII\", \"value\": 5},\n    {\"elapsed\": \"VIII\", \"value\": 26},\n    {\"elapsed\": \"IX\", \"value\": 12},\n    {\"elapsed\": \"X\", \"value\": 19}\n];\n\n// line chart\n\nMorris.Line({\n    element: 'line-chart',\n    data: day_data,\n    xkey: 'elapsed',\n    ykeys: ['value'],\n    labels: ['value'],\n    lineColors:['#868BB8'],\n    parseTime: false,\n    lineWidth: 1\n});\n\n\n// area line chart\n\nMorris.Area({\n    element: 'area-line-chart',\n    behaveLikeLine: false,\n    data: [\n        {x: '2011 Q1', y: 2, z: 1},\n        {x: '2011 Q2', y: 3, z: 3},\n        {x: '2011 Q3', y: 5, z: 5},\n        {x: '2011 Q4', y: 4, z: 3},\n        {x: '2011 Q5', y: 3, z: 2}\n    ],\n    xkey: 'x',\n    ykeys: ['y', 'z'],\n    labels: ['Y', 'Z'],\n    lineColors:['#4EC9B4','#79D1CF'],\n    pointSize: 4,\n    lineWidth: 1\n\n});\n\n\n// donut chart\n\nMorris.Donut({\n    element: 'donut-chart',\n    data: [\n        {value: 70, label: 'Frosted', formatted: 'at least 55%' },\n        {value: 15, label: 'Custard', formatted: 'approx. 25%' },\n        {value: 10, label: 'Sugar', formatted: 'approx. 10%' },\n        {value: 5, label: 'Long title chart', formatted: 'at most 10%' }\n    ],\n    backgroundColor: '#fff',\n    labelColor: '#1fb5ac',\n    colors: [\n        '#4EC9B4','#FFEA80','#FF834D','#868BB8'\n    ],\n    formatter: function (x, data) { return data.formatted; }\n});\n\n\n// area chart\n\nMorris.Area({\n    element: 'area-chart',\n    behaveLikeLine: true,\n    gridEnabled: false,\n    gridLineColor: '#dddddd',\n    axes: true,\n    fillOpacity:.7,\n    data: [\n        {period: '2010 Q1', iphone: 2666, ipad: null, itouch: 2647},\n        {period: '2010 Q2', iphone: 2778, ipad: 2294, itouch: 2441},\n        {period: '2010 Q3', iphone: 4912, ipad: 1969, itouch: 2501},\n        {period: '2010 Q4', iphone: 3767, ipad: 3597, itouch: 5689},\n        {period: '2011 Q1', iphone: 6810, ipad: 1914, itouch: 2293},\n        {period: '2011 Q2', iphone: 5670, ipad: 4293, itouch: 1881},\n        {period: '2011 Q3', iphone: 4820, ipad: 3795, itouch: 1588},\n        {period: '2011 Q4', iphone: 15073, ipad: 5967, itouch: 5175},\n        {period: '2012 Q1', iphone: 10687, ipad: 4460, itouch: 2028},\n        {period: '2012 Q2', iphone: 8432, ipad: 5713, itouch: 1791}\n    ],\n    lineColors:['#4EC9B4','#FFEA80','#81CDEA'],\n    xkey: 'period',\n    ykeys: ['iphone', 'ipad', 'itouch'],\n    labels: ['iPhone', 'iPad', 'iPod Touch'],\n    pointSize: 4,\n    lineWidth: 1,\n    hideHover: 'auto'\n\n});\n\n\n\n"]},"hash":"e2ec975c219f55a40f42d5d178ec0bf0c2b5fb0c"}
