{"metadata":{"usedHelpers":["typeof","interopRequireDefault"],"marked":[],"modules":{"imports":[],"exports":{"exported":[],"specifiers":[]}}},"options":{"filename":"/client/lib/compatibility/slicklab/js/jquery.steps.min.js","filenameRelative":"/client/lib/compatibility/slicklab/js/jquery.steps.min.js","env":{},"retainLines":false,"highlightCode":true,"suppressDeprecationMessages":false,"presets":[],"plugins":[[[],null],[[],null],[[],null],[[],null],[[],null],[[],null],[[],null],[[],{"polyfill":false}],[[],null],[[],null],[[],null],[[],null],[[],null],[[],null],[[],null],[[],null],[[],{"loose":true}],[[],{"loose":true}],[[],null],[[],{"loose":true}],[[],null],[[],null],[[],{"allowTopLevelThis":true,"strict":false,"loose":true}],[[],null],[[],null],[[],null],[[],null],[[],null],[[],{"loose":true}],[[],null],[[],null],[[],null],[[],null],[[],null],[[],null],[[],null],[[],null]],"ignore":[],"code":true,"metadata":true,"ast":false,"comments":true,"compact":false,"minified":false,"sourceMap":true,"sourceMaps":true,"sourceMapTarget":"/client/lib/compatibility/slicklab/js/jquery.steps.min.js.map","sourceFileName":"/client/lib/compatibility/slicklab/js/jquery.steps.min.js","babelrc":false,"sourceType":"module","moduleIds":false,"passPerPreset":false,"basename":"jquery.steps.min"},"ignored":false,"code":"var _typeof2 = require(\"babel-runtime/helpers/typeof\");\n\nvar _typeof3 = _interopRequireDefault(_typeof2);\n\nfunction _interopRequireDefault(obj) { return obj && obj.__esModule ? obj : { \"default\": obj }; }\n\n/*! \n * jQuery Steps v1.1.0 - 09/04/2014\n * Copyright (c) 2014 Rafael Staib (http://www.jquery-steps.com)\n * Licensed under MIT http://www.opensource.org/licenses/MIT\n */\n!function (a, b) {\n  function c(a, b) {\n    o(a).push(b);\n  }function d(d, e, f) {\n    var g = d.children(e.headerTag),\n        h = d.children(e.bodyTag);g.length > h.length ? R(Z, \"contents\") : g.length < h.length && R(Z, \"titles\");var i = e.startIndex;if (f.stepCount = g.length, e.saveState && a.cookie) {\n      var j = a.cookie(U + q(d)),\n          k = parseInt(j, 0);!isNaN(k) && k < f.stepCount && (i = k);\n    }f.currentIndex = i, g.each(function (e) {\n      var f = a(this),\n          g = h.eq(e),\n          i = g.data(\"mode\"),\n          j = null == i ? $.html : r($, /^\\s*$/.test(i) || isNaN(i) ? i : parseInt(i, 0)),\n          k = j === $.html || g.data(\"url\") === b ? \"\" : g.data(\"url\"),\n          l = j !== $.html && \"1\" === g.data(\"loaded\"),\n          m = a.extend({}, bb, { title: f.html(), content: j === $.html ? g.html() : \"\", contentUrl: k, contentMode: j, contentLoaded: l });c(d, m);\n    });\n  }function e(a) {\n    a.triggerHandler(\"canceled\");\n  }function f(a, b) {\n    return a.currentIndex - b;\n  }function g(b, c) {\n    var d = i(b);b.unbind(d).removeData(\"uid\").removeData(\"options\").removeData(\"state\").removeData(\"steps\").removeData(\"eventNamespace\").find(\".actions a\").unbind(d), b.removeClass(c.clearFixCssClass + \" vertical\");var e = b.find(\".content > *\");e.removeData(\"loaded\").removeData(\"mode\").removeData(\"url\"), e.removeAttr(\"id\").removeAttr(\"role\").removeAttr(\"tabindex\").removeAttr(\"class\").removeAttr(\"style\")._removeAria(\"labelledby\")._removeAria(\"hidden\"), b.find(\".content > [data-mode='async'],.content > [data-mode='iframe']\").empty();var f = a('<{0} class=\"{1}\"></{0}>'.format(b.get(0).tagName, b.attr(\"class\"))),\n        g = b._id();return null != g && \"\" !== g && f._id(g), f.html(b.find(\".content\").html()), b.after(f), b.remove(), f;\n  }function h(a, b) {\n    var c = a.find(\".steps li\").eq(b.currentIndex);a.triggerHandler(\"finishing\", [b.currentIndex]) ? (c.addClass(\"done\").removeClass(\"error\"), a.triggerHandler(\"finished\", [b.currentIndex])) : c.addClass(\"error\");\n  }function i(a) {\n    var b = a.data(\"eventNamespace\");return null == b && (b = \".\" + q(a), a.data(\"eventNamespace\", b)), b;\n  }function j(a, b) {\n    var c = q(a);return a.find(\"#\" + c + V + b);\n  }function k(a, b) {\n    var c = q(a);return a.find(\"#\" + c + W + b);\n  }function l(a, b) {\n    var c = q(a);return a.find(\"#\" + c + X + b);\n  }function m(a) {\n    return a.data(\"options\");\n  }function n(a) {\n    return a.data(\"state\");\n  }function o(a) {\n    return a.data(\"steps\");\n  }function p(a, b) {\n    var c = o(a);return (0 > b || b >= c.length) && R(Y), c[b];\n  }function q(a) {\n    var b = a.data(\"uid\");return null == b && (b = a._id(), null == b && (b = \"steps-uid-\".concat(T), a._id(b)), T++, a.data(\"uid\", b)), b;\n  }function r(a, c) {\n    if (S(\"enumType\", a), S(\"keyOrValue\", c), \"string\" == typeof c) {\n      var d = a[c];return d === b && R(\"The enum key '{0}' does not exist.\", c), d;\n    }if (\"number\" == typeof c) {\n      for (var e in meteorBabelHelpers.sanitizeForInObject(a)) {\n        if (a[e] === c) return c;\n      }R(\"Invalid enum value '{0}'.\", c);\n    } else R(\"Invalid key or value type.\");\n  }function s(a, b, c) {\n    return B(a, b, c, v(c, 1));\n  }function t(a, b, c) {\n    return B(a, b, c, f(c, 1));\n  }function u(a, b, c, d) {\n    if ((0 > d || d >= c.stepCount) && R(Y), !(b.forceMoveForward && d < c.currentIndex)) {\n      var e = c.currentIndex;return a.triggerHandler(\"stepChanging\", [c.currentIndex, d]) ? (c.currentIndex = d, O(a, b, c), E(a, b, c, e), D(a, b, c), A(a, b, c), P(a, b, c, d, e, function () {\n        a.triggerHandler(\"stepChanged\", [d, e]);\n      })) : a.find(\".steps li\").eq(e).addClass(\"error\"), !0;\n    }\n  }function v(a, b) {\n    return a.currentIndex + b;\n  }function w(b) {\n    var c = a.extend(!0, {}, cb, b);return this.each(function () {\n      var b = a(this),\n          e = { currentIndex: c.startIndex, currentStep: null, stepCount: 0, transitionElement: null };b.data(\"options\", c), b.data(\"state\", e), b.data(\"steps\", []), d(b, c, e), J(b, c, e), G(b, c), c.autoFocus && 0 === T && j(b, c.startIndex).focus(), b.triggerHandler(\"init\", [c.startIndex]);\n    });\n  }function x(b, c, d, e, f) {\n    (0 > e || e > d.stepCount) && R(Y), f = a.extend({}, bb, f), y(b, e, f), d.currentIndex !== d.stepCount && d.currentIndex >= e && (d.currentIndex++, O(b, c, d)), d.stepCount++;var g = b.find(\".content\"),\n        h = a(\"<{0}>{1}</{0}>\".format(c.headerTag, f.title)),\n        i = a(\"<{0}></{0}>\".format(c.bodyTag));return (null == f.contentMode || f.contentMode === $.html) && i.html(f.content), 0 === e ? g.prepend(i).prepend(h) : k(b, e - 1).after(i).after(h), K(b, d, i, e), N(b, c, d, h, e), F(b, c, d, e), e === d.currentIndex && E(b, c, d), D(b, c, d), b;\n  }function y(a, b, c) {\n    o(a).splice(b, 0, c);\n  }function z(b) {\n    var c = a(this),\n        d = m(c),\n        e = n(c);if (d.suppressPaginationOnFocus && c.find(\":focus\").is(\":input\")) return b.preventDefault(), !1;var f = { left: 37, right: 39 };b.keyCode === f.left ? (b.preventDefault(), t(c, d, e)) : b.keyCode === f.right && (b.preventDefault(), s(c, d, e));\n  }function A(b, c, d) {\n    if (d.stepCount > 0) {\n      var e = d.currentIndex,\n          f = p(b, e);if (!c.enableContentCache || !f.contentLoaded) switch (r($, f.contentMode)) {case $.iframe:\n          b.find(\".content > .body\").eq(d.currentIndex).empty().html('<iframe src=\"' + f.contentUrl + '\" frameborder=\"0\" scrolling=\"no\" />').data(\"loaded\", \"1\");break;case $.async:\n          var g = k(b, e)._aria(\"busy\", \"true\").empty().append(M(c.loadingTemplate, { text: c.labels.loading }));a.ajax({ url: f.contentUrl, cache: !1 }).done(function (a) {\n            g.empty().html(a)._aria(\"busy\", \"false\").data(\"loaded\", \"1\"), b.triggerHandler(\"contentLoaded\", [e]);\n          });}\n    }\n  }function B(a, b, c, d) {\n    var e = c.currentIndex;if (d >= 0 && d < c.stepCount && !(b.forceMoveForward && d < c.currentIndex)) {\n      var f = j(a, d),\n          g = f.parent(),\n          h = g.hasClass(\"disabled\");return g._enableAria(), f.click(), e === c.currentIndex && h ? (g._enableAria(!1), !1) : !0;\n    }return !1;\n  }function C(b) {\n    b.preventDefault();var c = a(this),\n        d = c.parent().parent().parent().parent(),\n        f = m(d),\n        g = n(d),\n        i = c.attr(\"href\");switch (i.substring(i.lastIndexOf(\"#\") + 1)) {case \"cancel\":\n        e(d);break;case \"finish\":\n        h(d, g);break;case \"next\":\n        s(d, f, g);break;case \"previous\":\n        t(d, f, g);}\n  }function D(a, b, c) {\n    if (b.enablePagination) {\n      var d = a.find(\".actions a[href$='#finish']\").parent(),\n          e = a.find(\".actions a[href$='#next']\").parent();if (!b.forceMoveForward) {\n        var f = a.find(\".actions a[href$='#previous']\").parent();f._enableAria(c.currentIndex > 0);\n      }b.enableFinishButton && b.showFinishButtonAlways ? (d._enableAria(c.stepCount > 0), e._enableAria(c.stepCount > 1 && c.stepCount > c.currentIndex + 1)) : (d._showAria(b.enableFinishButton && c.stepCount === c.currentIndex + 1), e._showAria(0 === c.stepCount || c.stepCount > c.currentIndex + 1)._enableAria(c.stepCount > c.currentIndex + 1 || !b.enableFinishButton));\n    }\n  }function E(b, c, d, e) {\n    var f = j(b, d.currentIndex),\n        g = a('<span class=\"current-info audible\">' + c.labels.current + \" </span>\"),\n        h = b.find(\".content > .title\");if (null != e) {\n      var i = j(b, e);i.parent().addClass(\"done\").removeClass(\"error\")._selectAria(!1), h.eq(e).removeClass(\"current\").next(\".body\").removeClass(\"current\"), g = i.find(\".current-info\"), f.focus();\n    }f.prepend(g).parent()._selectAria().removeClass(\"done\")._enableAria(), h.eq(d.currentIndex).addClass(\"current\").next(\".body\").addClass(\"current\");\n  }function F(a, b, c, d) {\n    for (var e = q(a), f = d; f < c.stepCount; f++) {\n      var g = e + V + f,\n          h = e + W + f,\n          i = e + X + f,\n          j = a.find(\".title\").eq(f)._id(i);a.find(\".steps a\").eq(f)._id(g)._aria(\"controls\", h).attr(\"href\", \"#\" + i).html(M(b.titleTemplate, { index: f + 1, title: j.html() })), a.find(\".body\").eq(f)._id(h)._aria(\"labelledby\", i);\n    }\n  }function G(a, b) {\n    var c = i(a);a.bind(\"canceled\" + c, b.onCanceled), a.bind(\"contentLoaded\" + c, b.onContentLoaded), a.bind(\"finishing\" + c, b.onFinishing), a.bind(\"finished\" + c, b.onFinished), a.bind(\"init\" + c, b.onInit), a.bind(\"stepChanging\" + c, b.onStepChanging), a.bind(\"stepChanged\" + c, b.onStepChanged), b.enableKeyNavigation && a.bind(\"keyup\" + c, z), a.find(\".actions a\").bind(\"click\" + c, C);\n  }function H(a, b, c, d) {\n    return 0 > d || d >= c.stepCount || c.currentIndex === d ? !1 : (I(a, d), c.currentIndex > d && (c.currentIndex--, O(a, b, c)), c.stepCount--, l(a, d).remove(), k(a, d).remove(), j(a, d).parent().remove(), 0 === d && a.find(\".steps li\").first().addClass(\"first\"), d === c.stepCount && a.find(\".steps li\").eq(d).addClass(\"last\"), F(a, b, c, d), D(a, b, c), !0);\n  }function I(a, b) {\n    o(a).splice(b, 1);\n  }function J(b, c, d) {\n    var e = '<{0} class=\"{1}\">{2}</{0}>',\n        f = r(_, c.stepsOrientation),\n        g = f === _.vertical ? \" vertical\" : \"\",\n        h = a(e.format(c.contentContainerTag, \"content \" + c.clearFixCssClass, b.html())),\n        i = a(e.format(c.stepsContainerTag, \"steps \" + c.clearFixCssClass, '<ul role=\"tablist\"></ul>')),\n        j = h.children(c.headerTag),\n        k = h.children(c.bodyTag);b.attr(\"role\", \"application\").empty().append(i).append(h).addClass(c.cssClass + \" \" + c.clearFixCssClass + g), k.each(function (c) {\n      K(b, d, a(this), c);\n    }), j.each(function (e) {\n      N(b, c, d, a(this), e);\n    }), E(b, c, d), L(b, c, d);\n  }function K(a, b, c, d) {\n    var e = q(a),\n        f = e + W + d,\n        g = e + X + d;c._id(f).attr(\"role\", \"tabpanel\")._aria(\"labelledby\", g).addClass(\"body\")._showAria(b.currentIndex === d);\n  }function L(a, b, c) {\n    if (b.enablePagination) {\n      var d = '<{0} class=\"actions {1}\"><ul role=\"menu\" aria-label=\"{2}\">{3}</ul></{0}>',\n          e = '<li><a href=\"#{0}\" role=\"menuitem\">{1}</a></li>',\n          f = \"\";b.forceMoveForward || (f += e.format(\"previous\", b.labels.previous)), f += e.format(\"next\", b.labels.next), b.enableFinishButton && (f += e.format(\"finish\", b.labels.finish)), b.enableCancelButton && (f += e.format(\"cancel\", b.labels.cancel)), a.append(d.format(b.actionContainerTag, b.clearFixCssClass, b.labels.pagination, f)), D(a, b, c), A(a, b, c);\n    }\n  }function M(a, c) {\n    for (var d = a.match(/#([a-z]*)#/gi), e = 0; e < d.length; e++) {\n      var f = d[e],\n          g = f.substring(1, f.length - 1);c[g] === b && R(\"The key '{0}' does not exist in the substitute collection!\", g), a = a.replace(f, c[g]);\n    }return a;\n  }function N(b, c, d, e, f) {\n    var g = q(b),\n        h = g + V + f,\n        j = g + W + f,\n        k = g + X + f,\n        l = b.find(\".steps > ul\"),\n        m = M(c.titleTemplate, { index: f + 1, title: e.html() }),\n        n = a('<li role=\"tab\"><a id=\"' + h + '\" href=\"#' + k + '\" aria-controls=\"' + j + '\">' + m + \"</a></li>\");n._enableAria(c.enableAllSteps || d.currentIndex > f), d.currentIndex > f && n.addClass(\"done\"), e._id(k).attr(\"tabindex\", \"-1\").addClass(\"title\"), 0 === f ? l.prepend(n) : l.find(\"li\").eq(f - 1).after(n), 0 === f && l.find(\"li\").removeClass(\"first\").eq(f).addClass(\"first\"), f === d.stepCount - 1 && l.find(\"li\").removeClass(\"last\").eq(f).addClass(\"last\"), n.children(\"a\").bind(\"click\" + i(b), Q);\n  }function O(b, c, d) {\n    c.saveState && a.cookie && a.cookie(U + q(b), d.currentIndex);\n  }function P(b, c, d, e, f, g) {\n    var h = b.find(\".content > .body\"),\n        i = r(ab, c.transitionEffect),\n        j = c.transitionEffectSpeed,\n        k = h.eq(e),\n        l = h.eq(f);switch (i) {case ab.fade:case ab.slide:\n        var m = i === ab.fade ? \"fadeOut\" : \"slideUp\",\n            o = i === ab.fade ? \"fadeIn\" : \"slideDown\";d.transitionElement = k, l[m](j, function () {\n          var b = a(this)._showAria(!1).parent().parent(),\n              c = n(b);c.transitionElement && (c.transitionElement[o](j, function () {\n            a(this)._showAria();\n          }).promise().done(g), c.transitionElement = null);\n        });break;case ab.slideLeft:\n        var p = l.outerWidth(!0),\n            q = e > f ? -p : p,\n            s = e > f ? p : -p;a.when(l.animate({ left: q }, j, function () {\n          a(this)._showAria(!1);\n        }), k.css(\"left\", s + \"px\")._showAria().animate({ left: 0 }, j)).done(g);break;default:\n        a.when(l._showAria(!1), k._showAria()).done(g);}\n  }function Q(b) {\n    b.preventDefault();var c = a(this),\n        d = c.parent().parent().parent().parent(),\n        e = m(d),\n        f = n(d),\n        g = f.currentIndex;if (c.parent().is(\":not(.disabled):not(.current)\")) {\n      var h = c.attr(\"href\"),\n          i = parseInt(h.substring(h.lastIndexOf(\"-\") + 1), 0);u(d, e, f, i);\n    }return g === f.currentIndex ? (j(d, g).focus(), !1) : void 0;\n  }function R(a) {\n    throw arguments.length > 1 && (a = a.format(Array.prototype.slice.call(arguments, 1))), new Error(a);\n  }function S(a, b) {\n    null == b && R(\"The argument '{0}' is null or undefined.\", a);\n  }a.fn.extend({ _aria: function () {\n      function _aria(a, b) {\n        return this.attr(\"aria-\" + a, b);\n      }\n\n      return _aria;\n    }(), _removeAria: function () {\n      function _removeAria(a) {\n        return this.removeAttr(\"aria-\" + a);\n      }\n\n      return _removeAria;\n    }(), _enableAria: function () {\n      function _enableAria(a) {\n        return null == a || a ? this.removeClass(\"disabled\")._aria(\"disabled\", \"false\") : this.addClass(\"disabled\")._aria(\"disabled\", \"true\");\n      }\n\n      return _enableAria;\n    }(), _showAria: function () {\n      function _showAria(a) {\n        return null == a || a ? this.show()._aria(\"hidden\", \"false\") : this.hide()._aria(\"hidden\", \"true\");\n      }\n\n      return _showAria;\n    }(), _selectAria: function () {\n      function _selectAria(a) {\n        return null == a || a ? this.addClass(\"current\")._aria(\"selected\", \"true\") : this.removeClass(\"current\")._aria(\"selected\", \"false\");\n      }\n\n      return _selectAria;\n    }(), _id: function () {\n      function _id(a) {\n        return a ? this.attr(\"id\", a) : this.attr(\"id\");\n      }\n\n      return _id;\n    }() }), String.prototype.format || (String.prototype.format = function () {\n    for (var b = 1 === arguments.length && a.isArray(arguments[0]) ? arguments[0] : arguments, c = this, d = 0; d < b.length; d++) {\n      var e = new RegExp(\"\\\\{\" + d + \"\\\\}\", \"gm\");c = c.replace(e, b[d]);\n    }return c;\n  });var T = 0,\n      U = \"jQu3ry_5teps_St@te_\",\n      V = \"-t-\",\n      W = \"-p-\",\n      X = \"-h-\",\n      Y = \"Index out of range.\",\n      Z = \"One or more corresponding step {0} are missing.\";a.fn.steps = function (b) {\n    return a.fn.steps[b] ? a.fn.steps[b].apply(this, Array.prototype.slice.call(arguments, 1)) : \"object\" != (typeof b === \"undefined\" ? \"undefined\" : (0, _typeof3[\"default\"])(b)) && b ? void a.error(\"Method \" + b + \" does not exist on jQuery.steps\") : w.apply(this, arguments);\n  }, a.fn.steps.add = function (a) {\n    var b = n(this);return x(this, m(this), b, b.stepCount, a);\n  }, a.fn.steps.destroy = function () {\n    return g(this, m(this));\n  }, a.fn.steps.finish = function () {\n    h(this, n(this));\n  }, a.fn.steps.getCurrentIndex = function () {\n    return n(this).currentIndex;\n  }, a.fn.steps.getCurrentStep = function () {\n    return p(this, n(this).currentIndex);\n  }, a.fn.steps.getStep = function (a) {\n    return p(this, a);\n  }, a.fn.steps.insert = function (a, b) {\n    return x(this, m(this), n(this), a, b);\n  }, a.fn.steps.next = function () {\n    return s(this, m(this), n(this));\n  }, a.fn.steps.previous = function () {\n    return t(this, m(this), n(this));\n  }, a.fn.steps.remove = function (a) {\n    return H(this, m(this), n(this), a);\n  }, a.fn.steps.setStep = function () {\n    throw new Error(\"Not yet implemented!\");\n  }, a.fn.steps.skip = function () {\n    throw new Error(\"Not yet implemented!\");\n  };var $ = a.fn.steps.contentMode = { html: 0, iframe: 1, async: 2 },\n      _ = a.fn.steps.stepsOrientation = { horizontal: 0, vertical: 1 },\n      ab = a.fn.steps.transitionEffect = { none: 0, fade: 1, slide: 2, slideLeft: 3 },\n      bb = a.fn.steps.stepModel = { title: \"\", content: \"\", contentUrl: \"\", contentMode: $.html, contentLoaded: !1 },\n      cb = a.fn.steps.defaults = { headerTag: \"h1\", bodyTag: \"div\", contentContainerTag: \"div\", actionContainerTag: \"div\", stepsContainerTag: \"div\", cssClass: \"wizard\", clearFixCssClass: \"clearfix\", stepsOrientation: _.horizontal, titleTemplate: '<span class=\"number\">#index#.</span> #title#', loadingTemplate: '<span class=\"spinner\"></span> #text#', autoFocus: !1, enableAllSteps: !1, enableKeyNavigation: !0, enablePagination: !0, suppressPaginationOnFocus: !0, enableContentCache: !0, enableCancelButton: !1, enableFinishButton: !0, preloadContent: !1, showFinishButtonAlways: !1, forceMoveForward: !1, saveState: !1, startIndex: 0, transitionEffect: ab.none, transitionEffectSpeed: 200, onStepChanging: function () {\n      function onStepChanging() {\n        return !0;\n      }\n\n      return onStepChanging;\n    }(), onStepChanged: function () {\n      function onStepChanged() {}\n\n      return onStepChanged;\n    }(), onCanceled: function () {\n      function onCanceled() {}\n\n      return onCanceled;\n    }(), onFinishing: function () {\n      function onFinishing() {\n        return !0;\n      }\n\n      return onFinishing;\n    }(), onFinished: function () {\n      function onFinished() {}\n\n      return onFinished;\n    }(), onContentLoaded: function () {\n      function onContentLoaded() {}\n\n      return onContentLoaded;\n    }(), onInit: function () {\n      function onInit() {}\n\n      return onInit;\n    }(), labels: { cancel: \"Cancel\", current: \"current step:\", pagination: \"Pagination\", finish: \"Finish\", next: \"Next\", previous: \"Previous\", loading: \"Loading ...\" } };\n}(jQuery);","ast":null,"map":{"version":3,"sources":["/client/lib/compatibility/slicklab/js/jquery.steps.min.js"],"names":[],"mappings":";;;;;;;;;;;AAKA,CAAC,UAAS,CAAT,EAAW,CAAX,EAAa;AAAC,WAAS,CAAT,CAAW,CAAX,EAAa,CAAb,EAAe;AAAC,MAAE,CAAF,EAAK,IAAL,CAAU,CAAV,EAAD;GAAf,SAAsC,CAAT,CAAW,CAAX,EAAa,CAAb,EAAe,CAAf,EAAiB;AAAC,QAAI,IAAE,EAAE,QAAF,CAAW,EAAE,SAAF,CAAb;QAA0B,IAAE,EAAE,QAAF,CAAW,EAAE,OAAF,CAAb,CAA/B,CAAuD,CAAE,MAAF,GAAS,EAAE,MAAF,GAAS,EAAE,CAAF,EAAI,UAAJ,CAAlB,GAAkC,EAAE,MAAF,GAAS,EAAE,MAAF,IAAU,EAAE,CAAF,EAAI,QAAJ,CAAnB,CAAzF,IAA8H,IAAE,EAAE,UAAF,CAAhI,IAAgJ,EAAE,SAAF,GAAY,EAAE,MAAF,EAAS,EAAE,SAAF,IAAa,EAAE,MAAF,EAAS;AAAC,UAAI,IAAE,EAAE,MAAF,CAAS,IAAE,EAAE,CAAF,CAAF,CAAX;UAAmB,IAAE,SAAS,CAAT,EAAW,CAAX,CAAF,CAAxB,CAAyC,MAAM,CAAN,CAAD,IAAW,IAAE,EAAE,SAAF,KAAc,IAAE,CAAF,CAA3B,CAAxC;KAA9C,CAAsH,CAAE,YAAF,GAAe,CAAf,EAAiB,EAAE,IAAF,CAAO,UAAS,CAAT,EAAW;AAAC,UAAI,IAAE,EAAE,IAAF,CAAF;UAAU,IAAE,EAAE,EAAF,CAAK,CAAL,CAAF;UAAU,IAAE,EAAE,IAAF,CAAO,MAAP,CAAF;UAAiB,IAAE,QAAM,CAAN,GAAQ,EAAE,IAAF,GAAO,EAAE,CAAF,EAAI,QAAQ,IAAR,CAAa,CAAb,KAAiB,MAAM,CAAN,CAAjB,GAA0B,CAA1B,GAA4B,SAAS,CAAT,EAAW,CAAX,CAA5B,CAAnB;UAA8D,IAAE,MAAI,EAAE,IAAF,IAAQ,EAAE,IAAF,CAAO,KAAP,MAAgB,CAAhB,GAAkB,EAA9B,GAAiC,EAAE,IAAF,CAAO,KAAP,CAAjC;UAA+C,IAAE,MAAI,EAAE,IAAF,IAAQ,QAAM,EAAE,IAAF,CAAO,QAAP,CAAN;UAAuB,IAAE,EAAE,MAAF,CAAS,EAAT,EAAY,EAAZ,EAAe,EAAC,OAAM,EAAE,IAAF,EAAN,EAAe,SAAQ,MAAI,EAAE,IAAF,GAAO,EAAE,IAAF,EAAX,GAAoB,EAApB,EAAuB,YAAW,CAAX,EAAa,aAAY,CAAZ,EAAc,eAAc,CAAd,EAAzF,CAAF,CAAhM,CAA6S,CAAE,CAAF,EAAI,CAAJ,EAA7S;KAAX,CAAxB,CAAnQ;GAAjB,SAAsnB,CAAT,CAAW,CAAX,EAAa;AAAC,MAAE,cAAF,CAAiB,UAAjB,EAAD;GAAb,SAAoD,CAAT,CAAW,CAAX,EAAa,CAAb,EAAe;AAAC,WAAO,EAAE,YAAF,GAAe,CAAf,CAAR;GAAf,SAAiD,CAAT,CAAW,CAAX,EAAa,CAAb,EAAe;AAAC,QAAI,IAAE,EAAE,CAAF,CAAF,CAAL,CAAY,CAAE,MAAF,CAAS,CAAT,EAAY,UAAZ,CAAuB,KAAvB,EAA8B,UAA9B,CAAyC,SAAzC,EAAoD,UAApD,CAA+D,OAA/D,EAAwE,UAAxE,CAAmF,OAAnF,EAA4F,UAA5F,CAAuG,gBAAvG,EAAyH,IAAzH,CAA8H,YAA9H,EAA4I,MAA5I,CAAmJ,CAAnJ,GAAsJ,EAAE,WAAF,CAAc,EAAE,gBAAF,GAAmB,WAAnB,CAApK,CAAZ,IAAoN,IAAE,EAAE,IAAF,CAAO,cAAP,CAAF,CAApN,CAA6O,CAAE,UAAF,CAAa,QAAb,EAAuB,UAAvB,CAAkC,MAAlC,EAA0C,UAA1C,CAAqD,KAArD,GAA4D,EAAE,UAAF,CAAa,IAAb,EAAmB,UAAnB,CAA8B,MAA9B,EAAsC,UAAtC,CAAiD,UAAjD,EAA6D,UAA7D,CAAwE,OAAxE,EAAiF,UAAjF,CAA4F,OAA5F,EAAqG,WAArG,CAAiH,YAAjH,EAA+H,WAA/H,CAA2I,QAA3I,CAA5D,EAAiN,EAAE,IAAF,CAAO,gEAAP,EAAyE,KAAzE,EAAjN,CAA7O,IAAmhB,IAAE,EAAE,0BAA0B,MAA1B,CAAiC,EAAE,GAAF,CAAM,CAAN,EAAS,OAAT,EAAiB,EAAE,IAAF,CAAO,OAAP,CAAlD,CAAF,CAAF;QAAwE,IAAE,EAAE,GAAF,EAAF,CAA3lB,OAA4mB,QAAM,CAAN,IAAS,OAAK,CAAL,IAAQ,EAAE,GAAF,CAAM,CAAN,CAAjB,EAA0B,EAAE,IAAF,CAAO,EAAE,IAAF,CAAO,UAAP,EAAmB,IAAnB,EAAP,CAA1B,EAA4D,EAAE,KAAF,CAAQ,CAAR,CAA5D,EAAuE,EAAE,MAAF,EAAvE,EAAkF,CAAlF,CAA5mB;GAAf,SAAwtB,CAAT,CAAW,CAAX,EAAa,CAAb,EAAe;AAAC,QAAI,IAAE,EAAE,IAAF,CAAO,WAAP,EAAoB,EAApB,CAAuB,EAAE,YAAF,CAAzB,CAAL,CAA8C,CAAE,cAAF,CAAiB,WAAjB,EAA6B,CAAC,EAAE,YAAF,CAA9B,KAAgD,EAAE,QAAF,CAAW,MAAX,EAAmB,WAAnB,CAA+B,OAA/B,GAAwC,EAAE,cAAF,CAAiB,UAAjB,EAA4B,CAAC,EAAE,YAAF,CAA7B,CAAxC,CAAhD,GAAuI,EAAE,QAAF,CAAW,OAAX,CAAvI,CAA9C;GAAf,SAAiO,CAAT,CAAW,CAAX,EAAa;AAAC,QAAI,IAAE,EAAE,IAAF,CAAO,gBAAP,CAAF,CAAL,OAAuC,QAAM,CAAN,KAAU,IAAE,MAAI,EAAE,CAAF,CAAJ,EAAS,EAAE,IAAF,CAAO,gBAAP,EAAwB,CAAxB,CAAX,CAAV,EAAiD,CAAjD,CAAvC;GAAb,SAAgH,CAAT,CAAW,CAAX,EAAa,CAAb,EAAe;AAAC,QAAI,IAAE,EAAE,CAAF,CAAF,CAAL,OAAmB,EAAE,IAAF,CAAO,MAAI,CAAJ,GAAM,CAAN,GAAQ,CAAR,CAAd,CAAZ;GAAf,SAA6D,CAAT,CAAW,CAAX,EAAa,CAAb,EAAe;AAAC,QAAI,IAAE,EAAE,CAAF,CAAF,CAAL,OAAmB,EAAE,IAAF,CAAO,MAAI,CAAJ,GAAM,CAAN,GAAQ,CAAR,CAAd,CAAZ;GAAf,SAA6D,CAAT,CAAW,CAAX,EAAa,CAAb,EAAe;AAAC,QAAI,IAAE,EAAE,CAAF,CAAF,CAAL,OAAmB,EAAE,IAAF,CAAO,MAAI,CAAJ,GAAM,CAAN,GAAQ,CAAR,CAAd,CAAZ;GAAf,SAA6D,CAAT,CAAW,CAAX,EAAa;AAAC,WAAO,EAAE,IAAF,CAAO,SAAP,CAAP,CAAD;GAAb,SAAgD,CAAT,CAAW,CAAX,EAAa;AAAC,WAAO,EAAE,IAAF,CAAO,OAAP,CAAP,CAAD;GAAb,SAA8C,CAAT,CAAW,CAAX,EAAa;AAAC,WAAO,EAAE,IAAF,CAAO,OAAP,CAAP,CAAD;GAAb,SAA8C,CAAT,CAAW,CAAX,EAAa,CAAb,EAAe;AAAC,QAAI,IAAE,EAAE,CAAF,CAAF,CAAL,OAAkB,CAAC,IAAE,CAAF,IAAK,KAAG,EAAE,MAAF,CAAT,IAAoB,EAAE,CAAF,CAApB,EAAyB,EAAE,CAAF,CAAzB,CAAlB;GAAf,SAAwE,CAAT,CAAW,CAAX,EAAa;AAAC,QAAI,IAAE,EAAE,IAAF,CAAO,KAAP,CAAF,CAAL,OAA4B,QAAM,CAAN,KAAU,IAAE,EAAE,GAAF,EAAF,EAAU,QAAM,CAAN,KAAU,IAAE,aAAa,MAAb,CAAoB,CAApB,CAAF,EAAyB,EAAE,GAAF,CAAM,CAAN,CAAzB,CAAV,EAA6C,GAAvD,EAA2D,EAAE,IAAF,CAAO,KAAP,EAAa,CAAb,CAA3D,CAAV,EAAsF,CAAtF,CAA5B;GAAb,SAA0I,CAAT,CAAW,CAAX,EAAa,CAAb,EAAe;AAAC,QAAG,EAAE,UAAF,EAAa,CAAb,GAAgB,EAAE,YAAF,EAAe,CAAf,CAAhB,EAAkC,YAAU,OAAO,CAAP,EAAS;AAAC,UAAI,IAAE,EAAE,CAAF,CAAF,CAAL,OAAmB,MAAI,CAAJ,IAAO,EAAE,oCAAF,EAAuC,CAAvC,CAAP,EAAiD,CAAjD,CAAnB;KAAxD,IAAiI,YAAU,OAAO,CAAP,EAAS;AAAC,WAAI,IAAI,CAAJ,2CAAS,EAAb;AAAe,YAAG,EAAE,CAAF,MAAO,CAAP,EAAS,OAAO,CAAP,CAAZ;OAAf,CAAoC,CAAE,2BAAF,EAA8B,CAA9B,EAArC;KAAtB,MAAiG,EAAE,4BAAF,EAAjG;GAA9I,SAAwR,CAAT,CAAW,CAAX,EAAa,CAAb,EAAe,CAAf,EAAiB;AAAC,WAAO,EAAE,CAAF,EAAI,CAAJ,EAAM,CAAN,EAAQ,EAAE,CAAF,EAAI,CAAJ,CAAR,CAAP,CAAD;GAAjB,SAAkD,CAAT,CAAW,CAAX,EAAa,CAAb,EAAe,CAAf,EAAiB;AAAC,WAAO,EAAE,CAAF,EAAI,CAAJ,EAAM,CAAN,EAAQ,EAAE,CAAF,EAAI,CAAJ,CAAR,CAAP,CAAD;GAAjB,SAAkD,CAAT,CAAW,CAAX,EAAa,CAAb,EAAe,CAAf,EAAiB,CAAjB,EAAmB;AAAC,QAAG,CAAC,IAAE,CAAF,IAAK,KAAG,EAAE,SAAF,CAAT,IAAuB,EAAE,CAAF,CAAvB,EAA4B,EAAE,EAAE,gBAAF,IAAoB,IAAE,EAAE,YAAF,CAAxB,EAAwC;AAAC,UAAI,IAAE,EAAE,YAAF,CAAP,OAA6B,EAAE,cAAF,CAAiB,cAAjB,EAAgC,CAAC,EAAE,YAAF,EAAe,CAAhB,CAAhC,KAAqD,EAAE,YAAF,GAAe,CAAf,EAAiB,EAAE,CAAF,EAAI,CAAJ,EAAM,CAAN,CAAjB,EAA0B,EAAE,CAAF,EAAI,CAAJ,EAAM,CAAN,EAAQ,CAAR,CAA1B,EAAqC,EAAE,CAAF,EAAI,CAAJ,EAAM,CAAN,CAArC,EAA8C,EAAE,CAAF,EAAI,CAAJ,EAAM,CAAN,CAA9C,EAAuD,EAAE,CAAF,EAAI,CAAJ,EAAM,CAAN,EAAQ,CAAR,EAAU,CAAV,EAAY,YAAU;AAAC,UAAE,cAAF,CAAiB,aAAjB,EAA+B,CAAC,CAAD,EAAG,CAAH,CAA/B,EAAD;OAAV,CAAnE,CAArD,GAA4K,EAAE,IAAF,CAAO,WAAP,EAAoB,EAApB,CAAuB,CAAvB,EAA0B,QAA1B,CAAmC,OAAnC,CAA5K,EAAwN,CAAC,CAAD,CAArP;KAAvE;GAApB,SAA6V,CAAT,CAAW,CAAX,EAAa,CAAb,EAAe;AAAC,WAAO,EAAE,YAAF,GAAe,CAAf,CAAR;GAAf,SAAiD,CAAT,CAAW,CAAX,EAAa;AAAC,QAAI,IAAE,EAAE,MAAF,CAAS,CAAC,CAAD,EAAG,EAAZ,EAAe,EAAf,EAAkB,CAAlB,CAAF,CAAL,OAAmC,KAAK,IAAL,CAAU,YAAU;AAAC,UAAI,IAAE,EAAE,IAAF,CAAF;UAAU,IAAE,EAAC,cAAa,EAAE,UAAF,EAAa,aAAY,IAAZ,EAAiB,WAAU,CAAV,EAAY,mBAAkB,IAAlB,EAA1D,CAAf,CAAiG,CAAE,IAAF,CAAO,SAAP,EAAiB,CAAjB,GAAoB,EAAE,IAAF,CAAO,OAAP,EAAe,CAAf,CAApB,EAAsC,EAAE,IAAF,CAAO,OAAP,EAAe,EAAf,CAAtC,EAAyD,EAAE,CAAF,EAAI,CAAJ,EAAM,CAAN,CAAzD,EAAkE,EAAE,CAAF,EAAI,CAAJ,EAAM,CAAN,CAAlE,EAA2E,EAAE,CAAF,EAAI,CAAJ,CAA3E,EAAkF,EAAE,SAAF,IAAa,MAAI,CAAJ,IAAO,EAAE,CAAF,EAAI,EAAE,UAAF,CAAJ,CAAkB,KAAlB,EAApB,EAA8C,EAAE,cAAF,CAAiB,MAAjB,EAAwB,CAAC,EAAE,UAAF,CAAzB,CAAhI,CAAjG;KAAV,CAAjB,CAA5B;GAAb,SAAwV,CAAT,CAAW,CAAX,EAAa,CAAb,EAAe,CAAf,EAAiB,CAAjB,EAAmB,CAAnB,EAAqB;AAAC,KAAC,IAAE,CAAF,IAAK,IAAE,EAAE,SAAF,CAAR,IAAsB,EAAE,CAAF,CAAtB,EAA2B,IAAE,EAAE,MAAF,CAAS,EAAT,EAAY,EAAZ,EAAe,CAAf,CAAF,EAAoB,EAAE,CAAF,EAAI,CAAJ,EAAM,CAAN,CAA/C,EAAwD,EAAE,YAAF,KAAiB,EAAE,SAAF,IAAa,EAAE,YAAF,IAAgB,CAAhB,KAAoB,EAAE,YAAF,IAAiB,EAAE,CAAF,EAAI,CAAJ,EAAM,CAAN,CAAjB,CAAlD,EAA6E,EAAE,SAAF,EAArI,CAAD,IAAwJ,IAAE,EAAE,IAAF,CAAO,UAAP,CAAF;QAAqB,IAAE,EAAE,iBAAiB,MAAjB,CAAwB,EAAE,SAAF,EAAY,EAAE,KAAF,CAAtC,CAAF;QAAkD,IAAE,EAAE,cAAc,MAAd,CAAqB,EAAE,OAAF,CAAvB,CAAF,CAA/N,OAA0Q,CAAC,QAAM,EAAE,WAAF,IAAe,EAAE,WAAF,KAAgB,EAAE,IAAF,CAAtC,IAA+C,EAAE,IAAF,CAAO,EAAE,OAAF,CAAtD,EAAiE,MAAI,CAAJ,GAAM,EAAE,OAAF,CAAU,CAAV,EAAa,OAAb,CAAqB,CAArB,CAAN,GAA8B,EAAE,CAAF,EAAI,IAAE,CAAF,CAAJ,CAAS,KAAT,CAAe,CAAf,EAAkB,KAAlB,CAAwB,CAAxB,CAA9B,EAAyD,EAAE,CAAF,EAAI,CAAJ,EAAM,CAAN,EAAQ,CAAR,CAA1H,EAAqI,EAAE,CAAF,EAAI,CAAJ,EAAM,CAAN,EAAQ,CAAR,EAAU,CAAV,CAArI,EAAkJ,EAAE,CAAF,EAAI,CAAJ,EAAM,CAAN,EAAQ,CAAR,CAAlJ,EAA6J,MAAI,EAAE,YAAF,IAAgB,EAAE,CAAF,EAAI,CAAJ,EAAM,CAAN,CAApB,EAA6B,EAAE,CAAF,EAAI,CAAJ,EAAM,CAAN,CAA1L,EAAmM,CAAnM,CAA1Q;GAArB,SAA6e,CAAT,CAAW,CAAX,EAAa,CAAb,EAAe,CAAf,EAAiB;AAAC,MAAE,CAAF,EAAK,MAAL,CAAY,CAAZ,EAAc,CAAd,EAAgB,CAAhB,EAAD;GAAjB,SAA8C,CAAT,CAAW,CAAX,EAAa;AAAC,QAAI,IAAE,EAAE,IAAF,CAAF;QAAU,IAAE,EAAE,CAAF,CAAF;QAAO,IAAE,EAAE,CAAF,CAAF,CAAtB,IAAgC,EAAE,yBAAF,IAA6B,EAAE,IAAF,CAAO,QAAP,EAAiB,EAAjB,CAAoB,QAApB,CAA7B,EAA2D,OAAO,EAAE,cAAF,IAAmB,CAAC,CAAD,CAAxF,IAA+F,IAAE,EAAC,MAAK,EAAL,EAAQ,OAAM,EAAN,EAAX,CAA5H,CAAiJ,CAAE,OAAF,KAAY,EAAE,IAAF,IAAQ,EAAE,cAAF,IAAmB,EAAE,CAAF,EAAI,CAAJ,EAAM,CAAN,CAAnB,CAApB,GAAiD,EAAE,OAAF,KAAY,EAAE,KAAF,KAAU,EAAE,cAAF,IAAmB,EAAE,CAAF,EAAI,CAAJ,EAAM,CAAN,CAAnB,CAAtB,CAAlM;GAAb,SAA2Q,CAAT,CAAW,CAAX,EAAa,CAAb,EAAe,CAAf,EAAiB;AAAC,QAAG,EAAE,SAAF,GAAY,CAAZ,EAAc;AAAC,UAAI,IAAE,EAAE,YAAF;UAAe,IAAE,EAAE,CAAF,EAAI,CAAJ,CAAF,CAAtB,IAAkC,CAAC,EAAE,kBAAF,IAAsB,CAAC,EAAE,aAAF,EAAgB,QAAO,EAAE,CAAF,EAAI,EAAE,WAAF,CAAX,GAA2B,KAAK,EAAE,MAAF;AAAS,YAAE,IAAF,CAAO,kBAAP,EAA2B,EAA3B,CAA8B,EAAE,YAAF,CAA9B,CAA8C,KAA9C,GAAsD,IAAtD,CAA2D,kBAAgB,EAAE,UAAF,GAAa,qCAA7B,CAA3D,CAA+H,IAA/H,CAAoI,QAApI,EAA6I,GAA7I,EAAd,MAA3B,KAAsM,EAAE,KAAF;AAAQ,cAAI,IAAE,EAAE,CAAF,EAAI,CAAJ,EAAO,KAAP,CAAa,MAAb,EAAoB,MAApB,EAA4B,KAA5B,GAAoC,MAApC,CAA2C,EAAE,EAAE,eAAF,EAAkB,EAAC,MAAK,EAAE,MAAF,CAAS,OAAT,EAA1B,CAA3C,CAAF,CAAjB,CAA4G,CAAE,IAAF,CAAO,EAAC,KAAI,EAAE,UAAF,EAAa,OAAM,CAAC,CAAD,EAA/B,EAAoC,IAApC,CAAyC,UAAS,CAAT,EAAW;AAAC,cAAE,KAAF,GAAU,IAAV,CAAe,CAAf,EAAkB,KAAlB,CAAwB,MAAxB,EAA+B,OAA/B,EAAwC,IAAxC,CAA6C,QAA7C,EAAsD,GAAtD,GAA2D,EAAE,cAAF,CAAiB,eAAjB,EAAiC,CAAC,CAAD,CAAjC,CAA3D,CAAD;WAAX,CAAzC,CAA5G,CAA5O;KAAhD;GAAlB,SAA6jB,CAAT,CAAW,CAAX,EAAa,CAAb,EAAe,CAAf,EAAiB,CAAjB,EAAmB;AAAC,QAAI,IAAE,EAAE,YAAF,CAAP,IAAyB,KAAG,CAAH,IAAM,IAAE,EAAE,SAAF,IAAa,EAAE,EAAE,gBAAF,IAAoB,IAAE,EAAE,YAAF,CAAxB,EAAwC;AAAC,UAAI,IAAE,EAAE,CAAF,EAAI,CAAJ,CAAF;UAAS,IAAE,EAAE,MAAF,EAAF;UAAa,IAAE,EAAE,QAAF,CAAW,UAAX,CAAF,CAA3B,OAA2D,EAAE,WAAF,IAAgB,EAAE,KAAF,EAAhB,EAA0B,MAAI,EAAE,YAAF,IAAgB,CAApB,IAAuB,EAAE,WAAF,CAAc,CAAC,CAAD,CAAd,EAAkB,CAAC,CAAD,CAAzC,GAA6C,CAAC,CAAD,CAAlI;KAAhE,OAA2M,CAAC,CAAD,CAAjO;GAAnB,SAAgQ,CAAT,CAAW,CAAX,EAAa;AAAC,MAAE,cAAF,GAAD,IAAwB,IAAE,EAAE,IAAF,CAAF;QAAU,IAAE,EAAE,MAAF,GAAW,MAAX,GAAoB,MAApB,GAA6B,MAA7B,EAAF;QAAwC,IAAE,EAAE,CAAF,CAAF;QAAO,IAAE,EAAE,CAAF,CAAF;QAAO,IAAE,EAAE,IAAF,CAAO,MAAP,CAAF,CAAxF,QAAgH,EAAE,SAAF,CAAY,EAAE,WAAF,CAAc,GAAd,IAAmB,CAAnB,CAAnB,GAA0C,KAAI,QAAJ;AAAa,UAAE,CAAF,EAAb,MAA1C,KAAsE,QAAJ;AAAa,UAAE,CAAF,EAAI,CAAJ,EAAb,MAAlE,KAAgG,MAAJ;AAAW,UAAE,CAAF,EAAI,CAAJ,EAAM,CAAN,EAAX,MAA5F,KAA0H,UAAJ;AAAe,UAAE,CAAF,EAAI,CAAJ,EAAM,CAAN,EAAf,CAA/N;GAAb,SAA8Q,CAAT,CAAW,CAAX,EAAa,CAAb,EAAe,CAAf,EAAiB;AAAC,QAAG,EAAE,gBAAF,EAAmB;AAAC,UAAI,IAAE,EAAE,IAAF,CAAO,6BAAP,EAAsC,MAAtC,EAAF;UAAiD,IAAE,EAAE,IAAF,CAAO,2BAAP,EAAoC,MAApC,EAAF,CAAtD,IAAwG,CAAC,EAAE,gBAAF,EAAmB;AAAC,YAAI,IAAE,EAAE,IAAF,CAAO,+BAAP,EAAwC,MAAxC,EAAF,CAAL,CAAwD,CAAE,WAAF,CAAc,EAAE,YAAF,GAAe,CAAf,CAAd,CAAxD;OAAvB,CAA+G,CAAE,kBAAF,IAAsB,EAAE,sBAAF,IAA0B,EAAE,WAAF,CAAc,EAAE,SAAF,GAAY,CAAZ,CAAd,EAA6B,EAAE,WAAF,CAAc,EAAE,SAAF,GAAY,CAAZ,IAAe,EAAE,SAAF,GAAY,EAAE,YAAF,GAAe,CAAf,CAAtE,CAAhD,IAA0I,EAAE,SAAF,CAAY,EAAE,kBAAF,IAAsB,EAAE,SAAF,KAAc,EAAE,YAAF,GAAe,CAAf,CAAhD,EAAkE,EAAE,SAAF,CAAY,MAAI,EAAE,SAAF,IAAa,EAAE,SAAF,GAAY,EAAE,YAAF,GAAe,CAAf,CAAzC,CAA2D,WAA3D,CAAuE,EAAE,SAAF,GAAY,EAAE,YAAF,GAAe,CAAf,IAAkB,CAAC,EAAE,kBAAF,CAAxK,CAA1I,CAApN;KAAtB;GAAlB,SAA+kB,CAAT,CAAW,CAAX,EAAa,CAAb,EAAe,CAAf,EAAiB,CAAjB,EAAmB;AAAC,QAAI,IAAE,EAAE,CAAF,EAAI,EAAE,YAAF,CAAN;QAAsB,IAAE,EAAE,wCAAsC,EAAE,MAAF,CAAS,OAAT,GAAiB,UAAvD,CAAJ;QAAuE,IAAE,EAAE,IAAF,CAAO,mBAAP,CAAF,CAAlG,IAAmI,QAAM,CAAN,EAAQ;AAAC,UAAI,IAAE,EAAE,CAAF,EAAI,CAAJ,CAAF,CAAL,CAAc,CAAE,MAAF,GAAW,QAAX,CAAoB,MAApB,EAA4B,WAA5B,CAAwC,OAAxC,EAAiD,WAAjD,CAA6D,CAAC,CAAD,CAA7D,EAAiE,EAAE,EAAF,CAAK,CAAL,EAAQ,WAAR,CAAoB,SAApB,EAA+B,IAA/B,CAAoC,OAApC,EAA6C,WAA7C,CAAyD,SAAzD,CAAjE,EAAqI,IAAE,EAAE,IAAF,CAAO,eAAP,CAAF,EAA0B,EAAE,KAAF,EAA/J,CAAd;KAAX,CAAkM,CAAE,OAAF,CAAU,CAAV,EAAa,MAAb,GAAsB,WAAtB,GAAoC,WAApC,CAAgD,MAAhD,EAAwD,WAAxD,IAAsE,EAAE,EAAF,CAAK,EAAE,YAAF,CAAL,CAAqB,QAArB,CAA8B,SAA9B,EAAyC,IAAzC,CAA8C,OAA9C,EAAuD,QAAvD,CAAgE,SAAhE,CAAtE,CAAlU;GAAnB,SAA+e,CAAT,CAAW,CAAX,EAAa,CAAb,EAAe,CAAf,EAAiB,CAAjB,EAAmB;AAAC,SAAI,IAAI,IAAE,EAAE,CAAF,CAAF,EAAO,IAAE,CAAF,EAAI,IAAE,EAAE,SAAF,EAAY,GAAjC,EAAqC;AAAC,UAAI,IAAE,IAAE,CAAF,GAAI,CAAJ;UAAM,IAAE,IAAE,CAAF,GAAI,CAAJ;UAAM,IAAE,IAAE,CAAF,GAAI,CAAJ;UAAM,IAAE,EAAE,IAAF,CAAO,QAAP,EAAiB,EAAjB,CAAoB,CAApB,EAAuB,GAAvB,CAA2B,CAA3B,CAAF,CAA7B,CAA6D,CAAE,IAAF,CAAO,UAAP,EAAmB,EAAnB,CAAsB,CAAtB,EAAyB,GAAzB,CAA6B,CAA7B,EAAgC,KAAhC,CAAsC,UAAtC,EAAiD,CAAjD,EAAoD,IAApD,CAAyD,MAAzD,EAAgE,MAAI,CAAJ,CAAhE,CAAuE,IAAvE,CAA4E,EAAE,EAAE,aAAF,EAAgB,EAAC,OAAM,IAAE,CAAF,EAAI,OAAM,EAAE,IAAF,EAAN,EAA7B,CAA5E,GAA2H,EAAE,IAAF,CAAO,OAAP,EAAgB,EAAhB,CAAmB,CAAnB,EAAsB,GAAtB,CAA0B,CAA1B,EAA6B,KAA7B,CAAmC,YAAnC,EAAgD,CAAhD,CAA3H,CAA7D;KAArC;GAApB,SAA8S,CAAT,CAAW,CAAX,EAAa,CAAb,EAAe;AAAC,QAAI,IAAE,EAAE,CAAF,CAAF,CAAL,CAAY,CAAE,IAAF,CAAO,aAAW,CAAX,EAAa,EAAE,UAAF,CAApB,EAAkC,EAAE,IAAF,CAAO,kBAAgB,CAAhB,EAAkB,EAAE,eAAF,CAA3D,EAA8E,EAAE,IAAF,CAAO,cAAY,CAAZ,EAAc,EAAE,WAAF,CAAnG,EAAkH,EAAE,IAAF,CAAO,aAAW,CAAX,EAAa,EAAE,UAAF,CAAtI,EAAoJ,EAAE,IAAF,CAAO,SAAO,CAAP,EAAS,EAAE,MAAF,CAApK,EAA8K,EAAE,IAAF,CAAO,iBAAe,CAAf,EAAiB,EAAE,cAAF,CAAtM,EAAwN,EAAE,IAAF,CAAO,gBAAc,CAAd,EAAgB,EAAE,aAAF,CAA/O,EAAgQ,EAAE,mBAAF,IAAuB,EAAE,IAAF,CAAO,UAAQ,CAAR,EAAU,CAAjB,CAAvB,EAA2C,EAAE,IAAF,CAAO,YAAP,EAAqB,IAArB,CAA0B,UAAQ,CAAR,EAAU,CAApC,CAA3S,CAAZ;GAAf,SAAsX,CAAT,CAAW,CAAX,EAAa,CAAb,EAAe,CAAf,EAAiB,CAAjB,EAAmB;AAAC,WAAO,IAAE,CAAF,IAAK,KAAG,EAAE,SAAF,IAAa,EAAE,YAAF,KAAiB,CAAjB,GAAmB,CAAC,CAAD,IAAI,EAAE,CAAF,EAAI,CAAJ,GAAO,EAAE,YAAF,GAAe,CAAf,KAAmB,EAAE,YAAF,IAAiB,EAAE,CAAF,EAAI,CAAJ,EAAM,CAAN,CAAjB,CAAnB,EAA8C,EAAE,SAAF,EAArD,EAAmE,EAAE,CAAF,EAAI,CAAJ,EAAO,MAAP,EAAnE,EAAmF,EAAE,CAAF,EAAI,CAAJ,EAAO,MAAP,EAAnF,EAAmG,EAAE,CAAF,EAAI,CAAJ,EAAO,MAAP,GAAgB,MAAhB,EAAnG,EAA4H,MAAI,CAAJ,IAAO,EAAE,IAAF,CAAO,WAAP,EAAoB,KAApB,GAA4B,QAA5B,CAAqC,OAArC,CAAP,EAAqD,MAAI,EAAE,SAAF,IAAa,EAAE,IAAF,CAAO,WAAP,EAAoB,EAApB,CAAuB,CAAvB,EAA0B,QAA1B,CAAmC,MAAnC,CAAjB,EAA4D,EAAE,CAAF,EAAI,CAAJ,EAAM,CAAN,EAAQ,CAAR,CAA7O,EAAwP,EAAE,CAAF,EAAI,CAAJ,EAAM,CAAN,CAAxP,EAAiQ,CAAC,CAAD,CAA7S,CAAR;GAAnB,SAAqV,CAAT,CAAW,CAAX,EAAa,CAAb,EAAe;AAAC,MAAE,CAAF,EAAK,MAAL,CAAY,CAAZ,EAAc,CAAd,EAAD;GAAf,SAA0C,CAAT,CAAW,CAAX,EAAa,CAAb,EAAe,CAAf,EAAiB;AAAC,QAAI,IAAE,4BAAF;QAA+B,IAAE,EAAE,CAAF,EAAI,EAAE,gBAAF,CAAN;QAA0B,IAAE,MAAI,EAAE,QAAF,GAAW,WAAf,GAA2B,EAA3B;QAA8B,IAAE,EAAE,EAAE,MAAF,CAAS,EAAE,mBAAF,EAAsB,aAAW,EAAE,gBAAF,EAAmB,EAAE,IAAF,EAA7D,CAAF,CAAF;QAA4E,IAAE,EAAE,EAAE,MAAF,CAAS,EAAE,iBAAF,EAAoB,WAAS,EAAE,gBAAF,EAAmB,0BAAzD,CAAF,CAAF;QAA0F,IAAE,EAAE,QAAF,CAAW,EAAE,SAAF,CAAb;QAA0B,IAAE,EAAE,QAAF,CAAW,EAAE,OAAF,CAAb,CAA9R,CAAsT,CAAE,IAAF,CAAO,MAAP,EAAc,aAAd,EAA6B,KAA7B,GAAqC,MAArC,CAA4C,CAA5C,EAA+C,MAA/C,CAAsD,CAAtD,EAAyD,QAAzD,CAAkE,EAAE,QAAF,GAAW,GAAX,GAAe,EAAE,gBAAF,GAAmB,CAAlC,CAAlE,EAAuG,EAAE,IAAF,CAAO,UAAS,CAAT,EAAW;AAAC,QAAE,CAAF,EAAI,CAAJ,EAAM,EAAE,IAAF,CAAN,EAAc,CAAd,EAAD;KAAX,CAA9G,EAA6I,EAAE,IAAF,CAAO,UAAS,CAAT,EAAW;AAAC,QAAE,CAAF,EAAI,CAAJ,EAAM,CAAN,EAAQ,EAAE,IAAF,CAAR,EAAgB,CAAhB,EAAD;KAAX,CAApJ,EAAqL,EAAE,CAAF,EAAI,CAAJ,EAAM,CAAN,CAArL,EAA8L,EAAE,CAAF,EAAI,CAAJ,EAAM,CAAN,CAA9L,CAAtT;GAAjB,SAAuhB,CAAT,CAAW,CAAX,EAAa,CAAb,EAAe,CAAf,EAAiB,CAAjB,EAAmB;AAAC,QAAI,IAAE,EAAE,CAAF,CAAF;QAAO,IAAE,IAAE,CAAF,GAAI,CAAJ;QAAM,IAAE,IAAE,CAAF,GAAI,CAAJ,CAAtB,CAA4B,CAAE,GAAF,CAAM,CAAN,EAAS,IAAT,CAAc,MAAd,EAAqB,UAArB,EAAiC,KAAjC,CAAuC,YAAvC,EAAoD,CAApD,EAAuD,QAAvD,CAAgE,MAAhE,EAAwE,SAAxE,CAAkF,EAAE,YAAF,KAAiB,CAAjB,CAAlF,CAA5B;GAAnB,SAA8J,CAAT,CAAW,CAAX,EAAa,CAAb,EAAe,CAAf,EAAiB;AAAC,QAAG,EAAE,gBAAF,EAAmB;AAAC,UAAI,IAAE,0EAAF;UAA6E,IAAE,iDAAF;UAAoD,IAAE,EAAF,CAAtI,CAA2I,CAAE,gBAAF,KAAqB,KAAG,EAAE,MAAF,CAAS,UAAT,EAAoB,EAAE,MAAF,CAAS,QAAT,CAAvB,CAArB,EAAgE,KAAG,EAAE,MAAF,CAAS,MAAT,EAAgB,EAAE,MAAF,CAAS,IAAT,CAAnB,EAAkC,EAAE,kBAAF,KAAuB,KAAG,EAAE,MAAF,CAAS,QAAT,EAAkB,EAAE,MAAF,CAAS,MAAT,CAArB,CAAvB,EAA8D,EAAE,kBAAF,KAAuB,KAAG,EAAE,MAAF,CAAS,QAAT,EAAkB,EAAE,MAAF,CAAS,MAAT,CAArB,CAAvB,EAA8D,EAAE,MAAF,CAAS,EAAE,MAAF,CAAS,EAAE,kBAAF,EAAqB,EAAE,gBAAF,EAAmB,EAAE,MAAF,CAAS,UAAT,EAAoB,CAArE,CAAT,CAA9N,EAAgT,EAAE,CAAF,EAAI,CAAJ,EAAM,CAAN,CAAhT,EAAyT,EAAE,CAAF,EAAI,CAAJ,EAAM,CAAN,CAAzT,CAA3I;KAAtB;GAAlB,SAA+f,CAAT,CAAW,CAAX,EAAa,CAAb,EAAe;AAAC,SAAI,IAAI,IAAE,EAAE,KAAF,CAAQ,cAAR,CAAF,EAA0B,IAAE,CAAF,EAAI,IAAE,EAAE,MAAF,EAAS,GAAjD,EAAqD;AAAC,UAAI,IAAE,EAAE,CAAF,CAAF;UAAO,IAAE,EAAE,SAAF,CAAY,CAAZ,EAAc,EAAE,MAAF,GAAS,CAAT,CAAhB,CAAZ,CAAwC,CAAE,CAAF,MAAO,CAAP,IAAU,EAAE,4DAAF,EAA+D,CAA/D,CAAV,EAA4E,IAAE,EAAE,OAAF,CAAU,CAAV,EAAY,EAAE,CAAF,CAAZ,CAAF,CAApH;KAArD,OAAoM,CAAP,CAA9L;GAAf,SAA+N,CAAT,CAAW,CAAX,EAAa,CAAb,EAAe,CAAf,EAAiB,CAAjB,EAAmB,CAAnB,EAAqB;AAAC,QAAI,IAAE,EAAE,CAAF,CAAF;QAAO,IAAE,IAAE,CAAF,GAAI,CAAJ;QAAM,IAAE,IAAE,CAAF,GAAI,CAAJ;QAAM,IAAE,IAAE,CAAF,GAAI,CAAJ;QAAM,IAAE,EAAE,IAAF,CAAO,aAAP,CAAF;QAAwB,IAAE,EAAE,EAAE,aAAF,EAAgB,EAAC,OAAM,IAAE,CAAF,EAAI,OAAM,EAAE,IAAF,EAAN,EAA7B,CAAF;QAAgD,IAAE,EAAE,2BAAyB,CAAzB,GAA2B,WAA3B,GAAuC,CAAvC,GAAyC,mBAAzC,GAA6D,CAA7D,GAA+D,IAA/D,GAAoE,CAApE,GAAsE,WAAtE,CAAJ,CAA5G,CAAmM,CAAE,WAAF,CAAc,EAAE,cAAF,IAAkB,EAAE,YAAF,GAAe,CAAf,CAAhC,EAAkD,EAAE,YAAF,GAAe,CAAf,IAAkB,EAAE,QAAF,CAAW,MAAX,CAAlB,EAAqC,EAAE,GAAF,CAAM,CAAN,EAAS,IAAT,CAAc,UAAd,EAAyB,IAAzB,EAA+B,QAA/B,CAAwC,OAAxC,CAAvF,EAAwI,MAAI,CAAJ,GAAM,EAAE,OAAF,CAAU,CAAV,CAAN,GAAmB,EAAE,IAAF,CAAO,IAAP,EAAa,EAAb,CAAgB,IAAE,CAAF,CAAhB,CAAqB,KAArB,CAA2B,CAA3B,CAAnB,EAAiD,MAAI,CAAJ,IAAO,EAAE,IAAF,CAAO,IAAP,EAAa,WAAb,CAAyB,OAAzB,EAAkC,EAAlC,CAAqC,CAArC,EAAwC,QAAxC,CAAiD,OAAjD,CAAP,EAAiE,MAAI,EAAE,SAAF,GAAY,CAAZ,IAAe,EAAE,IAAF,CAAO,IAAP,EAAa,WAAb,CAAyB,MAAzB,EAAiC,EAAjC,CAAoC,CAApC,EAAuC,QAAvC,CAAgD,MAAhD,CAAnB,EAA2E,EAAE,QAAF,CAAW,GAAX,EAAgB,IAAhB,CAAqB,UAAQ,EAAE,CAAF,CAAR,EAAa,CAAlC,CAArU,CAAnM;GAArB,SAA2kB,CAAT,CAAW,CAAX,EAAa,CAAb,EAAe,CAAf,EAAiB;AAAC,MAAE,SAAF,IAAa,EAAE,MAAF,IAAU,EAAE,MAAF,CAAS,IAAE,EAAE,CAAF,CAAF,EAAO,EAAE,YAAF,CAAvC,CAAD;GAAjB,SAAkF,CAAT,CAAW,CAAX,EAAa,CAAb,EAAe,CAAf,EAAiB,CAAjB,EAAmB,CAAnB,EAAqB,CAArB,EAAuB;AAAC,QAAI,IAAE,EAAE,IAAF,CAAO,kBAAP,CAAF;QAA6B,IAAE,EAAE,EAAF,EAAK,EAAE,gBAAF,CAAP;QAA2B,IAAE,EAAE,qBAAF;QAAwB,IAAE,EAAE,EAAF,CAAK,CAAL,CAAF;QAAU,IAAE,EAAE,EAAF,CAAK,CAAL,CAAF,CAAjG,QAAkH,CAAP,GAAU,KAAK,GAAG,IAAH,CAAf,KAA4B,GAAG,KAAH;AAAS,YAAI,IAAE,MAAI,GAAG,IAAH,GAAQ,SAAZ,GAAsB,SAAtB;YAAgC,IAAE,MAAI,GAAG,IAAH,GAAQ,QAAZ,GAAqB,WAArB,CAAtD,CAAuF,CAAE,iBAAF,GAAoB,CAApB,EAAsB,EAAE,CAAF,EAAK,CAAL,EAAO,YAAU;AAAC,cAAI,IAAE,EAAE,IAAF,EAAQ,SAAR,CAAkB,CAAC,CAAD,CAAlB,CAAsB,MAAtB,GAA+B,MAA/B,EAAF;cAA0C,IAAE,EAAE,CAAF,CAAF,CAA/C,CAAsD,CAAE,iBAAF,KAAsB,EAAE,iBAAF,CAAoB,CAApB,EAAuB,CAAvB,EAAyB,YAAU;AAAC,cAAE,IAAF,EAAQ,SAAR,GAAD;WAAV,CAAzB,CAA0D,OAA1D,GAAoE,IAApE,CAAyE,CAAzE,GAA4E,EAAE,iBAAF,GAAoB,IAApB,CAAlG,CAAtD;SAAV,CAA7B,CAAvF,MAAvB,KAAoV,GAAG,SAAH;AAAa,YAAI,IAAE,EAAE,UAAF,CAAa,CAAC,CAAD,CAAf;YAAmB,IAAE,IAAE,CAAF,GAAI,CAAC,CAAD,GAAG,CAAP;YAAS,IAAE,IAAE,CAAF,GAAI,CAAJ,GAAM,CAAC,CAAD,CAA5D,CAA+D,CAAE,IAAF,CAAO,EAAE,OAAF,CAAU,EAAC,MAAK,CAAL,EAAX,EAAmB,CAAnB,EAAqB,YAAU;AAAC,YAAE,IAAF,EAAQ,SAAR,CAAkB,CAAC,CAAD,CAAlB,CAAD;SAAV,CAA5B,EAA+D,EAAE,GAAF,CAAM,MAAN,EAAa,IAAE,IAAF,CAAb,CAAqB,SAArB,GAAiC,OAAjC,CAAyC,EAAC,MAAK,CAAL,EAA1C,EAAkD,CAAlD,CAA/D,EAAqH,IAArH,CAA0H,CAA1H,EAA/D,MAA/U;AAAyhB,UAAE,IAAF,CAAO,EAAE,SAAF,CAAY,CAAC,CAAD,CAAnB,EAAuB,EAAE,SAAF,EAAvB,EAAsC,IAAtC,CAA2C,CAA3C,EAAR,CAA5nB;GAAvB,SAAmtB,CAAT,CAAW,CAAX,EAAa;AAAC,MAAE,cAAF,GAAD,IAAwB,IAAE,EAAE,IAAF,CAAF;QAAU,IAAE,EAAE,MAAF,GAAW,MAAX,GAAoB,MAApB,GAA6B,MAA7B,EAAF;QAAwC,IAAE,EAAE,CAAF,CAAF;QAAO,IAAE,EAAE,CAAF,CAAF;QAAO,IAAE,EAAE,YAAF,CAA1F,IAA4G,EAAE,MAAF,GAAW,EAAX,CAAc,+BAAd,CAAH,EAAkD;AAAC,UAAI,IAAE,EAAE,IAAF,CAAO,MAAP,CAAF;UAAiB,IAAE,SAAS,EAAE,SAAF,CAAY,EAAE,WAAF,CAAc,GAAd,IAAmB,CAAnB,CAArB,EAA2C,CAA3C,CAAF,CAAtB,CAAsE,CAAE,CAAF,EAAI,CAAJ,EAAM,CAAN,EAAQ,CAAR,EAAtE;KAAlD,OAA0I,MAAI,EAAE,YAAF,IAAgB,EAAE,CAAF,EAAI,CAAJ,EAAO,KAAP,IAAe,CAAC,CAAD,CAAnC,GAAuC,KAAK,CAAL,CAA1R;GAAb,SAAuT,CAAT,CAAW,CAAX,EAAa;AAAC,UAAM,UAAU,MAAV,GAAiB,CAAjB,KAAqB,IAAE,EAAE,MAAF,CAAS,MAAM,SAAN,CAAgB,KAAhB,CAAsB,IAAtB,CAA2B,SAA3B,EAAqC,CAArC,CAAT,CAAF,CAArB,EAA0E,IAAI,KAAJ,CAAU,CAAV,CAA1E,CAAP;GAAb,SAAoH,CAAT,CAAW,CAAX,EAAa,CAAb,EAAe;AAAC,YAAM,CAAN,IAAS,EAAE,0CAAF,EAA6C,CAA7C,CAAT,CAAD;GAAf,CAAyE,CAAE,EAAF,CAAK,MAAL,CAAY,EAAC;AAAM,qBAAS,CAAT,EAAW,CAAX,EAAa;AAAC,eAAO,KAAK,IAAL,CAAU,UAAQ,CAAR,EAAU,CAApB,CAAP,CAAD;OAAb;;;OAAN,EAAmD;AAAY,2BAAS,CAAT,EAAW;AAAC,eAAO,KAAK,UAAL,CAAgB,UAAQ,CAAR,CAAvB,CAAD;OAAX;;;OAAZ,EAA2D;AAAY,2BAAS,CAAT,EAAW;AAAC,eAAO,QAAM,CAAN,IAAS,CAAT,GAAW,KAAK,WAAL,CAAiB,UAAjB,EAA6B,KAA7B,CAAmC,UAAnC,EAA8C,OAA9C,CAAX,GAAkE,KAAK,QAAL,CAAc,UAAd,EAA0B,KAA1B,CAAgC,UAAhC,EAA2C,MAA3C,CAAlE,CAAR;OAAX;;;OAAZ,EAAqJ;AAAU,yBAAS,CAAT,EAAW;AAAC,eAAO,QAAM,CAAN,IAAS,CAAT,GAAW,KAAK,IAAL,GAAY,KAAZ,CAAkB,QAAlB,EAA2B,OAA3B,CAAX,GAA+C,KAAK,IAAL,GAAY,KAAZ,CAAkB,QAAlB,EAA2B,MAA3B,CAA/C,CAAR;OAAX;;;OAAV,EAAgH;AAAY,2BAAS,CAAT,EAAW;AAAC,eAAO,QAAM,CAAN,IAAS,CAAT,GAAW,KAAK,QAAL,CAAc,SAAd,EAAyB,KAAzB,CAA+B,UAA/B,EAA0C,MAA1C,CAAX,GAA6D,KAAK,WAAL,CAAiB,SAAjB,EAA4B,KAA5B,CAAkC,UAAlC,EAA6C,OAA7C,CAA7D,CAAR;OAAX;;;OAAZ,EAAmJ;AAAI,mBAAS,CAAT,EAAW;AAAC,eAAO,IAAE,KAAK,IAAL,CAAU,IAAV,EAAe,CAAf,CAAF,GAAoB,KAAK,IAAL,CAAU,IAAV,CAApB,CAAR;OAAX;;;OAAJ,EAAnhB,GAAilB,OAAO,SAAP,CAAiB,MAAjB,KAA0B,OAAO,SAAP,CAAiB,MAAjB,GAAwB,YAAU;AAAC,SAAI,IAAI,IAAE,MAAI,UAAU,MAAV,IAAkB,EAAE,OAAF,CAAU,UAAU,CAAV,CAAV,CAAtB,GAA8C,UAAU,CAAV,CAA9C,GAA2D,SAA3D,EAAqE,IAAE,IAAF,EAAO,IAAE,CAAF,EAAI,IAAE,EAAE,MAAF,EAAS,GAArG,EAAyG;AAAC,UAAI,IAAE,IAAI,MAAJ,CAAW,QAAM,CAAN,GAAQ,KAAR,EAAc,IAAzB,CAAF,CAAL,CAAsC,GAAE,EAAE,OAAF,CAAU,CAAV,EAAY,EAAE,CAAF,CAAZ,CAAF,CAAtC;KAAzG,OAA0K,CAAP,CAApK;GAAV,CAAlD,CAAl0V,IAAijW,IAAE,CAAF;MAAI,IAAE,qBAAF;MAAwB,IAAE,KAAF;MAAQ,IAAE,KAAF;MAAQ,IAAE,KAAF;MAAQ,IAAE,qBAAF;MAAwB,IAAE,iDAAF,CAA7nW,CAAirW,CAAE,EAAF,CAAK,KAAL,GAAW,UAAS,CAAT,EAAW;AAAC,WAAO,EAAE,EAAF,CAAK,KAAL,CAAW,CAAX,IAAc,EAAE,EAAF,CAAK,KAAL,CAAW,CAAX,EAAc,KAAd,CAAoB,IAApB,EAAyB,MAAM,SAAN,CAAgB,KAAhB,CAAsB,IAAtB,CAA2B,SAA3B,EAAqC,CAArC,CAAzB,CAAd,GAAgF,oBAAiB,8DAAjB,IAAoB,CAApB,GAAsB,KAAK,EAAE,KAAF,CAAQ,YAAU,CAAV,GAAY,iCAAZ,CAAb,GAA4D,EAAE,KAAF,CAAQ,IAAR,EAAa,SAAb,CAAlF,CAAxF;GAAX,EAA8M,EAAE,EAAF,CAAK,KAAL,CAAW,GAAX,GAAe,UAAS,CAAT,EAAW;AAAC,QAAI,IAAE,EAAE,IAAF,CAAF,CAAL,OAAsB,EAAE,IAAF,EAAO,EAAE,IAAF,CAAP,EAAe,CAAf,EAAiB,EAAE,SAAF,EAAY,CAA7B,CAAP,CAAf;GAAX,EAAkE,EAAE,EAAF,CAAK,KAAL,CAAW,OAAX,GAAmB,YAAU;AAAC,WAAO,EAAE,IAAF,EAAO,EAAE,IAAF,CAAP,CAAP,CAAD;GAAV,EAAmC,EAAE,EAAF,CAAK,KAAL,CAAW,MAAX,GAAkB,YAAU;AAAC,MAAE,IAAF,EAAO,EAAE,IAAF,CAAP,EAAD;GAAV,EAA4B,EAAE,EAAF,CAAK,KAAL,CAAW,eAAX,GAA2B,YAAU;AAAC,WAAO,EAAE,IAAF,EAAQ,YAAR,CAAR;GAAV,EAAwC,EAAE,EAAF,CAAK,KAAL,CAAW,cAAX,GAA0B,YAAU;AAAC,WAAO,EAAE,IAAF,EAAO,EAAE,IAAF,EAAQ,YAAR,CAAd,CAAD;GAAV,EAAgD,EAAE,EAAF,CAAK,KAAL,CAAW,OAAX,GAAmB,UAAS,CAAT,EAAW;AAAC,WAAO,EAAE,IAAF,EAAO,CAAP,CAAP,CAAD;GAAX,EAA8B,EAAE,EAAF,CAAK,KAAL,CAAW,MAAX,GAAkB,UAAS,CAAT,EAAW,CAAX,EAAa;AAAC,WAAO,EAAE,IAAF,EAAO,EAAE,IAAF,CAAP,EAAe,EAAE,IAAF,CAAf,EAAuB,CAAvB,EAAyB,CAAzB,CAAP,CAAD;GAAb,EAAkD,EAAE,EAAF,CAAK,KAAL,CAAW,IAAX,GAAgB,YAAU;AAAC,WAAO,EAAE,IAAF,EAAO,EAAE,IAAF,CAAP,EAAe,EAAE,IAAF,CAAf,CAAP,CAAD;GAAV,EAA2C,EAAE,EAAF,CAAK,KAAL,CAAW,QAAX,GAAoB,YAAU;AAAC,WAAO,EAAE,IAAF,EAAO,EAAE,IAAF,CAAP,EAAe,EAAE,IAAF,CAAf,CAAP,CAAD;GAAV,EAA2C,EAAE,EAAF,CAAK,KAAL,CAAW,MAAX,GAAkB,UAAS,CAAT,EAAW;AAAC,WAAO,EAAE,IAAF,EAAO,EAAE,IAAF,CAAP,EAAe,EAAE,IAAF,CAAf,EAAuB,CAAvB,CAAP,CAAD;GAAX,EAA8C,EAAE,EAAF,CAAK,KAAL,CAAW,OAAX,GAAmB,YAAU;AAAC,UAAM,IAAI,KAAJ,CAAU,sBAAV,CAAN,CAAD;GAAV,EAAoD,EAAE,EAAF,CAAK,KAAL,CAAW,IAAX,GAAgB,YAAU;AAAC,UAAM,IAAI,KAAJ,CAAU,sBAAV,CAAN,CAAD;GAAV,CAAllY,IAA0oY,IAAE,EAAE,EAAF,CAAK,KAAL,CAAW,WAAX,GAAuB,EAAC,MAAK,CAAL,EAAO,QAAO,CAAP,EAAS,OAAM,CAAN,EAAxC;MAAiD,IAAE,EAAE,EAAF,CAAK,KAAL,CAAW,gBAAX,GAA4B,EAAC,YAAW,CAAX,EAAa,UAAS,CAAT,EAA1C;MAAsD,KAAG,EAAE,EAAF,CAAK,KAAL,CAAW,gBAAX,GAA4B,EAAC,MAAK,CAAL,EAAO,MAAK,CAAL,EAAO,OAAM,CAAN,EAAQ,WAAU,CAAV,EAAnD;MAAgE,KAAG,EAAE,EAAF,CAAK,KAAL,CAAW,SAAX,GAAqB,EAAC,OAAM,EAAN,EAAS,SAAQ,EAAR,EAAW,YAAW,EAAX,EAAc,aAAY,EAAE,IAAF,EAAO,eAAc,CAAC,CAAD,EAAzF;MAA6F,KAAG,EAAE,EAAF,CAAK,KAAL,CAAW,QAAX,GAAoB,EAAC,WAAU,IAAV,EAAe,SAAQ,KAAR,EAAc,qBAAoB,KAApB,EAA0B,oBAAmB,KAAnB,EAAyB,mBAAkB,KAAlB,EAAwB,UAAS,QAAT,EAAkB,kBAAiB,UAAjB,EAA4B,kBAAiB,EAAE,UAAF,EAAa,eAAc,8CAAd,EAA6D,iBAAgB,sCAAhB,EAAuD,WAAU,CAAC,CAAD,EAAG,gBAAe,CAAC,CAAD,EAAG,qBAAoB,CAAC,CAAD,EAAG,kBAAiB,CAAC,CAAD,EAAG,2BAA0B,CAAC,CAAD,EAAG,oBAAmB,CAAC,CAAD,EAAG,oBAAmB,CAAC,CAAD,EAAG,oBAAmB,CAAC,CAAD,EAAG,gBAAe,CAAC,CAAD,EAAG,wBAAuB,CAAC,CAAD,EAAG,kBAAiB,CAAC,CAAD,EAAG,WAAU,CAAC,CAAD,EAAG,YAAW,CAAX,EAAa,kBAAiB,GAAG,IAAH,EAAQ,uBAAsB,GAAtB,EAA0B;AAAe,gCAAU;AAAC,eAAM,CAAC,CAAD,CAAP;OAAV;;;OAAf,EAAoC;AAAc,+BAAU,EAAV;;;OAAd,EAA2B;AAAW,4BAAU,EAAV;;;OAAX,EAAwB;AAAY,6BAAU;AAAC,eAAM,CAAC,CAAD,CAAP;OAAV;;;OAAZ,EAAiC;AAAW,4BAAU,EAAV;;;OAAX,EAAwB;AAAgB,iCAAU,EAAV;;;OAAhB,EAA6B;AAAO,wBAAU,EAAV;;;OAAP,EAAoB,QAAO,EAAC,QAAO,QAAP,EAAgB,SAAQ,eAAR,EAAwB,YAAW,YAAX,EAAwB,QAAO,QAAP,EAAgB,MAAK,MAAL,EAAY,UAAS,UAAT,EAAoB,SAAQ,aAAR,EAAxH,EAApzB,CAA35Y;CAAb,CAA62a,MAA72a,CAAD","file":"/client/lib/compatibility/slicklab/js/jquery.steps.min.js.map","sourcesContent":["/*! \n * jQuery Steps v1.1.0 - 09/04/2014\n * Copyright (c) 2014 Rafael Staib (http://www.jquery-steps.com)\n * Licensed under MIT http://www.opensource.org/licenses/MIT\n */\n!function(a,b){function c(a,b){o(a).push(b)}function d(d,e,f){var g=d.children(e.headerTag),h=d.children(e.bodyTag);g.length>h.length?R(Z,\"contents\"):g.length<h.length&&R(Z,\"titles\");var i=e.startIndex;if(f.stepCount=g.length,e.saveState&&a.cookie){var j=a.cookie(U+q(d)),k=parseInt(j,0);!isNaN(k)&&k<f.stepCount&&(i=k)}f.currentIndex=i,g.each(function(e){var f=a(this),g=h.eq(e),i=g.data(\"mode\"),j=null==i?$.html:r($,/^\\s*$/.test(i)||isNaN(i)?i:parseInt(i,0)),k=j===$.html||g.data(\"url\")===b?\"\":g.data(\"url\"),l=j!==$.html&&\"1\"===g.data(\"loaded\"),m=a.extend({},bb,{title:f.html(),content:j===$.html?g.html():\"\",contentUrl:k,contentMode:j,contentLoaded:l});c(d,m)})}function e(a){a.triggerHandler(\"canceled\")}function f(a,b){return a.currentIndex-b}function g(b,c){var d=i(b);b.unbind(d).removeData(\"uid\").removeData(\"options\").removeData(\"state\").removeData(\"steps\").removeData(\"eventNamespace\").find(\".actions a\").unbind(d),b.removeClass(c.clearFixCssClass+\" vertical\");var e=b.find(\".content > *\");e.removeData(\"loaded\").removeData(\"mode\").removeData(\"url\"),e.removeAttr(\"id\").removeAttr(\"role\").removeAttr(\"tabindex\").removeAttr(\"class\").removeAttr(\"style\")._removeAria(\"labelledby\")._removeAria(\"hidden\"),b.find(\".content > [data-mode='async'],.content > [data-mode='iframe']\").empty();var f=a('<{0} class=\"{1}\"></{0}>'.format(b.get(0).tagName,b.attr(\"class\"))),g=b._id();return null!=g&&\"\"!==g&&f._id(g),f.html(b.find(\".content\").html()),b.after(f),b.remove(),f}function h(a,b){var c=a.find(\".steps li\").eq(b.currentIndex);a.triggerHandler(\"finishing\",[b.currentIndex])?(c.addClass(\"done\").removeClass(\"error\"),a.triggerHandler(\"finished\",[b.currentIndex])):c.addClass(\"error\")}function i(a){var b=a.data(\"eventNamespace\");return null==b&&(b=\".\"+q(a),a.data(\"eventNamespace\",b)),b}function j(a,b){var c=q(a);return a.find(\"#\"+c+V+b)}function k(a,b){var c=q(a);return a.find(\"#\"+c+W+b)}function l(a,b){var c=q(a);return a.find(\"#\"+c+X+b)}function m(a){return a.data(\"options\")}function n(a){return a.data(\"state\")}function o(a){return a.data(\"steps\")}function p(a,b){var c=o(a);return(0>b||b>=c.length)&&R(Y),c[b]}function q(a){var b=a.data(\"uid\");return null==b&&(b=a._id(),null==b&&(b=\"steps-uid-\".concat(T),a._id(b)),T++,a.data(\"uid\",b)),b}function r(a,c){if(S(\"enumType\",a),S(\"keyOrValue\",c),\"string\"==typeof c){var d=a[c];return d===b&&R(\"The enum key '{0}' does not exist.\",c),d}if(\"number\"==typeof c){for(var e in a)if(a[e]===c)return c;R(\"Invalid enum value '{0}'.\",c)}else R(\"Invalid key or value type.\")}function s(a,b,c){return B(a,b,c,v(c,1))}function t(a,b,c){return B(a,b,c,f(c,1))}function u(a,b,c,d){if((0>d||d>=c.stepCount)&&R(Y),!(b.forceMoveForward&&d<c.currentIndex)){var e=c.currentIndex;return a.triggerHandler(\"stepChanging\",[c.currentIndex,d])?(c.currentIndex=d,O(a,b,c),E(a,b,c,e),D(a,b,c),A(a,b,c),P(a,b,c,d,e,function(){a.triggerHandler(\"stepChanged\",[d,e])})):a.find(\".steps li\").eq(e).addClass(\"error\"),!0}}function v(a,b){return a.currentIndex+b}function w(b){var c=a.extend(!0,{},cb,b);return this.each(function(){var b=a(this),e={currentIndex:c.startIndex,currentStep:null,stepCount:0,transitionElement:null};b.data(\"options\",c),b.data(\"state\",e),b.data(\"steps\",[]),d(b,c,e),J(b,c,e),G(b,c),c.autoFocus&&0===T&&j(b,c.startIndex).focus(),b.triggerHandler(\"init\",[c.startIndex])})}function x(b,c,d,e,f){(0>e||e>d.stepCount)&&R(Y),f=a.extend({},bb,f),y(b,e,f),d.currentIndex!==d.stepCount&&d.currentIndex>=e&&(d.currentIndex++,O(b,c,d)),d.stepCount++;var g=b.find(\".content\"),h=a(\"<{0}>{1}</{0}>\".format(c.headerTag,f.title)),i=a(\"<{0}></{0}>\".format(c.bodyTag));return(null==f.contentMode||f.contentMode===$.html)&&i.html(f.content),0===e?g.prepend(i).prepend(h):k(b,e-1).after(i).after(h),K(b,d,i,e),N(b,c,d,h,e),F(b,c,d,e),e===d.currentIndex&&E(b,c,d),D(b,c,d),b}function y(a,b,c){o(a).splice(b,0,c)}function z(b){var c=a(this),d=m(c),e=n(c);if(d.suppressPaginationOnFocus&&c.find(\":focus\").is(\":input\"))return b.preventDefault(),!1;var f={left:37,right:39};b.keyCode===f.left?(b.preventDefault(),t(c,d,e)):b.keyCode===f.right&&(b.preventDefault(),s(c,d,e))}function A(b,c,d){if(d.stepCount>0){var e=d.currentIndex,f=p(b,e);if(!c.enableContentCache||!f.contentLoaded)switch(r($,f.contentMode)){case $.iframe:b.find(\".content > .body\").eq(d.currentIndex).empty().html('<iframe src=\"'+f.contentUrl+'\" frameborder=\"0\" scrolling=\"no\" />').data(\"loaded\",\"1\");break;case $.async:var g=k(b,e)._aria(\"busy\",\"true\").empty().append(M(c.loadingTemplate,{text:c.labels.loading}));a.ajax({url:f.contentUrl,cache:!1}).done(function(a){g.empty().html(a)._aria(\"busy\",\"false\").data(\"loaded\",\"1\"),b.triggerHandler(\"contentLoaded\",[e])})}}}function B(a,b,c,d){var e=c.currentIndex;if(d>=0&&d<c.stepCount&&!(b.forceMoveForward&&d<c.currentIndex)){var f=j(a,d),g=f.parent(),h=g.hasClass(\"disabled\");return g._enableAria(),f.click(),e===c.currentIndex&&h?(g._enableAria(!1),!1):!0}return!1}function C(b){b.preventDefault();var c=a(this),d=c.parent().parent().parent().parent(),f=m(d),g=n(d),i=c.attr(\"href\");switch(i.substring(i.lastIndexOf(\"#\")+1)){case\"cancel\":e(d);break;case\"finish\":h(d,g);break;case\"next\":s(d,f,g);break;case\"previous\":t(d,f,g)}}function D(a,b,c){if(b.enablePagination){var d=a.find(\".actions a[href$='#finish']\").parent(),e=a.find(\".actions a[href$='#next']\").parent();if(!b.forceMoveForward){var f=a.find(\".actions a[href$='#previous']\").parent();f._enableAria(c.currentIndex>0)}b.enableFinishButton&&b.showFinishButtonAlways?(d._enableAria(c.stepCount>0),e._enableAria(c.stepCount>1&&c.stepCount>c.currentIndex+1)):(d._showAria(b.enableFinishButton&&c.stepCount===c.currentIndex+1),e._showAria(0===c.stepCount||c.stepCount>c.currentIndex+1)._enableAria(c.stepCount>c.currentIndex+1||!b.enableFinishButton))}}function E(b,c,d,e){var f=j(b,d.currentIndex),g=a('<span class=\"current-info audible\">'+c.labels.current+\" </span>\"),h=b.find(\".content > .title\");if(null!=e){var i=j(b,e);i.parent().addClass(\"done\").removeClass(\"error\")._selectAria(!1),h.eq(e).removeClass(\"current\").next(\".body\").removeClass(\"current\"),g=i.find(\".current-info\"),f.focus()}f.prepend(g).parent()._selectAria().removeClass(\"done\")._enableAria(),h.eq(d.currentIndex).addClass(\"current\").next(\".body\").addClass(\"current\")}function F(a,b,c,d){for(var e=q(a),f=d;f<c.stepCount;f++){var g=e+V+f,h=e+W+f,i=e+X+f,j=a.find(\".title\").eq(f)._id(i);a.find(\".steps a\").eq(f)._id(g)._aria(\"controls\",h).attr(\"href\",\"#\"+i).html(M(b.titleTemplate,{index:f+1,title:j.html()})),a.find(\".body\").eq(f)._id(h)._aria(\"labelledby\",i)}}function G(a,b){var c=i(a);a.bind(\"canceled\"+c,b.onCanceled),a.bind(\"contentLoaded\"+c,b.onContentLoaded),a.bind(\"finishing\"+c,b.onFinishing),a.bind(\"finished\"+c,b.onFinished),a.bind(\"init\"+c,b.onInit),a.bind(\"stepChanging\"+c,b.onStepChanging),a.bind(\"stepChanged\"+c,b.onStepChanged),b.enableKeyNavigation&&a.bind(\"keyup\"+c,z),a.find(\".actions a\").bind(\"click\"+c,C)}function H(a,b,c,d){return 0>d||d>=c.stepCount||c.currentIndex===d?!1:(I(a,d),c.currentIndex>d&&(c.currentIndex--,O(a,b,c)),c.stepCount--,l(a,d).remove(),k(a,d).remove(),j(a,d).parent().remove(),0===d&&a.find(\".steps li\").first().addClass(\"first\"),d===c.stepCount&&a.find(\".steps li\").eq(d).addClass(\"last\"),F(a,b,c,d),D(a,b,c),!0)}function I(a,b){o(a).splice(b,1)}function J(b,c,d){var e='<{0} class=\"{1}\">{2}</{0}>',f=r(_,c.stepsOrientation),g=f===_.vertical?\" vertical\":\"\",h=a(e.format(c.contentContainerTag,\"content \"+c.clearFixCssClass,b.html())),i=a(e.format(c.stepsContainerTag,\"steps \"+c.clearFixCssClass,'<ul role=\"tablist\"></ul>')),j=h.children(c.headerTag),k=h.children(c.bodyTag);b.attr(\"role\",\"application\").empty().append(i).append(h).addClass(c.cssClass+\" \"+c.clearFixCssClass+g),k.each(function(c){K(b,d,a(this),c)}),j.each(function(e){N(b,c,d,a(this),e)}),E(b,c,d),L(b,c,d)}function K(a,b,c,d){var e=q(a),f=e+W+d,g=e+X+d;c._id(f).attr(\"role\",\"tabpanel\")._aria(\"labelledby\",g).addClass(\"body\")._showAria(b.currentIndex===d)}function L(a,b,c){if(b.enablePagination){var d='<{0} class=\"actions {1}\"><ul role=\"menu\" aria-label=\"{2}\">{3}</ul></{0}>',e='<li><a href=\"#{0}\" role=\"menuitem\">{1}</a></li>',f=\"\";b.forceMoveForward||(f+=e.format(\"previous\",b.labels.previous)),f+=e.format(\"next\",b.labels.next),b.enableFinishButton&&(f+=e.format(\"finish\",b.labels.finish)),b.enableCancelButton&&(f+=e.format(\"cancel\",b.labels.cancel)),a.append(d.format(b.actionContainerTag,b.clearFixCssClass,b.labels.pagination,f)),D(a,b,c),A(a,b,c)}}function M(a,c){for(var d=a.match(/#([a-z]*)#/gi),e=0;e<d.length;e++){var f=d[e],g=f.substring(1,f.length-1);c[g]===b&&R(\"The key '{0}' does not exist in the substitute collection!\",g),a=a.replace(f,c[g])}return a}function N(b,c,d,e,f){var g=q(b),h=g+V+f,j=g+W+f,k=g+X+f,l=b.find(\".steps > ul\"),m=M(c.titleTemplate,{index:f+1,title:e.html()}),n=a('<li role=\"tab\"><a id=\"'+h+'\" href=\"#'+k+'\" aria-controls=\"'+j+'\">'+m+\"</a></li>\");n._enableAria(c.enableAllSteps||d.currentIndex>f),d.currentIndex>f&&n.addClass(\"done\"),e._id(k).attr(\"tabindex\",\"-1\").addClass(\"title\"),0===f?l.prepend(n):l.find(\"li\").eq(f-1).after(n),0===f&&l.find(\"li\").removeClass(\"first\").eq(f).addClass(\"first\"),f===d.stepCount-1&&l.find(\"li\").removeClass(\"last\").eq(f).addClass(\"last\"),n.children(\"a\").bind(\"click\"+i(b),Q)}function O(b,c,d){c.saveState&&a.cookie&&a.cookie(U+q(b),d.currentIndex)}function P(b,c,d,e,f,g){var h=b.find(\".content > .body\"),i=r(ab,c.transitionEffect),j=c.transitionEffectSpeed,k=h.eq(e),l=h.eq(f);switch(i){case ab.fade:case ab.slide:var m=i===ab.fade?\"fadeOut\":\"slideUp\",o=i===ab.fade?\"fadeIn\":\"slideDown\";d.transitionElement=k,l[m](j,function(){var b=a(this)._showAria(!1).parent().parent(),c=n(b);c.transitionElement&&(c.transitionElement[o](j,function(){a(this)._showAria()}).promise().done(g),c.transitionElement=null)});break;case ab.slideLeft:var p=l.outerWidth(!0),q=e>f?-p:p,s=e>f?p:-p;a.when(l.animate({left:q},j,function(){a(this)._showAria(!1)}),k.css(\"left\",s+\"px\")._showAria().animate({left:0},j)).done(g);break;default:a.when(l._showAria(!1),k._showAria()).done(g)}}function Q(b){b.preventDefault();var c=a(this),d=c.parent().parent().parent().parent(),e=m(d),f=n(d),g=f.currentIndex;if(c.parent().is(\":not(.disabled):not(.current)\")){var h=c.attr(\"href\"),i=parseInt(h.substring(h.lastIndexOf(\"-\")+1),0);u(d,e,f,i)}return g===f.currentIndex?(j(d,g).focus(),!1):void 0}function R(a){throw arguments.length>1&&(a=a.format(Array.prototype.slice.call(arguments,1))),new Error(a)}function S(a,b){null==b&&R(\"The argument '{0}' is null or undefined.\",a)}a.fn.extend({_aria:function(a,b){return this.attr(\"aria-\"+a,b)},_removeAria:function(a){return this.removeAttr(\"aria-\"+a)},_enableAria:function(a){return null==a||a?this.removeClass(\"disabled\")._aria(\"disabled\",\"false\"):this.addClass(\"disabled\")._aria(\"disabled\",\"true\")},_showAria:function(a){return null==a||a?this.show()._aria(\"hidden\",\"false\"):this.hide()._aria(\"hidden\",\"true\")},_selectAria:function(a){return null==a||a?this.addClass(\"current\")._aria(\"selected\",\"true\"):this.removeClass(\"current\")._aria(\"selected\",\"false\")},_id:function(a){return a?this.attr(\"id\",a):this.attr(\"id\")}}),String.prototype.format||(String.prototype.format=function(){for(var b=1===arguments.length&&a.isArray(arguments[0])?arguments[0]:arguments,c=this,d=0;d<b.length;d++){var e=new RegExp(\"\\\\{\"+d+\"\\\\}\",\"gm\");c=c.replace(e,b[d])}return c});var T=0,U=\"jQu3ry_5teps_St@te_\",V=\"-t-\",W=\"-p-\",X=\"-h-\",Y=\"Index out of range.\",Z=\"One or more corresponding step {0} are missing.\";a.fn.steps=function(b){return a.fn.steps[b]?a.fn.steps[b].apply(this,Array.prototype.slice.call(arguments,1)):\"object\"!=typeof b&&b?void a.error(\"Method \"+b+\" does not exist on jQuery.steps\"):w.apply(this,arguments)},a.fn.steps.add=function(a){var b=n(this);return x(this,m(this),b,b.stepCount,a)},a.fn.steps.destroy=function(){return g(this,m(this))},a.fn.steps.finish=function(){h(this,n(this))},a.fn.steps.getCurrentIndex=function(){return n(this).currentIndex},a.fn.steps.getCurrentStep=function(){return p(this,n(this).currentIndex)},a.fn.steps.getStep=function(a){return p(this,a)},a.fn.steps.insert=function(a,b){return x(this,m(this),n(this),a,b)},a.fn.steps.next=function(){return s(this,m(this),n(this))},a.fn.steps.previous=function(){return t(this,m(this),n(this))},a.fn.steps.remove=function(a){return H(this,m(this),n(this),a)},a.fn.steps.setStep=function(){throw new Error(\"Not yet implemented!\")},a.fn.steps.skip=function(){throw new Error(\"Not yet implemented!\")};var $=a.fn.steps.contentMode={html:0,iframe:1,async:2},_=a.fn.steps.stepsOrientation={horizontal:0,vertical:1},ab=a.fn.steps.transitionEffect={none:0,fade:1,slide:2,slideLeft:3},bb=a.fn.steps.stepModel={title:\"\",content:\"\",contentUrl:\"\",contentMode:$.html,contentLoaded:!1},cb=a.fn.steps.defaults={headerTag:\"h1\",bodyTag:\"div\",contentContainerTag:\"div\",actionContainerTag:\"div\",stepsContainerTag:\"div\",cssClass:\"wizard\",clearFixCssClass:\"clearfix\",stepsOrientation:_.horizontal,titleTemplate:'<span class=\"number\">#index#.</span> #title#',loadingTemplate:'<span class=\"spinner\"></span> #text#',autoFocus:!1,enableAllSteps:!1,enableKeyNavigation:!0,enablePagination:!0,suppressPaginationOnFocus:!0,enableContentCache:!0,enableCancelButton:!1,enableFinishButton:!0,preloadContent:!1,showFinishButtonAlways:!1,forceMoveForward:!1,saveState:!1,startIndex:0,transitionEffect:ab.none,transitionEffectSpeed:200,onStepChanging:function(){return!0},onStepChanged:function(){},onCanceled:function(){},onFinishing:function(){return!0},onFinished:function(){},onContentLoaded:function(){},onInit:function(){},labels:{cancel:\"Cancel\",current:\"current step:\",pagination:\"Pagination\",finish:\"Finish\",next:\"Next\",previous:\"Previous\",loading:\"Loading ...\"}}}(jQuery);"]},"hash":"e61bae3ae10fdf1eb1cf70016e08519a7b986d45"}
