{"metadata":{"usedHelpers":[],"marked":[],"modules":{"imports":[],"exports":{"exported":[],"specifiers":[]}}},"options":{"filename":"/client/lib/compatibility/slicklab/js/gmaps-init.js","filenameRelative":"/client/lib/compatibility/slicklab/js/gmaps-init.js","env":{},"retainLines":false,"highlightCode":true,"suppressDeprecationMessages":false,"presets":[],"plugins":[[[],null],[[],null],[[],null],[[],null],[[],null],[[],null],[[],null],[[],{"polyfill":false}],[[],null],[[],null],[[],null],[[],null],[[],null],[[],null],[[],null],[[],null],[[],{"loose":true}],[[],{"loose":true}],[[],null],[[],{"loose":true}],[[],null],[[],null],[[],{"allowTopLevelThis":true,"strict":false,"loose":true}],[[],null],[[],null],[[],null],[[],null],[[],null],[[],{"loose":true}],[[],null],[[],null],[[],null],[[],null],[[],null],[[],null],[[],null],[[],null]],"ignore":[],"code":true,"metadata":true,"ast":false,"comments":true,"compact":false,"minified":false,"sourceMap":true,"sourceMaps":true,"sourceMapTarget":"/client/lib/compatibility/slicklab/js/gmaps-init.js.map","sourceFileName":"/client/lib/compatibility/slicklab/js/gmaps-init.js","babelrc":false,"sourceType":"module","moduleIds":false,"passPerPreset":false,"basename":"gmaps-init"},"ignored":false,"code":"var GoogleMaps = function () {\n\n    var mapBasic = function mapBasic() {\n        new GMaps({\n            div: '#gmap_basic',\n            lat: -12.043333,\n            lng: -77.028333\n        });\n    };\n\n    var mapMarker = function mapMarker() {\n        var map = new GMaps({\n            div: '#gmap_marker',\n            lat: -12.043333,\n            lng: -77.028333\n        });\n        map.addMarker({\n            lat: -12.043333,\n            lng: -77.03,\n            title: 'Lima',\n            details: {\n                database_id: 42,\n                author: 'HPNeo'\n            },\n            click: function () {\n                function click(e) {\n                    if (console.log) console.log(e);\n                    alert('You clicked in this marker');\n                }\n\n                return click;\n            }()\n        });\n        map.addMarker({\n            lat: -12.042,\n            lng: -77.028333,\n            title: 'Marker with InfoWindow',\n            infoWindow: {\n                content: 'HTML Content!!!!'\n            }\n        });\n    };\n\n    var mapPolylines = function mapPolylines() {\n        var map = new GMaps({\n            div: '#gmap_polylines',\n            lat: -12.043333,\n            lng: -77.028333,\n            click: function () {\n                function click(e) {\n                    console.log(e);\n                }\n\n                return click;\n            }()\n        });\n\n        path = [[-12.044012922866312, -77.02470665341184], [-12.05449279282314, -77.03024273281858], [-12.055122327623378, -77.03039293652341], [-12.075917129727586, -77.02764635449216], [-12.07635776902266, -77.02792530422971], [-12.076819390363665, -77.02893381481931], [-12.088527520066453, -77.0241058385925], [-12.090814532191756, -77.02271108990476]];\n\n        map.drawPolyline({\n            path: path,\n            strokeColor: '#131540',\n            strokeOpacity: 0.6,\n            strokeWeight: 6\n        });\n    };\n\n    var mapGeolocation = function mapGeolocation() {\n\n        var map = new GMaps({\n            div: '#gmap_geo',\n            lat: -12.043333,\n            lng: -77.028333\n        });\n\n        GMaps.geolocate({\n            success: function () {\n                function success(position) {\n                    map.setCenter(position.coords.latitude, position.coords.longitude);\n                }\n\n                return success;\n            }(),\n            error: function () {\n                function error(_error) {\n                    alert('Geolocation failed: ' + _error.message);\n                }\n\n                return error;\n            }(),\n            not_supported: function () {\n                function not_supported() {\n                    alert(\"Your browser does not support geolocation\");\n                }\n\n                return not_supported;\n            }(),\n            always: function () {\n                function always() {\n                    //alert(\"Geolocation Done!\");\n                }\n\n                return always;\n            }()\n        });\n    };\n\n    var mapGeocoding = function mapGeocoding() {\n\n        var map = new GMaps({\n            div: '#gmap_geocoding',\n            lat: -12.043333,\n            lng: -77.028333\n        });\n\n        var handleAction = function handleAction() {\n            var text = $.trim($('#gmap_geocoding_address').val());\n            GMaps.geocode({\n                address: text,\n                callback: function () {\n                    function callback(results, status) {\n                        if (status == 'OK') {\n                            var latlng = results[0].geometry.location;\n                            map.setCenter(latlng.lat(), latlng.lng());\n                            map.addMarker({\n                                lat: latlng.lat(),\n                                lng: latlng.lng()\n                            });\n                            App.scrollTo($('#gmap_geocoding'));\n                        }\n                    }\n\n                    return callback;\n                }()\n            });\n        };\n\n        $('#gmap_geocoding_btn').click(function (e) {\n            e.preventDefault();\n            handleAction();\n        });\n\n        $(\"#gmap_geocoding_address\").keypress(function (e) {\n            var keycode = e.keyCode ? e.keyCode : e.which;\n            if (keycode == '13') {\n                e.preventDefault();\n                handleAction();\n            }\n        });\n    };\n\n    var mapPolygone = function mapPolygone() {\n        var map = new GMaps({\n            div: '#gmap_polygons',\n            lat: -12.043333,\n            lng: -77.028333\n        });\n\n        var path = [[-12.040397656836609, -77.03373871559225], [-12.040248585302038, -77.03993927003302], [-12.050047116528843, -77.02448169303511], [-12.044804866577001, -77.02154422636042]];\n\n        var polygon = map.drawPolygon({\n            paths: path,\n            strokeColor: '#BBD8E9',\n            strokeOpacity: 1,\n            strokeWeight: 3,\n            fillColor: '#BBD8E9',\n            fillOpacity: 0.6\n        });\n    };\n\n    var mapRoutes = function mapRoutes() {\n\n        var map = new GMaps({\n            div: '#gmap_routes',\n            lat: -12.043333,\n            lng: -77.028333\n        });\n        $('#gmap_routes_start').click(function (e) {\n            e.preventDefault();\n            map.travelRoute({\n                origin: [-12.044012922866312, -77.02470665341184],\n                destination: [-12.090814532191756, -77.02271108990476],\n                travelMode: 'driving',\n                step: function () {\n                    function step(e) {\n                        $('#gmap_routes_instructions').append('<li>' + e.instructions + '</li>');\n                        $('#gmap_routes_instructions li:eq(' + e.step_number + ')').delay(800 * e.step_number).fadeIn(500, function () {\n                            map.setCenter(e.end_location.lat(), e.end_location.lng());\n                            map.drawPolyline({\n                                path: e.path,\n                                strokeColor: '#131540',\n                                strokeOpacity: 0.6,\n                                strokeWeight: 6\n                            });\n                            App.scrollTo($(this));\n                        });\n                    }\n\n                    return step;\n                }()\n            });\n        });\n    };\n\n    return {\n        //main function to initiate map samples\n        init: function () {\n            function init() {\n                mapBasic();\n                mapMarker();\n                mapGeolocation();\n                mapGeocoding();\n                mapPolylines();\n                //            mapPolygone();\n                //            mapRoutes();\n            }\n\n            return init;\n        }()\n\n    };\n}();","ast":null,"map":{"version":3,"sources":["/client/lib/compatibility/slicklab/js/gmaps-init.js"],"names":[],"mappings":"AAAA,IAAI,aAAa,YAAY;;AAGzB,QAAI,WAAW,SAAX,QAAW,GAAY;AACvB,YAAI,KAAJ,CAAU;AACN,iBAAK,aAAL;AACA,iBAAK,CAAC,SAAD;AACL,iBAAK,CAAC,SAAD;SAHT,EADuB;KAAZ,CAHU;;AAWzB,QAAI,YAAY,SAAZ,SAAY,GAAY;AACxB,YAAI,MAAM,IAAI,KAAJ,CAAU;AAChB,iBAAK,cAAL;AACA,iBAAK,CAAC,SAAD;AACL,iBAAK,CAAC,SAAD;SAHC,CAAN,CADoB;AAMxB,YAAI,SAAJ,CAAc;AACV,iBAAK,CAAC,SAAD;AACL,iBAAK,CAAC,KAAD;AACL,mBAAO,MAAP;AACA,qBAAS;AACL,6BAAa,EAAb;AACA,wBAAQ,OAAR;aAFJ;AAIA;AAAO,+BAAU,CAAV,EAAa;AAChB,wBAAI,QAAQ,GAAR,EAAa,QAAQ,GAAR,CAAY,CAAZ,EAAjB;AACA,0BAAM,4BAAN,EAFgB;iBAAb;;;eAAP;SARJ,EANwB;AAmBxB,YAAI,SAAJ,CAAc;AACV,iBAAK,CAAC,MAAD;AACL,iBAAK,CAAC,SAAD;AACL,mBAAO,wBAAP;AACA,wBAAY;AACR,yBAAS,kBAAT;aADJ;SAJJ,EAnBwB;KAAZ,CAXS;;AAwCzB,QAAI,eAAe,SAAf,YAAe,GAAW;AAC1B,YAAI,MAAM,IAAI,KAAJ,CAAU;AAChB,iBAAK,iBAAL;AACA,iBAAK,CAAC,SAAD;AACL,iBAAK,CAAC,SAAD;AACL;AAAO,+BAAS,CAAT,EAAW;AAChB,4BAAQ,GAAR,CAAY,CAAZ,EADgB;iBAAX;;;eAAP;SAJM,CAAN,CADsB;;AAUxB,eAAO,CAAC,CAAC,CAAC,kBAAD,EAAqB,CAAC,iBAAD,CAAvB,EAA4C,CAAC,CAAC,iBAAD,EAAoB,CAAC,iBAAD,CAAjE,EAAsF,CAAC,CAAC,kBAAD,EAAqB,CAAC,iBAAD,CAA5G,EAAiI,CAAC,CAAC,kBAAD,EAAqB,CAAC,iBAAD,CAAvJ,EAA4K,CAAC,CAAC,iBAAD,EAAoB,CAAC,iBAAD,CAAjM,EAAsN,CAAC,CAAC,kBAAD,EAAqB,CAAC,iBAAD,CAA5O,EAAiQ,CAAC,CAAC,kBAAD,EAAqB,CAAC,gBAAD,CAAvR,EAA2S,CAAC,CAAC,kBAAD,EAAqB,CAAC,iBAAD,CAAjU,CAAP,CAVwB;;AAYxB,YAAI,YAAJ,CAAiB;AACf,kBAAM,IAAN;AACA,yBAAa,SAAb;AACA,2BAAe,GAAf;AACA,0BAAc,CAAd;SAJF,EAZwB;KAAX,CAxCM;;AA4DzB,QAAI,iBAAiB,SAAjB,cAAiB,GAAW;;AAE5B,YAAI,MAAM,IAAI,KAAJ,CAAU;AAChB,iBAAK,WAAL;AACA,iBAAK,CAAC,SAAD;AACL,iBAAK,CAAC,SAAD;SAHC,CAAN,CAFwB;;AAQ5B,cAAM,SAAN,CAAgB;AACd;AAAS,iCAAS,QAAT,EAAmB;AAC1B,wBAAI,SAAJ,CAAc,SAAS,MAAT,CAAgB,QAAhB,EAA0B,SAAS,MAAT,CAAgB,SAAhB,CAAxC,CAD0B;iBAAnB;;;eAAT;AAGA;AAAO,+BAAS,MAAT,EAAgB;AACrB,0BAAM,yBAAuB,OAAM,OAAN,CAA7B,CADqB;iBAAhB;;;eAAP;AAGA;AAAe,yCAAW;AACxB,0BAAM,2CAAN,EADwB;iBAAX;;;eAAf;AAGA;AAAQ,kCAAW;;iBAAX;;;eAAR;SAVF,EAR4B;KAAX,CA5DI;;AAoFxB,QAAI,eAAe,SAAf,YAAe,GAAW;;AAE3B,YAAI,MAAM,IAAI,KAAJ,CAAU;AAChB,iBAAK,iBAAL;AACA,iBAAK,CAAC,SAAD;AACL,iBAAK,CAAC,SAAD;SAHC,CAAN,CAFuB;;AAQ3B,YAAI,eAAe,SAAf,YAAe,GAAW;AAC1B,gBAAI,OAAO,EAAE,IAAF,CAAO,EAAE,yBAAF,EAA6B,GAA7B,EAAP,CAAP,CADsB;AAE1B,kBAAM,OAAN,CAAc;AACZ,yBAAS,IAAT;AACA;AAAU,sCAAS,OAAT,EAAkB,MAAlB,EAAyB;AACjC,4BAAG,UAAQ,IAAR,EAAa;AACd,gCAAI,SAAS,QAAQ,CAAR,EAAW,QAAX,CAAoB,QAApB,CADC;AAEd,gCAAI,SAAJ,CAAc,OAAO,GAAP,EAAd,EAA4B,OAAO,GAAP,EAA5B,EAFc;AAGd,gCAAI,SAAJ,CAAc;AACZ,qCAAK,OAAO,GAAP,EAAL;AACA,qCAAK,OAAO,GAAP,EAAL;6BAFF,EAHc;AAOd,gCAAI,QAAJ,CAAa,EAAE,iBAAF,CAAb,EAPc;yBAAhB;qBADQ;;;mBAAV;aAFF,EAF0B;SAAX,CARQ;;AA0B3B,UAAE,qBAAF,EAAyB,KAAzB,CAA+B,UAAS,CAAT,EAAW;AACtC,cAAE,cAAF,GADsC;AAEtC,2BAFsC;SAAX,CAA/B,CA1B2B;;AA+B3B,UAAE,yBAAF,EAA6B,QAA7B,CAAsC,UAAS,CAAT,EAAW;AAC7C,gBAAI,UAAW,EAAE,OAAF,GAAY,EAAE,OAAF,GAAY,EAAE,KAAF,CADM;AAE7C,gBAAG,WAAW,IAAX,EAAiB;AAChB,kBAAE,cAAF,GADgB;AAEhB,+BAFgB;aAApB;SAFkC,CAAtC,CA/B2B;KAAX,CApFK;;AA6HxB,QAAI,cAAc,SAAd,WAAc,GAAW;AAC1B,YAAI,MAAM,IAAI,KAAJ,CAAU;AAChB,iBAAK,gBAAL;AACA,iBAAK,CAAC,SAAD;AACL,iBAAK,CAAC,SAAD;SAHC,CAAN,CADsB;;AAO1B,YAAI,OAAO,CAAC,CAAC,CAAC,kBAAD,EAAoB,CAAC,iBAAD,CAAtB,EAA2C,CAAC,CAAC,kBAAD,EAAoB,CAAC,iBAAD,CAAhE,EACiB,CAAC,CAAC,kBAAD,EAAoB,CAAC,iBAAD,CADtC,EAEiB,CAAC,CAAC,kBAAD,EAAoB,CAAC,iBAAD,CAFtC,CAAP,CAPsB;;AAWzB,YAAI,UAAU,IAAI,WAAJ,CAAgB;AACzB,mBAAO,IAAP;AACA,yBAAa,SAAb;AACA,2BAAe,CAAf;AACA,0BAAc,CAAd;AACA,uBAAW,SAAX;AACA,yBAAa,GAAb;SANS,CAAV,CAXqB;KAAX,CA7HM;;AAkJxB,QAAI,YAAY,SAAZ,SAAY,GAAW;;AAExB,YAAI,MAAM,IAAI,KAAJ,CAAU;AAChB,iBAAK,cAAL;AACA,iBAAK,CAAC,SAAD;AACL,iBAAK,CAAC,SAAD;SAHC,CAAN,CAFoB;AAOtB,UAAE,oBAAF,EAAwB,KAAxB,CAA8B,UAAS,CAAT,EAAW;AACvC,cAAE,cAAF,GADuC;AAEvC,gBAAI,WAAJ,CAAgB;AACd,wBAAQ,CAAC,CAAC,kBAAD,EAAqB,CAAC,iBAAD,CAA9B;AACA,6BAAa,CAAC,CAAC,kBAAD,EAAqB,CAAC,iBAAD,CAAnC;AACA,4BAAY,SAAZ;AACA;AAAM,kCAAS,CAAT,EAAW;AACf,0BAAE,2BAAF,EAA+B,MAA/B,CAAsC,SAAO,EAAE,YAAF,GAAe,OAAtB,CAAtC,CADe;AAEf,0BAAE,qCAAmC,EAAE,WAAF,GAAc,GAAjD,CAAF,CAAwD,KAAxD,CAA8D,MAAI,EAAE,WAAF,CAAlE,CAAiF,MAAjF,CAAwF,GAAxF,EAA6F,YAAU;AACrG,gCAAI,SAAJ,CAAc,EAAE,YAAF,CAAe,GAAf,EAAd,EAAoC,EAAE,YAAF,CAAe,GAAf,EAApC,EADqG;AAErG,gCAAI,YAAJ,CAAiB;AACf,sCAAM,EAAE,IAAF;AACN,6CAAa,SAAb;AACA,+CAAe,GAAf;AACA,8CAAc,CAAd;6BAJF,EAFqG;AAQrG,gCAAI,QAAJ,CAAa,EAAE,IAAF,CAAb,EARqG;yBAAV,CAA7F,CAFe;qBAAX;;;mBAAN;aAJF,EAFuC;SAAX,CAA9B,CAPsB;KAAX,CAlJQ;;AAgLzB,WAAO;;AAEH;AAAM,4BAAY;AACd,2BADc;AAEd,4BAFc;AAGd,iCAHc;AAId,+BAJc;AAKd;;;AALc,aAAZ;;;WAAN;;KAFJ,CAhLyB;CAAZ,EAAb","file":"/client/lib/compatibility/slicklab/js/gmaps-init.js.map","sourcesContent":["var GoogleMaps = function () {\r\n\r\n\r\n    var mapBasic = function () {\r\n        new GMaps({\r\n            div: '#gmap_basic',\r\n            lat: -12.043333,\r\n            lng: -77.028333\r\n        });\r\n    }\r\n\r\n    var mapMarker = function () {\r\n        var map = new GMaps({\r\n            div: '#gmap_marker',\r\n            lat: -12.043333,\r\n            lng: -77.028333\r\n        });\r\n        map.addMarker({\r\n            lat: -12.043333,\r\n            lng: -77.03,\r\n            title: 'Lima',\r\n            details: {\r\n                database_id: 42,\r\n                author: 'HPNeo'\r\n            },\r\n            click: function (e) {\r\n                if (console.log) console.log(e);\r\n                alert('You clicked in this marker');\r\n            }\r\n        });\r\n        map.addMarker({\r\n            lat: -12.042,\r\n            lng: -77.028333,\r\n            title: 'Marker with InfoWindow',\r\n            infoWindow: {\r\n                content: 'HTML Content!!!!'\r\n            }\r\n        });\r\n    }\r\n\r\n    var mapPolylines = function() {\r\n        var map = new GMaps({\r\n            div: '#gmap_polylines',\r\n            lat: -12.043333,\r\n            lng: -77.028333,\r\n            click: function(e){\r\n              console.log(e);\r\n            }\r\n          });\r\n\r\n          path = [[-12.044012922866312, -77.02470665341184], [-12.05449279282314, -77.03024273281858], [-12.055122327623378, -77.03039293652341], [-12.075917129727586, -77.02764635449216], [-12.07635776902266, -77.02792530422971], [-12.076819390363665, -77.02893381481931], [-12.088527520066453, -77.0241058385925], [-12.090814532191756, -77.02271108990476]];\r\n\r\n          map.drawPolyline({\r\n            path: path,\r\n            strokeColor: '#131540',\r\n            strokeOpacity: 0.6,\r\n            strokeWeight: 6\r\n        });\r\n    }\r\n\r\n    var mapGeolocation = function() {\r\n\r\n        var map = new GMaps({\r\n            div: '#gmap_geo',\r\n            lat: -12.043333,\r\n            lng: -77.028333\r\n        });\r\n\r\n        GMaps.geolocate({\r\n          success: function(position) {\r\n            map.setCenter(position.coords.latitude, position.coords.longitude);\r\n          },\r\n          error: function(error) {\r\n            alert('Geolocation failed: '+error.message);\r\n          },\r\n          not_supported: function() {\r\n            alert(\"Your browser does not support geolocation\");\r\n          },\r\n          always: function() {\r\n            //alert(\"Geolocation Done!\");\r\n          }\r\n        });\r\n    }\r\n\r\n     var mapGeocoding = function() {\r\n\r\n        var map = new GMaps({\r\n            div: '#gmap_geocoding',\r\n            lat: -12.043333,\r\n            lng: -77.028333\r\n        });\r\n\r\n        var handleAction = function() {\r\n            var text = $.trim($('#gmap_geocoding_address').val());\r\n            GMaps.geocode({\r\n              address: text,\r\n              callback: function(results, status){\r\n                if(status=='OK'){\r\n                  var latlng = results[0].geometry.location;\r\n                  map.setCenter(latlng.lat(), latlng.lng());\r\n                  map.addMarker({\r\n                    lat: latlng.lat(),\r\n                    lng: latlng.lng()\r\n                  });\r\n                  App.scrollTo($('#gmap_geocoding'));\r\n                }\r\n              }\r\n            });\r\n        }\r\n\r\n        $('#gmap_geocoding_btn').click(function(e){\r\n            e.preventDefault();\r\n            handleAction();\r\n        });\r\n\r\n        $(\"#gmap_geocoding_address\").keypress(function(e){\r\n            var keycode = (e.keyCode ? e.keyCode : e.which);\r\n            if(keycode == '13') {\r\n                e.preventDefault();\r\n                handleAction();\r\n            }\r\n        });\r\n\r\n     }\r\n\r\n     var mapPolygone = function() {\r\n        var map = new GMaps({\r\n            div: '#gmap_polygons',\r\n            lat: -12.043333,\r\n            lng: -77.028333\r\n          });\r\n\r\n        var path = [[-12.040397656836609,-77.03373871559225], [-12.040248585302038,-77.03993927003302],\r\n                                    [-12.050047116528843,-77.02448169303511],\r\n                                    [-12.044804866577001,-77.02154422636042]];\r\n\r\n         var polygon = map.drawPolygon({\r\n              paths: path,\r\n              strokeColor: '#BBD8E9',\r\n              strokeOpacity: 1,\r\n              strokeWeight: 3,\r\n              fillColor: '#BBD8E9',\r\n              fillOpacity: 0.6\r\n            });\r\n     }\r\n\r\n     var mapRoutes = function() {\r\n\r\n        var map = new GMaps({\r\n            div: '#gmap_routes',\r\n            lat: -12.043333,\r\n            lng: -77.028333\r\n          });\r\n          $('#gmap_routes_start').click(function(e){\r\n            e.preventDefault();\r\n            map.travelRoute({\r\n              origin: [-12.044012922866312, -77.02470665341184],\r\n              destination: [-12.090814532191756, -77.02271108990476],\r\n              travelMode: 'driving',\r\n              step: function(e){\r\n                $('#gmap_routes_instructions').append('<li>'+e.instructions+'</li>');\r\n                $('#gmap_routes_instructions li:eq('+e.step_number+')').delay(800*e.step_number).fadeIn(500, function(){\r\n                  map.setCenter(e.end_location.lat(), e.end_location.lng());\r\n                  map.drawPolyline({\r\n                    path: e.path,\r\n                    strokeColor: '#131540',\r\n                    strokeOpacity: 0.6,\r\n                    strokeWeight: 6\r\n                  });\r\n                  App.scrollTo($(this));\r\n                });\r\n              }\r\n            });\r\n         });   \r\n     }\r\n\r\n    return {\r\n        //main function to initiate map samples\r\n        init: function () {\r\n            mapBasic();\r\n            mapMarker();\r\n            mapGeolocation();\r\n            mapGeocoding();\r\n            mapPolylines();\r\n//            mapPolygone();\r\n//            mapRoutes();\r\n        }\r\n\r\n    };\r\n\r\n}();"]},"hash":"f059297cd07cbe3f6dc4fa72d1cc588e87f95f57"}
