{"metadata":{"usedHelpers":[],"marked":[],"modules":{"imports":[],"exports":{"exported":[],"specifiers":[]}}},"options":{"filename":"/client/lib/compatibility/slicklab/js/icheck-init.js","filenameRelative":"/client/lib/compatibility/slicklab/js/icheck-init.js","env":{},"retainLines":false,"highlightCode":true,"suppressDeprecationMessages":false,"presets":[],"plugins":[[[],null],[[],null],[[],null],[[],null],[[],null],[[],null],[[],null],[[],{"polyfill":false}],[[],null],[[],null],[[],null],[[],null],[[],null],[[],null],[[],null],[[],null],[[],{"loose":true}],[[],{"loose":true}],[[],null],[[],{"loose":true}],[[],null],[[],null],[[],{"allowTopLevelThis":true,"strict":false,"loose":true}],[[],null],[[],null],[[],null],[[],null],[[],null],[[],{"loose":true}],[[],null],[[],null],[[],null],[[],null],[[],null],[[],null],[[],null],[[],null]],"ignore":[],"code":true,"metadata":true,"ast":false,"comments":true,"compact":false,"minified":false,"sourceMap":true,"sourceMaps":true,"sourceMapTarget":"/client/lib/compatibility/slicklab/js/icheck-init.js.map","sourceFileName":"/client/lib/compatibility/slicklab/js/icheck-init.js","babelrc":false,"sourceType":"module","moduleIds":false,"passPerPreset":false,"basename":"icheck-init"},"ignored":false,"code":"/**\n * Created by mosaddek on 3/9/15.\n */\n\n// iCheck\n$(document).ready(function () {\n\n    //icheckbox_minimal\n\n    $('.iCheck').iCheck({\n        checkboxClass: 'icheckbox_minimal',\n        radioClass: 'iradio_minimal',\n        increaseArea: '20%' // optional\n    });\n    $('.iCheck-blue').iCheck({\n        checkboxClass: 'icheckbox_minimal-blue',\n        radioClass: 'iradio_minimal-blue',\n        increaseArea: '20%' // optional\n    });\n    $('.iCheck-red').iCheck({\n        checkboxClass: 'icheckbox_minimal-red',\n        radioClass: 'iradio_minimal-red',\n        increaseArea: '20%' // optional\n    });\n    $('.iCheck-green').iCheck({\n        checkboxClass: 'icheckbox_minimal-green',\n        radioClass: 'iradio_minimal-green',\n        increaseArea: '20%' // optional\n    });\n\n    $('.iCheck-orange').iCheck({\n        checkboxClass: 'icheckbox_minimal-orange',\n        radioClass: 'iradio_minimal-orange',\n        increaseArea: '20%' // optional\n    });\n\n    $('.iCheck-purple').iCheck({\n        checkboxClass: 'icheckbox_minimal-purple',\n        radioClass: 'iradio_minimal-purple',\n        increaseArea: '20%' // optional\n    });\n\n    //icheckbox_square\n\n    $('.iCheck-square').iCheck({\n        checkboxClass: 'icheckbox_square',\n        radioClass: 'iradio_square',\n        increaseArea: '20%' // optional\n    });\n\n    $('.iCheck-square-red').iCheck({\n        checkboxClass: 'icheckbox_square-red',\n        radioClass: 'iradio_square-red',\n        increaseArea: '20%' // optional\n    });\n\n    $('.iCheck-square-blue').iCheck({\n        checkboxClass: 'icheckbox_square-blue',\n        radioClass: 'iradio_square-blue',\n        increaseArea: '20%' // optional\n    });\n\n    $('.iCheck-square-green').iCheck({\n        checkboxClass: 'icheckbox_square-green',\n        radioClass: 'iradio_square-green',\n        increaseArea: '20%' // optional\n    });\n\n    $('.iCheck-square-orange').iCheck({\n        checkboxClass: 'icheckbox_square-orange',\n        radioClass: 'iradio_square-orange',\n        increaseArea: '20%' // optional\n    });\n\n    $('.iCheck-square-purple').iCheck({\n        checkboxClass: 'icheckbox_square-purple',\n        radioClass: 'iradio_square-purple',\n        increaseArea: '20%' // optional\n    });\n\n    //icheckbox_flat\n\n    $('.iCheck-flat').iCheck({\n        checkboxClass: 'icheckbox_flat',\n        radioClass: 'iradio_flat',\n        increaseArea: '20%' // optional\n    });\n\n    $('.iCheck-flat-red').iCheck({\n        checkboxClass: 'icheckbox_flat-red',\n        radioClass: 'iradio_flat-red',\n        increaseArea: '20%' // optional\n    });\n\n    $('.iCheck-flat-blue').iCheck({\n        checkboxClass: 'icheckbox_flat-blue',\n        radioClass: 'iradio_flat-blue',\n        increaseArea: '20%' // optional\n    });\n\n    $('.iCheck-flat-green').iCheck({\n        checkboxClass: 'icheckbox_flat-green',\n        radioClass: 'iradio_flat-green',\n        increaseArea: '20%' // optional\n    });\n\n    $('.iCheck-flat-orange').iCheck({\n        checkboxClass: 'icheckbox_flat-orange',\n        radioClass: 'iradio_flat-orange',\n        increaseArea: '20%' // optional\n    });\n\n    $('.iCheck-flat-purple').iCheck({\n        checkboxClass: 'icheckbox_flat-purple',\n        radioClass: 'iradio_flat-purple',\n        increaseArea: '20%' // optional\n    });\n\n    //icheckbox_polaris\n    $('.iCheck-polaris').iCheck({\n        checkboxClass: 'icheckbox_polaris',\n        radioClass: 'iradio_polaris',\n        increaseArea: '20%' // optional\n    });\n});","ast":null,"map":{"version":3,"sources":["/client/lib/compatibility/slicklab/js/icheck-init.js"],"names":[],"mappings":";;;;;AAKA,EAAE,QAAF,EAAY,KAAZ,CAAkB,YAAU;;;;AAIxB,MAAE,SAAF,EAAa,MAAb,CAAoB;AAChB,uBAAe,mBAAf;AACA,oBAAY,gBAAZ;AACA,sBAAc,KAAd;AAHgB,KAApB,EAJwB;AASxB,MAAE,cAAF,EAAkB,MAAlB,CAAyB;AACrB,uBAAe,wBAAf;AACA,oBAAY,qBAAZ;AACA,sBAAc,KAAd;AAHqB,KAAzB,EATwB;AAcxB,MAAE,aAAF,EAAiB,MAAjB,CAAwB;AACpB,uBAAe,uBAAf;AACA,oBAAY,oBAAZ;AACA,sBAAc,KAAd;AAHoB,KAAxB,EAdwB;AAmBxB,MAAE,eAAF,EAAmB,MAAnB,CAA0B;AACtB,uBAAe,yBAAf;AACA,oBAAY,sBAAZ;AACA,sBAAc,KAAd;AAHsB,KAA1B,EAnBwB;;AAyBxB,MAAE,gBAAF,EAAoB,MAApB,CAA2B;AACvB,uBAAe,0BAAf;AACA,oBAAY,uBAAZ;AACA,sBAAc,KAAd;AAHuB,KAA3B,EAzBwB;;AA+BxB,MAAE,gBAAF,EAAoB,MAApB,CAA2B;AACvB,uBAAe,0BAAf;AACA,oBAAY,uBAAZ;AACA,sBAAc,KAAd;AAHuB,KAA3B;;;;AA/BwB,KAwCxB,CAAE,gBAAF,EAAoB,MAApB,CAA2B;AACvB,uBAAe,kBAAf;AACA,oBAAY,eAAZ;AACA,sBAAc,KAAd;AAHuB,KAA3B,EAxCwB;;AA8CxB,MAAE,oBAAF,EAAwB,MAAxB,CAA+B;AAC3B,uBAAe,sBAAf;AACA,oBAAY,mBAAZ;AACA,sBAAc,KAAd;AAH2B,KAA/B,EA9CwB;;AAoDxB,MAAE,qBAAF,EAAyB,MAAzB,CAAgC;AAC5B,uBAAe,uBAAf;AACA,oBAAY,oBAAZ;AACA,sBAAc,KAAd;AAH4B,KAAhC,EApDwB;;AA0DxB,MAAE,sBAAF,EAA0B,MAA1B,CAAiC;AAC7B,uBAAe,wBAAf;AACA,oBAAY,qBAAZ;AACA,sBAAc,KAAd;AAH6B,KAAjC,EA1DwB;;AAgExB,MAAE,uBAAF,EAA2B,MAA3B,CAAkC;AAC9B,uBAAe,yBAAf;AACA,oBAAY,sBAAZ;AACA,sBAAc,KAAd;AAH8B,KAAlC,EAhEwB;;AAsExB,MAAE,uBAAF,EAA2B,MAA3B,CAAkC;AAC9B,uBAAe,yBAAf;AACA,oBAAY,sBAAZ;AACA,sBAAc,KAAd;AAH8B,KAAlC;;;;AAtEwB,KA8ExB,CAAE,cAAF,EAAkB,MAAlB,CAAyB;AACrB,uBAAe,gBAAf;AACA,oBAAY,aAAZ;AACA,sBAAc,KAAd;AAHqB,KAAzB,EA9EwB;;AAoFxB,MAAE,kBAAF,EAAsB,MAAtB,CAA6B;AACzB,uBAAe,oBAAf;AACA,oBAAY,iBAAZ;AACA,sBAAc,KAAd;AAHyB,KAA7B,EApFwB;;AA0FxB,MAAE,mBAAF,EAAuB,MAAvB,CAA8B;AAC1B,uBAAe,qBAAf;AACA,oBAAY,kBAAZ;AACA,sBAAc,KAAd;AAH0B,KAA9B,EA1FwB;;AAgGxB,MAAE,oBAAF,EAAwB,MAAxB,CAA+B;AAC3B,uBAAe,sBAAf;AACA,oBAAY,mBAAZ;AACA,sBAAc,KAAd;AAH2B,KAA/B,EAhGwB;;AAsGxB,MAAE,qBAAF,EAAyB,MAAzB,CAAgC;AAC5B,uBAAe,uBAAf;AACA,oBAAY,oBAAZ;AACA,sBAAc,KAAd;AAH4B,KAAhC,EAtGwB;;AA4GxB,MAAE,qBAAF,EAAyB,MAAzB,CAAgC;AAC5B,uBAAe,uBAAf;AACA,oBAAY,oBAAZ;AACA,sBAAc,KAAd;AAH4B,KAAhC;;;AA5GwB,KAmHxB,CAAE,iBAAF,EAAqB,MAArB,CAA4B;AACxB,uBAAe,mBAAf;AACA,oBAAY,gBAAZ;AACA,sBAAc,KAAd;AAHwB,KAA5B,EAnHwB;CAAV,CAAlB","file":"/client/lib/compatibility/slicklab/js/icheck-init.js.map","sourcesContent":["/**\n * Created by mosaddek on 3/9/15.\n */\n\n// iCheck\n$(document).ready(function(){\n\n    //icheckbox_minimal\n\n    $('.iCheck').iCheck({\n        checkboxClass: 'icheckbox_minimal',\n        radioClass: 'iradio_minimal',\n        increaseArea: '20%' // optional\n    });\n    $('.iCheck-blue').iCheck({\n        checkboxClass: 'icheckbox_minimal-blue',\n        radioClass: 'iradio_minimal-blue',\n        increaseArea: '20%' // optional\n    });\n    $('.iCheck-red').iCheck({\n        checkboxClass: 'icheckbox_minimal-red',\n        radioClass: 'iradio_minimal-red',\n        increaseArea: '20%' // optional\n    });\n    $('.iCheck-green').iCheck({\n        checkboxClass: 'icheckbox_minimal-green',\n        radioClass: 'iradio_minimal-green',\n        increaseArea: '20%' // optional\n    });\n\n    $('.iCheck-orange').iCheck({\n        checkboxClass: 'icheckbox_minimal-orange',\n        radioClass: 'iradio_minimal-orange',\n        increaseArea: '20%' // optional\n    });\n\n    $('.iCheck-purple').iCheck({\n        checkboxClass: 'icheckbox_minimal-purple',\n        radioClass: 'iradio_minimal-purple',\n        increaseArea: '20%' // optional\n    });\n\n\n    //icheckbox_square\n\n    $('.iCheck-square').iCheck({\n        checkboxClass: 'icheckbox_square',\n        radioClass: 'iradio_square',\n        increaseArea: '20%' // optional\n    });\n\n    $('.iCheck-square-red').iCheck({\n        checkboxClass: 'icheckbox_square-red',\n        radioClass: 'iradio_square-red',\n        increaseArea: '20%' // optional\n    });\n\n    $('.iCheck-square-blue').iCheck({\n        checkboxClass: 'icheckbox_square-blue',\n        radioClass: 'iradio_square-blue',\n        increaseArea: '20%' // optional\n    });\n\n    $('.iCheck-square-green').iCheck({\n        checkboxClass: 'icheckbox_square-green',\n        radioClass: 'iradio_square-green',\n        increaseArea: '20%' // optional\n    });\n\n    $('.iCheck-square-orange').iCheck({\n        checkboxClass: 'icheckbox_square-orange',\n        radioClass: 'iradio_square-orange',\n        increaseArea: '20%' // optional\n    });\n\n    $('.iCheck-square-purple').iCheck({\n        checkboxClass: 'icheckbox_square-purple',\n        radioClass: 'iradio_square-purple',\n        increaseArea: '20%' // optional\n    });\n\n    //icheckbox_flat\n\n    $('.iCheck-flat').iCheck({\n        checkboxClass: 'icheckbox_flat',\n        radioClass: 'iradio_flat',\n        increaseArea: '20%' // optional\n    });\n\n    $('.iCheck-flat-red').iCheck({\n        checkboxClass: 'icheckbox_flat-red',\n        radioClass: 'iradio_flat-red',\n        increaseArea: '20%' // optional\n    });\n\n    $('.iCheck-flat-blue').iCheck({\n        checkboxClass: 'icheckbox_flat-blue',\n        radioClass: 'iradio_flat-blue',\n        increaseArea: '20%' // optional\n    });\n\n    $('.iCheck-flat-green').iCheck({\n        checkboxClass: 'icheckbox_flat-green',\n        radioClass: 'iradio_flat-green',\n        increaseArea: '20%' // optional\n    });\n\n    $('.iCheck-flat-orange').iCheck({\n        checkboxClass: 'icheckbox_flat-orange',\n        radioClass: 'iradio_flat-orange',\n        increaseArea: '20%' // optional\n    });\n\n    $('.iCheck-flat-purple').iCheck({\n        checkboxClass: 'icheckbox_flat-purple',\n        radioClass: 'iradio_flat-purple',\n        increaseArea: '20%' // optional\n    });\n\n    //icheckbox_polaris\n    $('.iCheck-polaris').iCheck({\n        checkboxClass: 'icheckbox_polaris',\n        radioClass: 'iradio_polaris',\n        increaseArea: '20%' // optional\n    });\n\n\n});\n"]},"hash":"f12e899a2a6a09adc6b7c095c2ec615cc2a3accf"}
