{"metadata":{"usedHelpers":[],"marked":[],"modules":{"imports":[],"exports":{"exported":[],"specifiers":[]}}},"options":{"filename":"/client/lib/compatibility/slicklab/js/todo-init.js","filenameRelative":"/client/lib/compatibility/slicklab/js/todo-init.js","env":{},"retainLines":false,"highlightCode":true,"suppressDeprecationMessages":false,"presets":[],"plugins":[[[],null],[[],null],[[],null],[[],null],[[],null],[[],null],[[],null],[[],{"polyfill":false}],[[],null],[[],null],[[],null],[[],null],[[],null],[[],null],[[],null],[[],null],[[],{"loose":true}],[[],{"loose":true}],[[],null],[[],{"loose":true}],[[],null],[[],null],[[],{"allowTopLevelThis":true,"strict":false,"loose":true}],[[],null],[[],null],[[],null],[[],null],[[],null],[[],{"loose":true}],[[],null],[[],null],[[],null],[[],null],[[],null],[[],null],[[],null],[[],null]],"ignore":[],"code":true,"metadata":true,"ast":false,"comments":true,"compact":false,"minified":false,"sourceMap":true,"sourceMaps":true,"sourceMapTarget":"/client/lib/compatibility/slicklab/js/todo-init.js.map","sourceFileName":"/client/lib/compatibility/slicklab/js/todo-init.js","babelrc":false,"sourceType":"module","moduleIds":false,"passPerPreset":false,"basename":"todo-init"},"ignored":false,"code":"/**\n * Created by mosaddek on 3/2/15.\n */\n\n$(document).ready(function () {\n\n    $('#todo-list').sortable();\n\n    $('.chk-todo input').iCheck({\n        checkboxClass: 'icheckbox_minimal-green',\n        radioClass: 'iradio_minimal-green'\n    });\n    $('.chk-todo input').on('ifChecked', function (event) {\n\n        $(this).parents('li').addClass('todo-done');\n    });\n    $('.chk-todo input').on('ifUnchecked', function (event) {\n\n        $(this).parents('li').removeClass('todo-done');\n    });\n\n    $('.todo-remove').on('click', function (event) {\n        event.preventDefault();\n        $(this).parents('.action-todo').parents('li').remove();\n    });\n});","ast":null,"map":{"version":3,"sources":["/client/lib/compatibility/slicklab/js/todo-init.js"],"names":[],"mappings":";;;;AAIA,EAAE,QAAF,EAAY,KAAZ,CAAkB,YAAY;;AAE1B,MAAE,YAAF,EAAgB,QAAhB,GAF0B;;AAI1B,MAAE,iBAAF,EAAqB,MAArB,CAA4B;AACxB,uBAAe,yBAAf;AACA,oBAAY,sBAAZ;KAFJ,EAJ0B;AAQ1B,MAAE,iBAAF,EAAqB,EAArB,CAAwB,WAAxB,EAAqC,UAAU,KAAV,EAAiB;;AAElD,UAAE,IAAF,EAAQ,OAAR,CAAgB,IAAhB,EAAsB,QAAtB,CAA+B,WAA/B,EAFkD;KAAjB,CAArC,CAR0B;AAY1B,MAAE,iBAAF,EAAqB,EAArB,CAAwB,aAAxB,EAAuC,UAAU,KAAV,EAAiB;;AAGpD,UAAE,IAAF,EAAQ,OAAR,CAAgB,IAAhB,EAAsB,WAAtB,CAAkC,WAAlC,EAHoD;KAAjB,CAAvC,CAZ0B;;AAkB1B,MAAE,cAAF,EAAkB,EAAlB,CAAqB,OAArB,EAA8B,UAAU,KAAV,EAAiB;AAC3C,cAAM,cAAN,GAD2C;AAE3C,UAAE,IAAF,EAAQ,OAAR,CAAgB,cAAhB,EAAgC,OAAhC,CAAwC,IAAxC,EAA8C,MAA9C,GAF2C;KAAjB,CAA9B,CAlB0B;CAAZ,CAAlB","file":"/client/lib/compatibility/slicklab/js/todo-init.js.map","sourcesContent":["/**\n * Created by mosaddek on 3/2/15.\n */\n\n$(document).ready(function () {\n\n    $('#todo-list').sortable();\n\n    $('.chk-todo input').iCheck({\n        checkboxClass: 'icheckbox_minimal-green',\n        radioClass: 'iradio_minimal-green'\n    });\n    $('.chk-todo input').on('ifChecked', function (event) {\n\n        $(this).parents('li').addClass('todo-done');\n    });\n    $('.chk-todo input').on('ifUnchecked', function (event) {\n\n\n        $(this).parents('li').removeClass('todo-done');\n    });\n\n    $('.todo-remove').on('click', function (event) {\n        event.preventDefault();\n        $(this).parents('.action-todo').parents('li').remove();\n    });\n\n});"]},"hash":"f695fb264699af5797f7d30f0d75af8bfad1ea7f"}
