{"metadata":{"usedHelpers":[],"marked":[],"modules":{"imports":[],"exports":{"exported":[],"specifiers":[]}}},"options":{"filename":"/client/lib/compatibility/slicklab/js/touchspin.js","filenameRelative":"/client/lib/compatibility/slicklab/js/touchspin.js","env":{},"retainLines":false,"highlightCode":true,"suppressDeprecationMessages":false,"presets":[],"plugins":[[[],null],[[],null],[[],null],[[],null],[[],null],[[],null],[[],null],[[],{"polyfill":false}],[[],null],[[],null],[[],null],[[],null],[[],null],[[],null],[[],null],[[],null],[[],{"loose":true}],[[],{"loose":true}],[[],null],[[],{"loose":true}],[[],null],[[],null],[[],{"allowTopLevelThis":true,"strict":false,"loose":true}],[[],null],[[],null],[[],null],[[],null],[[],null],[[],{"loose":true}],[[],null],[[],null],[[],null],[[],null],[[],null],[[],null],[[],null],[[],null]],"ignore":[],"code":true,"metadata":true,"ast":false,"comments":true,"compact":false,"minified":false,"sourceMap":true,"sourceMaps":true,"sourceMapTarget":"/client/lib/compatibility/slicklab/js/touchspin.js.map","sourceFileName":"/client/lib/compatibility/slicklab/js/touchspin.js","babelrc":false,"sourceType":"module","moduleIds":false,"passPerPreset":false,"basename":"touchspin"},"ignored":false,"code":"/**\n * Touchspin\n * Spinner\n * https://github.com/istvan-ujjmeszaros/bootstrap-touchspin\n * */\n!function (t) {\n  \"use strict\";\n  function o(t, o) {\n    return t + \".touchspin_\" + o;\n  }function n(n, s) {\n    return t.map(n, function (t) {\n      return o(t, s);\n    });\n  }var s = 0;t.fn.TouchSpin = function (o) {\n    if (\"destroy\" === o) return void this.each(function () {\n      var o = t(this),\n          s = o.data();t(document).off(n([\"mouseup\", \"touchend\", \"touchcancel\", \"mousemove\", \"touchmove\", \"scroll\", \"scrollstart\"], s.spinnerid).join(\" \"));\n    });var i = { min: 0, max: 100, initval: \"\", step: 1, decimals: 0, stepinterval: 100, forcestepdivisibility: \"round\", stepintervaldelay: 500, verticalbuttons: !1, verticalupclass: \"glyphicon glyphicon-chevron-up\", verticaldownclass: \"glyphicon glyphicon-chevron-down\", prefix: \"\", postfix: \"\", prefix_extraclass: \"\", postfix_extraclass: \"\", booster: !0, boostat: 10, maxboostedstep: !1, mousewheel: !0, buttondown_class: \"btn btn-default\", buttonup_class: \"btn btn-default\" },\n        a = { min: \"min\", max: \"max\", initval: \"init-val\", step: \"step\", decimals: \"decimals\", stepinterval: \"step-interval\", verticalbuttons: \"vertical-buttons\", verticalupclass: \"vertical-up-class\", verticaldownclass: \"vertical-down-class\", forcestepdivisibility: \"force-step-divisibility\", stepintervaldelay: \"step-interval-delay\", prefix: \"prefix\", postfix: \"postfix\", prefix_extraclass: \"prefix-extra-class\", postfix_extraclass: \"postfix-extra-class\", booster: \"booster\", boostat: \"boostat\", maxboostedstep: \"max-boosted-step\", mousewheel: \"mouse-wheel\", buttondown_class: \"button-down-class\", buttonup_class: \"button-up-class\" };return this.each(function () {\n      function e() {\n        if (!E.data(\"alreadyinitialized\")) {\n          if (E.data(\"alreadyinitialized\", !0), s += 1, E.data(\"spinnerid\", s), !E.is(\"input\")) return void console.log(\"Must be an input.\");r(), u(), w(), d(), b(), v(), m(), g(), P.input.css(\"display\", \"block\");\n        }\n      }function u() {\n        \"\" !== M.initval && \"\" === E.val() && E.val(M.initval);\n      }function p(t) {\n        l(t), w();var o = P.input.val();\"\" !== o && (o = Number(P.input.val()), P.input.val(o.toFixed(M.decimals)));\n      }function r() {\n        M = t.extend({}, i, z, c(), o);\n      }function c() {\n        var o = {};return t.each(a, function (t, n) {\n          var s = \"bts-\" + n;E.is(\"[data-\" + s + \"]\") && (o[t] = E.data(s));\n        }), o;\n      }function l(o) {\n        M = t.extend({}, M, o);\n      }function d() {\n        var t = E.val(),\n            o = E.parent();\"\" !== t && (t = Number(t).toFixed(M.decimals)), E.data(\"initvalue\", t).val(t), E.addClass(\"form-control\"), o.hasClass(\"input-group\") ? f(o) : h();\n      }function f(o) {\n        o.addClass(\"bootstrap-touchspin\");var n,\n            s,\n            i = E.prev(),\n            a = E.next(),\n            e = '<span class=\"input-group-addon bootstrap-touchspin-prefix\">' + M.prefix + \"</span>\",\n            u = '<span class=\"input-group-addon bootstrap-touchspin-postfix\">' + M.postfix + \"</span>\";i.hasClass(\"input-group-btn\") ? (n = '<button class=\"' + M.buttondown_class + ' bootstrap-touchspin-down\" type=\"button\">-</button>', i.append(n)) : (n = '<span class=\"input-group-btn\"><button class=\"' + M.buttondown_class + ' bootstrap-touchspin-down\" type=\"button\">-</button></span>', t(n).insertBefore(E)), a.hasClass(\"input-group-btn\") ? (s = '<button class=\"' + M.buttonup_class + ' bootstrap-touchspin-up\" type=\"button\">+</button>', a.prepend(s)) : (s = '<span class=\"input-group-btn\"><button class=\"' + M.buttonup_class + ' bootstrap-touchspin-up\" type=\"button\">+</button></span>', t(s).insertAfter(E)), t(e).insertBefore(E), t(u).insertAfter(E), N = o;\n      }function h() {\n        var o;o = M.verticalbuttons ? '<div class=\"input-group bootstrap-touchspin\"><span class=\"input-group-addon bootstrap-touchspin-prefix\">' + M.prefix + '</span><span class=\"input-group-addon bootstrap-touchspin-postfix\">' + M.postfix + '</span><span class=\"input-group-btn-vertical\"><button class=\"' + M.buttondown_class + ' bootstrap-touchspin-up\" type=\"button\"><i class=\"' + M.verticalupclass + '\"></i></button><button class=\"' + M.buttonup_class + ' bootstrap-touchspin-down\" type=\"button\"><i class=\"' + M.verticaldownclass + '\"></i></button></span></div>' : '<div class=\"input-group bootstrap-touchspin\"><span class=\"input-group-btn\"><button class=\"' + M.buttondown_class + ' bootstrap-touchspin-down\" type=\"button\">-</button></span><span class=\"input-group-addon bootstrap-touchspin-prefix\">' + M.prefix + '</span><span class=\"input-group-addon bootstrap-touchspin-postfix\">' + M.postfix + '</span><span class=\"input-group-btn\"><button class=\"' + M.buttonup_class + ' bootstrap-touchspin-up\" type=\"button\">+</button></span></div>', N = t(o).insertBefore(E), t(\".bootstrap-touchspin-prefix\", N).after(E), E.hasClass(\"input-sm\") ? N.addClass(\"input-group-sm\") : E.hasClass(\"input-lg\") && N.addClass(\"input-group-lg\");\n      }function b() {\n        P = { down: t(\".bootstrap-touchspin-down\", N), up: t(\".bootstrap-touchspin-up\", N), input: t(\"input\", N), prefix: t(\".bootstrap-touchspin-prefix\", N).addClass(M.prefix_extraclass), postfix: t(\".bootstrap-touchspin-postfix\", N).addClass(M.postfix_extraclass) };\n      }function v() {\n        \"\" === M.prefix && P.prefix.hide(), \"\" === M.postfix && P.postfix.hide();\n      }function m() {\n        E.on(\"keydown\", function (t) {\n          var o = t.keyCode || t.which;38 === o ? (\"up\" !== O && (_(), k()), t.preventDefault()) : 40 === o && (\"down\" !== O && (C(), D()), t.preventDefault());\n        }), E.on(\"keyup\", function (t) {\n          var o = t.keyCode || t.which;38 === o ? F() : 40 === o && F();\n        }), E.on(\"blur\", function () {\n          w();\n        }), P.down.on(\"keydown\", function (t) {\n          var o = t.keyCode || t.which;(32 === o || 13 === o) && (\"down\" !== O && (C(), D()), t.preventDefault());\n        }), P.down.on(\"keyup\", function (t) {\n          var o = t.keyCode || t.which;(32 === o || 13 === o) && F();\n        }), P.up.on(\"keydown\", function (t) {\n          var o = t.keyCode || t.which;(32 === o || 13 === o) && (\"up\" !== O && (_(), k()), t.preventDefault());\n        }), P.up.on(\"keyup\", function (t) {\n          var o = t.keyCode || t.which;(32 === o || 13 === o) && F();\n        }), P.down.on(\"mousedown.touchspin\", function (t) {\n          P.down.off(\"touchstart.touchspin\"), E.is(\":disabled\") || (C(), D(), t.preventDefault(), t.stopPropagation());\n        }), P.down.on(\"touchstart.touchspin\", function (t) {\n          P.down.off(\"mousedown.touchspin\"), E.is(\":disabled\") || (C(), D(), t.preventDefault(), t.stopPropagation());\n        }), P.up.on(\"mousedown.touchspin\", function (t) {\n          P.up.off(\"touchstart.touchspin\"), E.is(\":disabled\") || (_(), k(), t.preventDefault(), t.stopPropagation());\n        }), P.up.on(\"touchstart.touchspin\", function (t) {\n          P.up.off(\"mousedown.touchspin\"), E.is(\":disabled\") || (_(), k(), t.preventDefault(), t.stopPropagation());\n        }), P.up.on(\"mouseout touchleave touchend touchcancel\", function (t) {\n          O && (t.stopPropagation(), F());\n        }), P.down.on(\"mouseout touchleave touchend touchcancel\", function (t) {\n          O && (t.stopPropagation(), F());\n        }), P.down.on(\"mousemove touchmove\", function (t) {\n          O && (t.stopPropagation(), t.preventDefault());\n        }), P.up.on(\"mousemove touchmove\", function (t) {\n          O && (t.stopPropagation(), t.preventDefault());\n        }), t(document).on(n([\"mouseup\", \"touchend\", \"touchcancel\"], s).join(\" \"), function (t) {\n          O && (t.preventDefault(), F());\n        }), t(document).on(n([\"mousemove\", \"touchmove\", \"scroll\", \"scrollstart\"], s).join(\" \"), function (t) {\n          O && (t.preventDefault(), F());\n        }), E.on(\"mousewheel DOMMouseScroll\", function (t) {\n          if (M.mousewheel && E.is(\":focus\")) {\n            var o = t.originalEvent.wheelDelta || -t.originalEvent.deltaY || -t.originalEvent.detail;t.stopPropagation(), t.preventDefault(), 0 > o ? C() : _();\n          }\n        });\n      }function g() {\n        E.on(\"touchspin.uponce\", function () {\n          F(), _();\n        }), E.on(\"touchspin.downonce\", function () {\n          F(), C();\n        }), E.on(\"touchspin.startupspin\", function () {\n          k();\n        }), E.on(\"touchspin.startdownspin\", function () {\n          D();\n        }), E.on(\"touchspin.stopspin\", function () {\n          F();\n        }), E.on(\"touchspin.updatesettings\", function (t, o) {\n          p(o);\n        });\n      }function x(t) {\n        switch (M.forcestepdivisibility) {case \"round\":\n            return (Math.round(t / M.step) * M.step).toFixed(M.decimals);case \"floor\":\n            return (Math.floor(t / M.step) * M.step).toFixed(M.decimals);case \"ceil\":\n            return (Math.ceil(t / M.step) * M.step).toFixed(M.decimals);default:\n            return t;}\n      }function w() {\n        var t, o, n;t = E.val(), \"\" !== t && (M.decimals > 0 && \".\" === t || (o = parseFloat(t), isNaN(o) && (o = 0), n = o, o.toString() !== t && (n = o), o < M.min && (n = M.min), o > M.max && (n = M.max), n = x(n), Number(t).toString() !== n.toString() && (E.val(n), E.trigger(\"change\"))));\n      }function y() {\n        if (M.booster) {\n          var t = Math.pow(2, Math.floor(A / M.boostat)) * M.step;return M.maxboostedstep && t > M.maxboostedstep && (t = M.maxboostedstep, S = Math.round(S / t) * t), Math.max(M.step, t);\n        }return M.step;\n      }function _() {\n        w(), S = parseFloat(P.input.val()), isNaN(S) && (S = 0);var t = S,\n            o = y();S += o, S > M.max && (S = M.max, E.trigger(\"touchspin.on.max\"), F()), P.input.val(Number(S).toFixed(M.decimals)), t !== S && E.trigger(\"change\");\n      }function C() {\n        w(), S = parseFloat(P.input.val()), isNaN(S) && (S = 0);var t = S,\n            o = y();S -= o, S < M.min && (S = M.min, E.trigger(\"touchspin.on.min\"), F()), P.input.val(S.toFixed(M.decimals)), t !== S && E.trigger(\"change\");\n      }function D() {\n        F(), A = 0, O = \"down\", E.trigger(\"touchspin.on.startspin\"), E.trigger(\"touchspin.on.startdownspin\"), I = setTimeout(function () {\n          T = setInterval(function () {\n            A++, C();\n          }, M.stepinterval);\n        }, M.stepintervaldelay);\n      }function k() {\n        F(), A = 0, O = \"up\", E.trigger(\"touchspin.on.startspin\"), E.trigger(\"touchspin.on.startupspin\"), B = setTimeout(function () {\n          j = setInterval(function () {\n            A++, _();\n          }, M.stepinterval);\n        }, M.stepintervaldelay);\n      }function F() {\n        switch (clearTimeout(I), clearTimeout(B), clearInterval(T), clearInterval(j), O) {case \"up\":\n            E.trigger(\"touchspin.on.stopupspin\"), E.trigger(\"touchspin.on.stopspin\");break;case \"down\":\n            E.trigger(\"touchspin.on.stopdownspin\"), E.trigger(\"touchspin.on.stopspin\");}A = 0, O = !1;\n      }var M,\n          N,\n          P,\n          S,\n          T,\n          j,\n          I,\n          B,\n          E = t(this),\n          z = E.data(),\n          A = 0,\n          O = !1;e();\n    });\n  };\n}(jQuery);","ast":null,"map":{"version":3,"sources":["/client/lib/compatibility/slicklab/js/touchspin.js"],"names":[],"mappings":";;;;;AAKA,CAAC,UAAS,CAAT,EAAW;AAAC,eAAD;AAAc,WAAS,CAAT,CAAW,CAAX,EAAa,CAAb,EAAe;AAAC,WAAO,IAAE,aAAF,GAAgB,CAAhB,CAAR;GAAf,SAAkD,CAAT,CAAW,CAAX,EAAa,CAAb,EAAe;AAAC,WAAO,EAAE,GAAF,CAAM,CAAN,EAAQ,UAAS,CAAT,EAAW;AAAC,aAAO,EAAE,CAAF,EAAI,CAAJ,CAAP,CAAD;KAAX,CAAf,CAAD;GAAf,IAA+D,IAAE,CAAF,CAAtH,CAA0H,CAAE,EAAF,CAAK,SAAL,GAAe,UAAS,CAAT,EAAW;AAAC,QAAG,cAAY,CAAZ,EAAc,OAAO,KAAK,KAAK,IAAL,CAAU,YAAU;AAAC,UAAI,IAAE,EAAE,IAAF,CAAF;UAAU,IAAE,EAAE,IAAF,EAAF,CAAf,CAA0B,CAAE,QAAF,EAAY,GAAZ,CAAgB,EAAE,CAAC,SAAD,EAAW,UAAX,EAAsB,aAAtB,EAAoC,WAApC,EAAgD,WAAhD,EAA4D,QAA5D,EAAqE,aAArE,CAAF,EAAsF,EAAE,SAAF,CAAtF,CAAmG,IAAnG,CAAwG,GAAxG,CAAhB,EAA1B;KAAV,CAAf,CAAxB,IAA+M,IAAE,EAAC,KAAI,CAAJ,EAAM,KAAI,GAAJ,EAAQ,SAAQ,EAAR,EAAW,MAAK,CAAL,EAAO,UAAS,CAAT,EAAW,cAAa,GAAb,EAAiB,uBAAsB,OAAtB,EAA8B,mBAAkB,GAAlB,EAAsB,iBAAgB,CAAC,CAAD,EAAG,iBAAgB,gCAAhB,EAAiD,mBAAkB,kCAAlB,EAAqD,QAAO,EAAP,EAAU,SAAQ,EAAR,EAAW,mBAAkB,EAAlB,EAAqB,oBAAmB,EAAnB,EAAsB,SAAQ,CAAC,CAAD,EAAG,SAAQ,EAAR,EAAW,gBAAe,CAAC,CAAD,EAAG,YAAW,CAAC,CAAD,EAAG,kBAAiB,iBAAjB,EAAmC,gBAAe,iBAAf,EAArY;QAAua,IAAE,EAAC,KAAI,KAAJ,EAAU,KAAI,KAAJ,EAAU,SAAQ,UAAR,EAAmB,MAAK,MAAL,EAAY,UAAS,UAAT,EAAoB,cAAa,eAAb,EAA6B,iBAAgB,kBAAhB,EAAmC,iBAAgB,mBAAhB,EAAoC,mBAAkB,qBAAlB,EAAwC,uBAAsB,yBAAtB,EAAgD,mBAAkB,qBAAlB,EAAwC,QAAO,QAAP,EAAgB,SAAQ,SAAR,EAAkB,mBAAkB,oBAAlB,EAAuC,oBAAmB,qBAAnB,EAAyC,SAAQ,SAAR,EAAkB,SAAQ,SAAR,EAAkB,gBAAe,kBAAf,EAAkC,YAAW,aAAX,EAAyB,kBAAiB,mBAAjB,EAAqC,gBAAe,iBAAf,EAApiB,CAAvnB,OAAosC,KAAK,IAAL,CAAU,YAAU;AAAC,eAAS,CAAT,GAAY;AAAC,YAAG,CAAC,EAAE,IAAF,CAAO,oBAAP,CAAD,EAA8B;AAAC,cAAG,EAAE,IAAF,CAAO,oBAAP,EAA4B,CAAC,CAAD,CAA5B,EAAgC,KAAG,CAAH,EAAK,EAAE,IAAF,CAAO,WAAP,EAAmB,CAAnB,CAArC,EAA2D,CAAC,EAAE,EAAF,CAAK,OAAL,CAAD,EAAe,OAAO,KAAK,QAAQ,GAAR,CAAY,mBAAZ,CAAL,CAApF,CAA0H,IAAI,GAAJ,EAAQ,GAAR,EAAY,GAAZ,EAAgB,GAAhB,EAAoB,GAApB,EAAwB,GAAxB,EAA4B,GAA5B,EAAgC,EAAE,KAAF,CAAQ,GAAR,CAAY,SAAZ,EAAsB,OAAtB,CAAhC,CAA3H;SAAjC;OAAb,SAAkP,CAAT,GAAY;AAAC,eAAK,EAAE,OAAF,IAAW,OAAK,EAAE,GAAF,EAAL,IAAc,EAAE,GAAF,CAAM,EAAE,OAAF,CAApC,CAAD;OAAZ,SAAqE,CAAT,CAAW,CAAX,EAAa;AAAC,UAAE,CAAF,GAAK,GAAL,CAAD,IAAc,IAAE,EAAE,KAAF,CAAQ,GAAR,EAAF,CAAd,EAA8B,KAAK,CAAL,KAAS,IAAE,OAAO,EAAE,KAAF,CAAQ,GAAR,EAAP,CAAF,EAAwB,EAAE,KAAF,CAAQ,GAAR,CAAY,EAAE,OAAF,CAAU,EAAE,QAAF,CAAtB,CAAxB,CAAT,CAA9B;OAAb,SAAyH,CAAT,GAAY;AAAC,YAAE,EAAE,MAAF,CAAS,EAAT,EAAY,CAAZ,EAAc,CAAd,EAAgB,GAAhB,EAAoB,CAApB,CAAF,CAAD;OAAZ,SAA+C,CAAT,GAAY;AAAC,YAAI,IAAE,EAAF,CAAL,OAAiB,EAAE,IAAF,CAAO,CAAP,EAAS,UAAS,CAAT,EAAW,CAAX,EAAa;AAAC,cAAI,IAAE,SAAO,CAAP,CAAP,CAAgB,CAAE,EAAF,CAAK,WAAS,CAAT,GAAW,GAAX,CAAL,KAAuB,EAAE,CAAF,IAAK,EAAE,IAAF,CAAO,CAAP,CAAL,CAAvB,CAAhB;SAAb,CAAT,EAA+E,CAA/E,CAAjB;OAAZ,SAAuH,CAAT,CAAW,CAAX,EAAa;AAAC,YAAE,EAAE,MAAF,CAAS,EAAT,EAAY,CAAZ,EAAc,CAAd,CAAF,CAAD;OAAb,SAA0C,CAAT,GAAY;AAAC,YAAI,IAAE,EAAE,GAAF,EAAF;YAAU,IAAE,EAAE,MAAF,EAAF,CAAf,EAA4B,KAAK,CAAL,KAAS,IAAE,OAAO,CAAP,EAAU,OAAV,CAAkB,EAAE,QAAF,CAApB,CAAT,EAA0C,EAAE,IAAF,CAAO,WAAP,EAAmB,CAAnB,EAAsB,GAAtB,CAA0B,CAA1B,CAA1C,EAAuE,EAAE,QAAF,CAAW,cAAX,CAAvE,EAAkG,EAAE,QAAF,CAAW,aAAX,IAA0B,EAAE,CAAF,CAA1B,GAA+B,GAA/B,CAA9H;OAAZ,SAAsL,CAAT,CAAW,CAAX,EAAa;AAAC,UAAE,QAAF,CAAW,qBAAX,EAAD,IAAuC,CAAJ;YAAM,CAAN;YAAQ,IAAE,EAAE,IAAF,EAAF;YAAW,IAAE,EAAE,IAAF,EAAF;YAAW,IAAE,gEAA8D,EAAE,MAAF,GAAS,SAAvE;YAAiF,IAAE,iEAA+D,EAAE,OAAF,GAAU,SAAzE,CAAtJ,CAAyO,CAAE,QAAF,CAAW,iBAAX,KAA+B,IAAE,oBAAkB,EAAE,gBAAF,GAAmB,qDAArC,EAA2F,EAAE,MAAF,CAAS,CAAT,CAA7F,CAA/B,IAA0I,IAAE,kDAAgD,EAAE,gBAAF,GAAmB,4DAAnE,EAAgI,EAAE,CAAF,EAAK,YAAL,CAAkB,CAAlB,CAAlI,CAA1I,EAAkS,EAAE,QAAF,CAAW,iBAAX,KAA+B,IAAE,oBAAkB,EAAE,cAAF,GAAiB,mDAAnC,EAAuF,EAAE,OAAF,CAAU,CAAV,CAAzF,CAA/B,IAAuI,IAAE,kDAAgD,EAAE,cAAF,GAAiB,0DAAjE,EAA4H,EAAE,CAAF,EAAK,WAAL,CAAiB,CAAjB,CAA9H,CAAvI,EAA0R,EAAE,CAAF,EAAK,YAAL,CAAkB,CAAlB,CAA5jB,EAAilB,EAAE,CAAF,EAAK,WAAL,CAAiB,CAAjB,CAAjlB,EAAqmB,IAAE,CAAF,CAA90B;OAAb,SAAw2B,CAAT,GAAY;AAAC,YAAI,CAAJ,CAAD,CAAO,GAAE,EAAE,eAAF,GAAkB,6GAA2G,EAAE,MAAF,GAAS,qEAApH,GAA0L,EAAE,OAAF,GAAU,+DAApM,GAAoQ,EAAE,gBAAF,GAAmB,mDAAvR,GAA2U,EAAE,eAAF,GAAkB,gCAA7V,GAA8X,EAAE,cAAF,GAAiB,qDAA/Y,GAAqc,EAAE,iBAAF,GAAoB,8BAAzd,GAAwf,+FAA6F,EAAE,gBAAF,GAAmB,uHAAhH,GAAwO,EAAE,MAAF,GAAS,qEAAjP,GAAuT,EAAE,OAAF,GAAU,sDAAjU,GAAwX,EAAE,cAAF,GAAiB,gEAAzY,EAA0c,IAAE,EAAE,CAAF,EAAK,YAAL,CAAkB,CAAlB,CAAF,EAAuB,EAAE,6BAAF,EAAgC,CAAhC,EAAmC,KAAnC,CAAyC,CAAzC,CAA7+B,EAAyhC,EAAE,QAAF,CAAW,UAAX,IAAuB,EAAE,QAAF,CAAW,gBAAX,CAAvB,GAAoD,EAAE,QAAF,CAAW,UAAX,KAAwB,EAAE,QAAF,CAAW,gBAAX,CAAxB,CAAplC;OAAZ,SAA8pC,CAAT,GAAY;AAAC,YAAE,EAAC,MAAK,EAAE,2BAAF,EAA8B,CAA9B,CAAL,EAAsC,IAAG,EAAE,yBAAF,EAA4B,CAA5B,CAAH,EAAkC,OAAM,EAAE,OAAF,EAAU,CAAV,CAAN,EAAmB,QAAO,EAAE,6BAAF,EAAgC,CAAhC,EAAmC,QAAnC,CAA4C,EAAE,iBAAF,CAAnD,EAAwE,SAAQ,EAAE,8BAAF,EAAiC,CAAjC,EAAoC,QAApC,CAA6C,EAAE,kBAAF,CAArD,EAAtK,CAAD;OAAZ,SAAwQ,CAAT,GAAY;AAAC,eAAK,EAAE,MAAF,IAAU,EAAE,MAAF,CAAS,IAAT,EAAf,EAA+B,OAAK,EAAE,OAAF,IAAW,EAAE,OAAF,CAAU,IAAV,EAAhB,CAAhC;OAAZ,SAAsF,CAAT,GAAY;AAAC,UAAE,EAAF,CAAK,SAAL,EAAe,UAAS,CAAT,EAAW;AAAC,cAAI,IAAE,EAAE,OAAF,IAAW,EAAE,KAAF,CAAlB,EAA0B,KAAK,CAAL,IAAQ,SAAO,CAAP,KAAW,KAAI,GAAJ,CAAX,EAAoB,EAAE,cAAF,EAApB,CAAR,GAAgD,OAAK,CAAL,KAAS,WAAS,CAAT,KAAa,KAAI,GAAJ,CAAb,EAAsB,EAAE,cAAF,EAAtB,CAAT,CAA1E;SAAX,CAAf,EAAyJ,EAAE,EAAF,CAAK,OAAL,EAAa,UAAS,CAAT,EAAW;AAAC,cAAI,IAAE,EAAE,OAAF,IAAW,EAAE,KAAF,CAAlB,EAA0B,KAAK,CAAL,GAAO,GAAP,GAAW,OAAK,CAAL,IAAQ,GAAR,CAArC;SAAX,CAAtK,EAAoO,EAAE,EAAF,CAAK,MAAL,EAAY,YAAU;AAAC,cAAD;SAAV,CAAhP,EAAiQ,EAAE,IAAF,CAAO,EAAP,CAAU,SAAV,EAAoB,UAAS,CAAT,EAAW;AAAC,cAAI,IAAE,EAAE,OAAF,IAAW,EAAE,KAAF,CAAlB,CAA2B,OAAK,CAAL,IAAQ,OAAK,CAAL,CAAT,KAAmB,WAAS,CAAT,KAAa,KAAI,GAAJ,CAAb,EAAsB,EAAE,cAAF,EAAtB,CAAnB,CAA1B;SAAX,CAArR,EAAyX,EAAE,IAAF,CAAO,EAAP,CAAU,OAAV,EAAkB,UAAS,CAAT,EAAW;AAAC,cAAI,IAAE,EAAE,OAAF,IAAW,EAAE,KAAF,CAAlB,CAA2B,OAAK,CAAL,IAAQ,OAAK,CAAL,CAAT,IAAkB,GAAlB,CAA1B;SAAX,CAA3Y,EAAwc,EAAE,EAAF,CAAK,EAAL,CAAQ,SAAR,EAAkB,UAAS,CAAT,EAAW;AAAC,cAAI,IAAE,EAAE,OAAF,IAAW,EAAE,KAAF,CAAlB,CAA2B,OAAK,CAAL,IAAQ,OAAK,CAAL,CAAT,KAAmB,SAAO,CAAP,KAAW,KAAI,GAAJ,CAAX,EAAoB,EAAE,cAAF,EAApB,CAAnB,CAA1B;SAAX,CAA1d,EAA4jB,EAAE,EAAF,CAAK,EAAL,CAAQ,OAAR,EAAgB,UAAS,CAAT,EAAW;AAAC,cAAI,IAAE,EAAE,OAAF,IAAW,EAAE,KAAF,CAAlB,CAA2B,OAAK,CAAL,IAAQ,OAAK,CAAL,CAAT,IAAkB,GAAlB,CAA1B;SAAX,CAA5kB,EAAyoB,EAAE,IAAF,CAAO,EAAP,CAAU,qBAAV,EAAgC,UAAS,CAAT,EAAW;AAAC,YAAE,IAAF,CAAO,GAAP,CAAW,sBAAX,GAAmC,EAAE,EAAF,CAAK,WAAL,MAAoB,KAAI,GAAJ,EAAQ,EAAE,cAAF,EAAR,EAA2B,EAAE,eAAF,EAA3B,CAApB,CAApC;SAAX,CAAzqB,EAA8xB,EAAE,IAAF,CAAO,EAAP,CAAU,sBAAV,EAAiC,UAAS,CAAT,EAAW;AAAC,YAAE,IAAF,CAAO,GAAP,CAAW,qBAAX,GAAkC,EAAE,EAAF,CAAK,WAAL,MAAoB,KAAI,GAAJ,EAAQ,EAAE,cAAF,EAAR,EAA2B,EAAE,eAAF,EAA3B,CAApB,CAAnC;SAAX,CAA/zB,EAAm7B,EAAE,EAAF,CAAK,EAAL,CAAQ,qBAAR,EAA8B,UAAS,CAAT,EAAW;AAAC,YAAE,EAAF,CAAK,GAAL,CAAS,sBAAT,GAAiC,EAAE,EAAF,CAAK,WAAL,MAAoB,KAAI,GAAJ,EAAQ,EAAE,cAAF,EAAR,EAA2B,EAAE,eAAF,EAA3B,CAApB,CAAlC;SAAX,CAAj9B,EAAokC,EAAE,EAAF,CAAK,EAAL,CAAQ,sBAAR,EAA+B,UAAS,CAAT,EAAW;AAAC,YAAE,EAAF,CAAK,GAAL,CAAS,qBAAT,GAAgC,EAAE,EAAF,CAAK,WAAL,MAAoB,KAAI,GAAJ,EAAQ,EAAE,cAAF,EAAR,EAA2B,EAAE,eAAF,EAA3B,CAApB,CAAjC;SAAX,CAAnmC,EAAqtC,EAAE,EAAF,CAAK,EAAL,CAAQ,0CAAR,EAAmD,UAAS,CAAT,EAAW;AAAC,gBAAI,EAAE,eAAF,IAAoB,GAApB,CAAJ,CAAD;SAAX,CAAxwC,EAAmzC,EAAE,IAAF,CAAO,EAAP,CAAU,0CAAV,EAAqD,UAAS,CAAT,EAAW;AAAC,gBAAI,EAAE,eAAF,IAAoB,GAApB,CAAJ,CAAD;SAAX,CAAx2C,EAAm5C,EAAE,IAAF,CAAO,EAAP,CAAU,qBAAV,EAAgC,UAAS,CAAT,EAAW;AAAC,gBAAI,EAAE,eAAF,IAAoB,EAAE,cAAF,EAApB,CAAJ,CAAD;SAAX,CAAn7C,EAA6+C,EAAE,EAAF,CAAK,EAAL,CAAQ,qBAAR,EAA8B,UAAS,CAAT,EAAW;AAAC,gBAAI,EAAE,eAAF,IAAoB,EAAE,cAAF,EAApB,CAAJ,CAAD;SAAX,CAA3gD,EAAqkD,EAAE,QAAF,EAAY,EAAZ,CAAe,EAAE,CAAC,SAAD,EAAW,UAAX,EAAsB,aAAtB,CAAF,EAAuC,CAAvC,EAA0C,IAA1C,CAA+C,GAA/C,CAAf,EAAmE,UAAS,CAAT,EAAW;AAAC,gBAAI,EAAE,cAAF,IAAmB,GAAnB,CAAJ,CAAD;SAAX,CAAxoD,EAAkrD,EAAE,QAAF,EAAY,EAAZ,CAAe,EAAE,CAAC,WAAD,EAAa,WAAb,EAAyB,QAAzB,EAAkC,aAAlC,CAAF,EAAmD,CAAnD,EAAsD,IAAtD,CAA2D,GAA3D,CAAf,EAA+E,UAAS,CAAT,EAAW;AAAC,gBAAI,EAAE,cAAF,IAAmB,GAAnB,CAAJ,CAAD;SAAX,CAAjwD,EAA2yD,EAAE,EAAF,CAAK,2BAAL,EAAiC,UAAS,CAAT,EAAW;AAAC,cAAG,EAAE,UAAF,IAAc,EAAE,EAAF,CAAK,QAAL,CAAd,EAA6B;AAAC,gBAAI,IAAE,EAAE,aAAF,CAAgB,UAAhB,IAA4B,CAAC,EAAE,aAAF,CAAgB,MAAhB,IAAwB,CAAC,EAAE,aAAF,CAAgB,MAAhB,CAA7D,CAAoF,CAAE,eAAF,IAAoB,EAAE,cAAF,EAApB,EAAuC,IAAE,CAAF,GAAI,GAAJ,GAAQ,GAAR,CAA3H;WAAhC;SAAZ,CAA50D,CAAD;OAAZ,SAAwhE,CAAT,GAAY;AAAC,UAAE,EAAF,CAAK,kBAAL,EAAwB,YAAU;AAAC,eAAI,GAAJ,CAAD;SAAV,CAAxB,EAA6C,EAAE,EAAF,CAAK,oBAAL,EAA0B,YAAU;AAAC,eAAI,GAAJ,CAAD;SAAV,CAAvE,EAA4F,EAAE,EAAF,CAAK,uBAAL,EAA6B,YAAU;AAAC,cAAD;SAAV,CAAzH,EAA0I,EAAE,EAAF,CAAK,yBAAL,EAA+B,YAAU;AAAC,cAAD;SAAV,CAAzK,EAA0L,EAAE,EAAF,CAAK,oBAAL,EAA0B,YAAU;AAAC,cAAD;SAAV,CAApN,EAAqO,EAAE,EAAF,CAAK,0BAAL,EAAgC,UAAS,CAAT,EAAW,CAAX,EAAa;AAAC,YAAE,CAAF,EAAD;SAAb,CAArQ,CAAD;OAAZ,SAAgT,CAAT,CAAW,CAAX,EAAa;AAAC,gBAAO,EAAE,qBAAF,GAAyB,KAAI,OAAJ;AAAY,mBAAM,CAAC,KAAK,KAAL,CAAW,IAAE,EAAE,IAAF,CAAb,GAAqB,EAAE,IAAF,CAAtB,CAA8B,OAA9B,CAAsC,EAAE,QAAF,CAA5C,CAAZ,KAAwE,OAAJ;AAAY,mBAAM,CAAC,KAAK,KAAL,CAAW,IAAE,EAAE,IAAF,CAAb,GAAqB,EAAE,IAAF,CAAtB,CAA8B,OAA9B,CAAsC,EAAE,QAAF,CAA5C,CAAZ,KAAwE,MAAJ;AAAW,mBAAM,CAAC,KAAK,IAAL,CAAU,IAAE,EAAE,IAAF,CAAZ,GAAoB,EAAE,IAAF,CAArB,CAA6B,OAA7B,CAAqC,EAAE,QAAF,CAA3C,CAAX;AAA0E,mBAAO,CAAP,CAAR,CAA3O;OAAb,SAAmR,CAAT,GAAY;AAAC,YAAI,CAAJ,EAAM,CAAN,EAAQ,CAAR,CAAD,CAAW,GAAE,EAAE,GAAF,EAAF,EAAU,OAAK,CAAL,KAAS,EAAE,QAAF,GAAW,CAAX,IAAc,QAAM,CAAN,KAAU,IAAE,WAAW,CAAX,CAAF,EAAgB,MAAM,CAAN,MAAW,IAAE,CAAF,CAAX,EAAgB,IAAE,CAAF,EAAI,EAAE,QAAF,OAAe,CAAf,KAAmB,IAAE,CAAF,CAAnB,EAAwB,IAAE,EAAE,GAAF,KAAQ,IAAE,EAAE,GAAF,CAAZ,EAAmB,IAAE,EAAE,GAAF,KAAQ,IAAE,EAAE,GAAF,CAAZ,EAAmB,IAAE,EAAE,CAAF,CAAF,EAAO,OAAO,CAAP,EAAU,QAAV,OAAuB,EAAE,QAAF,EAAvB,KAAsC,EAAE,GAAF,CAAM,CAAN,GAAS,EAAE,OAAF,CAAU,QAAV,CAAT,CAAtC,CAAjI,CAAT,CAArB;OAAZ,SAA0P,CAAT,GAAY;AAAC,YAAG,EAAE,OAAF,EAAU;AAAC,cAAI,IAAE,KAAK,GAAL,CAAS,CAAT,EAAW,KAAK,KAAL,CAAW,IAAE,EAAE,OAAF,CAAxB,IAAoC,EAAE,IAAF,CAA3C,OAAyD,EAAE,cAAF,IAAkB,IAAE,EAAE,cAAF,KAAmB,IAAE,EAAE,cAAF,EAAiB,IAAE,KAAK,KAAL,CAAW,IAAE,CAAF,CAAX,GAAgB,CAAhB,CAA5D,EAA+E,KAAK,GAAL,CAAS,EAAE,IAAF,EAAO,CAAhB,CAA/E,CAAzD;SAAb,OAA+K,EAAE,IAAF,CAAhL;OAAZ,SAA4M,CAAT,GAAY;AAAC,aAAI,IAAE,WAAW,EAAE,KAAF,CAAQ,GAAR,EAAX,CAAF,EAA4B,MAAM,CAAN,MAAW,IAAE,CAAF,CAAX,CAAjC,IAAqD,IAAE,CAAF;YAAI,IAAE,GAAF,CAAzD,CAA+D,IAAG,CAAH,EAAK,IAAE,EAAE,GAAF,KAAQ,IAAE,EAAE,GAAF,EAAM,EAAE,OAAF,CAAU,kBAAV,CAAR,EAAsC,GAAtC,CAAV,EAAqD,EAAE,KAAF,CAAQ,GAAR,CAAY,OAAO,CAAP,EAAU,OAAV,CAAkB,EAAE,QAAF,CAA9B,CAA1D,EAAqG,MAAI,CAAJ,IAAO,EAAE,OAAF,CAAU,QAAV,CAAP,CAApK;OAAZ,SAAoN,CAAT,GAAY;AAAC,aAAI,IAAE,WAAW,EAAE,KAAF,CAAQ,GAAR,EAAX,CAAF,EAA4B,MAAM,CAAN,MAAW,IAAE,CAAF,CAAX,CAAjC,IAAqD,IAAE,CAAF;YAAI,IAAE,GAAF,CAAzD,CAA+D,IAAG,CAAH,EAAK,IAAE,EAAE,GAAF,KAAQ,IAAE,EAAE,GAAF,EAAM,EAAE,OAAF,CAAU,kBAAV,CAAR,EAAsC,GAAtC,CAAV,EAAqD,EAAE,KAAF,CAAQ,GAAR,CAAY,EAAE,OAAF,CAAU,EAAE,QAAF,CAAtB,CAA1D,EAA6F,MAAI,CAAJ,IAAO,EAAE,OAAF,CAAU,QAAV,CAAP,CAA5J;OAAZ,SAA4M,CAAT,GAAY;AAAC,aAAI,IAAE,CAAF,EAAI,IAAE,MAAF,EAAS,EAAE,OAAF,CAAU,wBAAV,CAAjB,EAAqD,EAAE,OAAF,CAAU,4BAAV,CAArD,EAA6F,IAAE,WAAW,YAAU;AAAC,cAAE,YAAY,YAAU;AAAC,iBAAI,GAAJ,CAAD;WAAV,EAAoB,EAAE,YAAF,CAAlC,CAAD;SAAV,EAA8D,EAAE,iBAAF,CAA3E,CAA9F;OAAZ,SAAmN,CAAT,GAAY;AAAC,aAAI,IAAE,CAAF,EAAI,IAAE,IAAF,EAAO,EAAE,OAAF,CAAU,wBAAV,CAAf,EAAmD,EAAE,OAAF,CAAU,0BAAV,CAAnD,EAAyF,IAAE,WAAW,YAAU;AAAC,cAAE,YAAY,YAAU;AAAC,iBAAI,GAAJ,CAAD;WAAV,EAAoB,EAAE,YAAF,CAAlC,CAAD;SAAV,EAA8D,EAAE,iBAAF,CAA3E,CAA1F;OAAZ,SAA+M,CAAT,GAAY;AAAC,gBAAO,aAAa,CAAb,GAAgB,aAAa,CAAb,CAAhB,EAAgC,cAAc,CAAd,CAAhC,EAAiD,cAAc,CAAd,CAAjD,EAAkE,CAAlE,GAAqE,KAAI,IAAJ;AAAS,cAAE,OAAF,CAAU,yBAAV,GAAqC,EAAE,OAAF,CAAU,uBAAV,CAArC,CAAT,MAA5E,KAAuK,MAAJ;AAAW,cAAE,OAAF,CAAU,2BAAV,GAAuC,EAAE,OAAF,CAAU,uBAAV,CAAvC,CAAX,CAApK,CAAyP,GAAE,CAAF,EAAI,IAAE,CAAC,CAAD,CAA/P;OAAZ,IAAkR,CAAJ;UAAM,CAAN;UAAQ,CAAR;UAAU,CAAV;UAAY,CAAZ;UAAc,CAAd;UAAgB,CAAhB;UAAkB,CAAlB;UAAoB,IAAE,EAAE,IAAF,CAAF;UAAU,IAAE,EAAE,IAAF,EAAF;UAAW,IAAE,CAAF;UAAI,IAAE,CAAC,CAAD,CAAvoO,CAA0oO,GAA1oO;KAAV,CAAjB,CAA7rC;GAAX,CAAzI;CAAX,CAAygR,MAAzgR,CAAD","file":"/client/lib/compatibility/slicklab/js/touchspin.js.map","sourcesContent":["/**\n * Touchspin\n * Spinner\n * https://github.com/istvan-ujjmeszaros/bootstrap-touchspin\n * */\n!function(t){\"use strict\";function o(t,o){return t+\".touchspin_\"+o}function n(n,s){return t.map(n,function(t){return o(t,s)})}var s=0;t.fn.TouchSpin=function(o){if(\"destroy\"===o)return void this.each(function(){var o=t(this),s=o.data();t(document).off(n([\"mouseup\",\"touchend\",\"touchcancel\",\"mousemove\",\"touchmove\",\"scroll\",\"scrollstart\"],s.spinnerid).join(\" \"))});var i={min:0,max:100,initval:\"\",step:1,decimals:0,stepinterval:100,forcestepdivisibility:\"round\",stepintervaldelay:500,verticalbuttons:!1,verticalupclass:\"glyphicon glyphicon-chevron-up\",verticaldownclass:\"glyphicon glyphicon-chevron-down\",prefix:\"\",postfix:\"\",prefix_extraclass:\"\",postfix_extraclass:\"\",booster:!0,boostat:10,maxboostedstep:!1,mousewheel:!0,buttondown_class:\"btn btn-default\",buttonup_class:\"btn btn-default\"},a={min:\"min\",max:\"max\",initval:\"init-val\",step:\"step\",decimals:\"decimals\",stepinterval:\"step-interval\",verticalbuttons:\"vertical-buttons\",verticalupclass:\"vertical-up-class\",verticaldownclass:\"vertical-down-class\",forcestepdivisibility:\"force-step-divisibility\",stepintervaldelay:\"step-interval-delay\",prefix:\"prefix\",postfix:\"postfix\",prefix_extraclass:\"prefix-extra-class\",postfix_extraclass:\"postfix-extra-class\",booster:\"booster\",boostat:\"boostat\",maxboostedstep:\"max-boosted-step\",mousewheel:\"mouse-wheel\",buttondown_class:\"button-down-class\",buttonup_class:\"button-up-class\"};return this.each(function(){function e(){if(!E.data(\"alreadyinitialized\")){if(E.data(\"alreadyinitialized\",!0),s+=1,E.data(\"spinnerid\",s),!E.is(\"input\"))return void console.log(\"Must be an input.\");r(),u(),w(),d(),b(),v(),m(),g(),P.input.css(\"display\",\"block\")}}function u(){\"\"!==M.initval&&\"\"===E.val()&&E.val(M.initval)}function p(t){l(t),w();var o=P.input.val();\"\"!==o&&(o=Number(P.input.val()),P.input.val(o.toFixed(M.decimals)))}function r(){M=t.extend({},i,z,c(),o)}function c(){var o={};return t.each(a,function(t,n){var s=\"bts-\"+n;E.is(\"[data-\"+s+\"]\")&&(o[t]=E.data(s))}),o}function l(o){M=t.extend({},M,o)}function d(){var t=E.val(),o=E.parent();\"\"!==t&&(t=Number(t).toFixed(M.decimals)),E.data(\"initvalue\",t).val(t),E.addClass(\"form-control\"),o.hasClass(\"input-group\")?f(o):h()}function f(o){o.addClass(\"bootstrap-touchspin\");var n,s,i=E.prev(),a=E.next(),e='<span class=\"input-group-addon bootstrap-touchspin-prefix\">'+M.prefix+\"</span>\",u='<span class=\"input-group-addon bootstrap-touchspin-postfix\">'+M.postfix+\"</span>\";i.hasClass(\"input-group-btn\")?(n='<button class=\"'+M.buttondown_class+' bootstrap-touchspin-down\" type=\"button\">-</button>',i.append(n)):(n='<span class=\"input-group-btn\"><button class=\"'+M.buttondown_class+' bootstrap-touchspin-down\" type=\"button\">-</button></span>',t(n).insertBefore(E)),a.hasClass(\"input-group-btn\")?(s='<button class=\"'+M.buttonup_class+' bootstrap-touchspin-up\" type=\"button\">+</button>',a.prepend(s)):(s='<span class=\"input-group-btn\"><button class=\"'+M.buttonup_class+' bootstrap-touchspin-up\" type=\"button\">+</button></span>',t(s).insertAfter(E)),t(e).insertBefore(E),t(u).insertAfter(E),N=o}function h(){var o;o=M.verticalbuttons?'<div class=\"input-group bootstrap-touchspin\"><span class=\"input-group-addon bootstrap-touchspin-prefix\">'+M.prefix+'</span><span class=\"input-group-addon bootstrap-touchspin-postfix\">'+M.postfix+'</span><span class=\"input-group-btn-vertical\"><button class=\"'+M.buttondown_class+' bootstrap-touchspin-up\" type=\"button\"><i class=\"'+M.verticalupclass+'\"></i></button><button class=\"'+M.buttonup_class+' bootstrap-touchspin-down\" type=\"button\"><i class=\"'+M.verticaldownclass+'\"></i></button></span></div>':'<div class=\"input-group bootstrap-touchspin\"><span class=\"input-group-btn\"><button class=\"'+M.buttondown_class+' bootstrap-touchspin-down\" type=\"button\">-</button></span><span class=\"input-group-addon bootstrap-touchspin-prefix\">'+M.prefix+'</span><span class=\"input-group-addon bootstrap-touchspin-postfix\">'+M.postfix+'</span><span class=\"input-group-btn\"><button class=\"'+M.buttonup_class+' bootstrap-touchspin-up\" type=\"button\">+</button></span></div>',N=t(o).insertBefore(E),t(\".bootstrap-touchspin-prefix\",N).after(E),E.hasClass(\"input-sm\")?N.addClass(\"input-group-sm\"):E.hasClass(\"input-lg\")&&N.addClass(\"input-group-lg\")}function b(){P={down:t(\".bootstrap-touchspin-down\",N),up:t(\".bootstrap-touchspin-up\",N),input:t(\"input\",N),prefix:t(\".bootstrap-touchspin-prefix\",N).addClass(M.prefix_extraclass),postfix:t(\".bootstrap-touchspin-postfix\",N).addClass(M.postfix_extraclass)}}function v(){\"\"===M.prefix&&P.prefix.hide(),\"\"===M.postfix&&P.postfix.hide()}function m(){E.on(\"keydown\",function(t){var o=t.keyCode||t.which;38===o?(\"up\"!==O&&(_(),k()),t.preventDefault()):40===o&&(\"down\"!==O&&(C(),D()),t.preventDefault())}),E.on(\"keyup\",function(t){var o=t.keyCode||t.which;38===o?F():40===o&&F()}),E.on(\"blur\",function(){w()}),P.down.on(\"keydown\",function(t){var o=t.keyCode||t.which;(32===o||13===o)&&(\"down\"!==O&&(C(),D()),t.preventDefault())}),P.down.on(\"keyup\",function(t){var o=t.keyCode||t.which;(32===o||13===o)&&F()}),P.up.on(\"keydown\",function(t){var o=t.keyCode||t.which;(32===o||13===o)&&(\"up\"!==O&&(_(),k()),t.preventDefault())}),P.up.on(\"keyup\",function(t){var o=t.keyCode||t.which;(32===o||13===o)&&F()}),P.down.on(\"mousedown.touchspin\",function(t){P.down.off(\"touchstart.touchspin\"),E.is(\":disabled\")||(C(),D(),t.preventDefault(),t.stopPropagation())}),P.down.on(\"touchstart.touchspin\",function(t){P.down.off(\"mousedown.touchspin\"),E.is(\":disabled\")||(C(),D(),t.preventDefault(),t.stopPropagation())}),P.up.on(\"mousedown.touchspin\",function(t){P.up.off(\"touchstart.touchspin\"),E.is(\":disabled\")||(_(),k(),t.preventDefault(),t.stopPropagation())}),P.up.on(\"touchstart.touchspin\",function(t){P.up.off(\"mousedown.touchspin\"),E.is(\":disabled\")||(_(),k(),t.preventDefault(),t.stopPropagation())}),P.up.on(\"mouseout touchleave touchend touchcancel\",function(t){O&&(t.stopPropagation(),F())}),P.down.on(\"mouseout touchleave touchend touchcancel\",function(t){O&&(t.stopPropagation(),F())}),P.down.on(\"mousemove touchmove\",function(t){O&&(t.stopPropagation(),t.preventDefault())}),P.up.on(\"mousemove touchmove\",function(t){O&&(t.stopPropagation(),t.preventDefault())}),t(document).on(n([\"mouseup\",\"touchend\",\"touchcancel\"],s).join(\" \"),function(t){O&&(t.preventDefault(),F())}),t(document).on(n([\"mousemove\",\"touchmove\",\"scroll\",\"scrollstart\"],s).join(\" \"),function(t){O&&(t.preventDefault(),F())}),E.on(\"mousewheel DOMMouseScroll\",function(t){if(M.mousewheel&&E.is(\":focus\")){var o=t.originalEvent.wheelDelta||-t.originalEvent.deltaY||-t.originalEvent.detail;t.stopPropagation(),t.preventDefault(),0>o?C():_()}})}function g(){E.on(\"touchspin.uponce\",function(){F(),_()}),E.on(\"touchspin.downonce\",function(){F(),C()}),E.on(\"touchspin.startupspin\",function(){k()}),E.on(\"touchspin.startdownspin\",function(){D()}),E.on(\"touchspin.stopspin\",function(){F()}),E.on(\"touchspin.updatesettings\",function(t,o){p(o)})}function x(t){switch(M.forcestepdivisibility){case\"round\":return(Math.round(t/M.step)*M.step).toFixed(M.decimals);case\"floor\":return(Math.floor(t/M.step)*M.step).toFixed(M.decimals);case\"ceil\":return(Math.ceil(t/M.step)*M.step).toFixed(M.decimals);default:return t}}function w(){var t,o,n;t=E.val(),\"\"!==t&&(M.decimals>0&&\".\"===t||(o=parseFloat(t),isNaN(o)&&(o=0),n=o,o.toString()!==t&&(n=o),o<M.min&&(n=M.min),o>M.max&&(n=M.max),n=x(n),Number(t).toString()!==n.toString()&&(E.val(n),E.trigger(\"change\"))))}function y(){if(M.booster){var t=Math.pow(2,Math.floor(A/M.boostat))*M.step;return M.maxboostedstep&&t>M.maxboostedstep&&(t=M.maxboostedstep,S=Math.round(S/t)*t),Math.max(M.step,t)}return M.step}function _(){w(),S=parseFloat(P.input.val()),isNaN(S)&&(S=0);var t=S,o=y();S+=o,S>M.max&&(S=M.max,E.trigger(\"touchspin.on.max\"),F()),P.input.val(Number(S).toFixed(M.decimals)),t!==S&&E.trigger(\"change\")}function C(){w(),S=parseFloat(P.input.val()),isNaN(S)&&(S=0);var t=S,o=y();S-=o,S<M.min&&(S=M.min,E.trigger(\"touchspin.on.min\"),F()),P.input.val(S.toFixed(M.decimals)),t!==S&&E.trigger(\"change\")}function D(){F(),A=0,O=\"down\",E.trigger(\"touchspin.on.startspin\"),E.trigger(\"touchspin.on.startdownspin\"),I=setTimeout(function(){T=setInterval(function(){A++,C()},M.stepinterval)},M.stepintervaldelay)}function k(){F(),A=0,O=\"up\",E.trigger(\"touchspin.on.startspin\"),E.trigger(\"touchspin.on.startupspin\"),B=setTimeout(function(){j=setInterval(function(){A++,_()},M.stepinterval)},M.stepintervaldelay)}function F(){switch(clearTimeout(I),clearTimeout(B),clearInterval(T),clearInterval(j),O){case\"up\":E.trigger(\"touchspin.on.stopupspin\"),E.trigger(\"touchspin.on.stopspin\");break;case\"down\":E.trigger(\"touchspin.on.stopdownspin\"),E.trigger(\"touchspin.on.stopspin\")}A=0,O=!1}var M,N,P,S,T,j,I,B,E=t(this),z=E.data(),A=0,O=!1;e()})}}(jQuery);\n"]},"hash":"fdd571302d6389f72b4c5a126024d15157f35857"}
